sleeper_id,player_id,player_name,team,position,depth_chart_order,depth_chart_position,injury_status,injury_body_part,status,years_exp
6462, 00-0035057,Ellis Richardson,,TE,,,,,Active,3.0
1875,00-0031296,C.J. Mosley,,LB,,,,,Active,11.0
995,00-0028445,Ron Parker,,FS,,,,,Injured Reserve,11.0
1408,00-0030496,Le'Veon Bell,,RB,,,,,Active,9.0
156,00-0025557,William Gay,,CB,,,,,Inactive,13.0
2091, 00-0031052,Bashaud Breeland,ARI,CB,,,,,Active,8.0
2199,00-0031255,Kasim Edebali,,DE,,,,,Inactive,8.0
2064,00-0031411,DeMarcus Lawrence,SEA,DE,1.0,LOLB,,,Active,12.0
2801,00-0031511,DeAndrew White,,WR,,,,,Inactive,7.0
4501,00-0033501,Devaroe Lawrence,,DT,,,,,Active,5.0
5852, 00-0035684,DeAndre Baker,,CB,,,,,Active,3.0
3374,00-0032942,Kevon Seymour,,CB,,,,,Active,10.0
1982,00-0031259,Aaron Colvin,,CB,,,,,Active,8.0
2474,00-0031598,Nick Boyle,,TE,,,,,Active,8.0
6648, 00-0035477,Brock Ruble,,OT,,,,,Active,3.0
3342,00-0032791,Jakeem Grant,,WR,,,,,Active,8.0
1684,00-0030300,Jaron Brown,,WR,,,,,Active,9.0
3268,00-0033038,Eric Murray,JAX,DB,1.0,FS,,,Active,10.0
4449,00-0033445,Nicholas Morrow,,LB,,,,,Active,8.0
6137, 00-0035308,Tommy Sweeney,,TE,,,,,Active,6.0
5668,00-0034668,Aaron Stinnie,NYG,G,,OL,,,Active,8.0
3561,00-0032583,Bryce Williams,,TE,,,,,Active,6.0
3356,00-0032433,Kyle Murphy,NO,OT,,,,,Active,6.0
5038,00-0034764,Michael Gallup,,WR,,,,,Active,7.0
4433,00-0033453,Xavier Coleman,,CB,,,,,Inactive,5.0
1195,00-0029613,Doug Martin,,RB,,,,,Inactive,10.0
2023,00-0031060,De'Anthony Thomas,,WR,,,,,Inactive,8.0
5592,00-0034328,Tejan Koroma,,C,,,,,Active,4.0
221,00-0025549,Brent Celek,,TE,,,,,Inactive,13.0
5965, 00-0035703,Miles Boykin,,WR,,,,,Active,6.0
4992,00-0034860,Dante Pettis,,WR,,,,,Active,8.0
1590, 00-0030548,Eric Reid,,SS,,,,,Active,9.0
4529,00-0033608,Ryan Lewis,,CB,,,,,Inactive,5.0
439,00-0026027,JJ Jansen,CAR,LS,,LS,,,Active,18.0
1510,00-0030046,Jordan Mills,,T,,,,,Active,9.0
3620, 00-0032482,Bralon Addison,,WR,,,,,Inactive,6.0
1995,00-0031309,Telvin Smith,,LB,,,,,Injured Reserve,8.0
4828,00-0034034,Rashard Davis,,WR,,,,,Active,5.0
4396,00-0033407,Drew Morgan,,WR,,,,,Active,5.0
4038,00-0033460,John Ross,,WR,,,,,Active,7.0
1148,00-0029647,Kyle Wilber,,LB,,,,,Active,10.0
3730,00-0032728,Tevin Jones,,WR,,,,,Active,6.0
2330,00-0031550,Shaq Thompson,BUF,LB,,,,,Active,11.0
5718,00-0034725,Ryan Yurachek,,TE,,,,,Active,4.0
5619,00-0034654,Dalyn Dawkins,,RB,,,,,Active,4.0
5122,00-0034414,Boston Scott,,RB,,,,,Active,6.0
5031,00-0034754,Oren Burks,CIN,LB,1.0,ROLB,,,Active,8.0
6478, 00-0034947,Ryan Crozier,,G,,,,,Active,3.0
2109,00-0031128,Ryan Groy,,G,,,,,Inactive,8.0
5003,00-0034755,Shaquem Griffin,,LB,,,,,Active,4.0
3054,00-0032078,Tyreek Burwell,,T,,,,,Inactive,5.0
2320,00-0032144,Melvin Gordon,,RB,,,,,Active,9.0
1895,00-0031288,AJ McCarron,,QB,,,,,Active,10.0
5040,00-0034263,Tarvarius Moore,,DB,,,,,Active,7.0
2496,00-0032068,Malcolm Johnson,,FB,,,,,Active,7.0
3728,00-0032649,Brian Price,,DT,,,,,Injured Reserve,6.0
6581, 00-0035521,Derick Roberson,,LB,,,,,Active,3.0
1660,00-0030020,Brynden Trawick,,FS,,,,,Active,9.0
3040, 00-0031997,David Irving,,DE,,,,,Inactive,7.0
3488,00-0032577,D.J. Foster,,RB,,,,,Inactive,6.0
5557,00-0034232,Emmanuel Beal,,ILB,,,,,Active,4.0
1412,00-0030412,Shamarko Thomas,,SS,,,,,Inactive,9.0
4281,00-0033794,Josh Carraway,,OLB,,,,,Inactive,5.0
1387,00-0030288,Rex Burkhead,,RB,,,,,Active,10.0
5832, 00-0034904,Mercy Maston,,CB,,,,,Active,3.0
6559, 00-0035439,Tanner Volson,,C,,,,,Active,3.0
1172,00-0029187,Don Barclay,,G,,,,,Inactive,8.0
5617,00-0034651,Austin Barnard,,P,,,,,Active,4.0
5664,00-0034588,Trent Harris,,LB,,,,,Active,5.0
4065,00-0033876,Derek Barnett,CLE,DE,2.0,LDE,,,Active,9.0
5845, 00-0035232,Dwayne Haskins,PIT,QB,,,,,Active,3.0
2025,00-0030669,Albert Wilson,,WR,,,,,Active,9.0
5534,00-0034248,Elijah Campbell,NYG,DB,3.0,FS,,,Active,8.0
19,00-0026158,Joe Flacco,CIN,QB,2.0,QB,,,Active,18.0
5296, 00-0034119,Elijah Wellman,,FB,,,,,Active,4.0
4216,00-0033566,Desmond King,,DB,,,,,Active,8.0
2160,00-0030937,Zac Kerin,,G,,,,,Inactive,8.0
4363,00-0033339,Demetrious Cox,,SS,,,,,Inactive,5.0
3837,00-0032931,Kenneth Durden,,CB,,,,,Inactive,6.0
3865, 00-0033022,Chris Edwards,,DB,,,,,Inactive,6.0
4553,00-0033636,Dieugot Joseph,,OT,,,,,Inactive,5.0
2519,00-0032120,Neal Sterling,,TE,,,,,Inactive,7.0
6624, 00-0035056,Joshua Simmons,,CB,,,,,Active,3.0
6459, 00-0035114,Sean Modster,,WR,,,,,Active,3.0
2735,00-0031729,Thurston Armbrister,,LB,,,,,Inactive,7.0
801,00-0028112,Charles Clay,,TE,,,,,Active,11.0
4275, 00-0033583,Justin Senior,,OT,,,,,Active,5.0
3484,00-0032685,Nelson Spruce,,WR,,,,,Inactive,6.0
2676,00-0031728,Zach Vigil,,LB,,,,,Inactive,7.0
6374, 00-0035484,Drew Belcher,,TE,,,,,Active,3.0
4054,00-0033217,Mo Alie-Cox,IND,TE,2.0,TE,,,Active,9.0
1550,00-0029857,Ryan Griffin,,QB,,,,,Active,10.0
4969,00-0034773,Vita Vea,TB,DT,1.0,NT,,,Active,8.0
623,00-0027648,Rodger Saffold,,G,,,,,Active,14.0
3423,00-0032688,Robbie Chosen,,WR,,,,,Active,10.0
3175,00-0033057,Jack Conklin,,OT,,,,,Active,10.0
3723,00-0032638,Josh James,,G,,,,,Active,6.0
1282,00-0029053,Ryan Davis,,DE,,,,,Injured Reserve,8.0
406,00-0027139,John Phillips,,TE,,,,,Inactive,13.0
3496,00-0032725,Stephen Anderson,,TE,,,,,Active,8.0
4813,00-0034025,Marvin Bracy,,WR,,,,,Active,5.0
1800,00-0031299,Jordan Matthews,,TE,,,,,Active,11.0
5907, 00-0035271,Vosean Joseph,,OLB,,,,,Inactive,3.0
4209,00-0033960,Danny Isidora,,OL,,,,,Active,6.0
2537,00-0031962,Mario Alford,,WR,,,,,Inactive,5.0
5100,00-0034400,Jordan Wilkins,,RB,,,,,Active,5.0
1872,00-0031170,Timmy Jernigan,,DT,,,,,Active,8.0
6221, 00-0034989,Justin Skule,TB,OT,,OL,,,Active,7.0
3453,00-0032377,Josh Ferguson,,RB,,,,,Active,6.0
1623,00-0030317,Marcus Cromartie,,FS,,,,,Injured Reserve,7.0
1517,00-0030107,Theo Riddick,,RB,,,,,Injured Reserve,9.0
6279, 00-0035102,Brandon Dillon,,TE,,,,,Inactive,4.0
6501, 00-0035009,C.J. Conrad,,TE,,,,,Active,3.0
2311,00-0031933,Leonard Williams,SEA,DE,1.0,LDE,,,Active,11.0
6351, 00-0035441,Corrion Ballard,,S,,,,,Active,3.0
3777,00-0032909,Dillon Gordon,,OT,,,,,Active,6.0
5728,00-0034722,Kendall Calhoun,,OT,,,,,Active,4.0
6476, 00-0034966,D'Angelo Ross,,DB,,,,,Active,7.0
3005,00-0031832,Lavon Hooks,,DT,,,,,Active,7.0
3511,00-0032981,Aziz Shittu,,DT,,,,,Inactive,6.0
5776,00-0034861,Mark Chapman,,WR,,,,,Active,4.0
5635,00-0034589,Rashard Fant,,CB,,,,,Active,4.0
6381, 00-0035104,Alexander Hollins,,WR,,,,,Active,3.0
6016, 00-0035058,Dax Raymond,PIT,TE,,,,,Active,3.0
5538,00-0034254,Fred Lauina,,G,,,,,Active,4.0
3471,00-0032672,Aaron Green,,RB,,,,,Inactive,6.0
5841, 00-0035230,Ed Oliver,BUF,DT,1.0,RDE,Out,Hip,Active,7.0
4569,00-0033655,Brian Brown,,WR,,,,,Active,5.0
5525,00-0034187,Justin Evans,,OT,,,,,Active,4.0
4673,00-0033736,Algernon Brown,,FB,,,,,Active,5.0
5007,00-0034366,Keke Coutee,,WR,,,,,Active,5.0
2518,00-0032171,Hayes Pullard,,LB,,,,,Inactive,7.0
3648,00-0032914,Matt Weiser,,TE,,,,,Active,6.0
1469,00-0029762,John Wetzel,,OG,,,,,Inactive,9.0
3251,00-0032970,Jordan Jenkins,,DE,,,,,Inactive,7.0
6114, 00-0035468,Zack Bailey,,G,,,,,Active,6.0
525,00-0027557,Morgan Cox,TEN,LS,,LS,,,Active,16.0
3284,00-0032774,Deon Bush,,DB,,,Questionable,Achilles,Active,10.0
2603,00-0031684,Shane Wynn,,WR,,,,,Inactive,7.0
708,00-0027442,Frank Zombo,,LB,,,,,Inactive,12.0
5376,00-0034415,Jack Cichy,,LB,,,,,Active,4.0
5436,00-0034096,Emmanuel Moseley,,CB,,,Questionable,Illness,Active,7.0
2359,00-0032104,Ameer Abdullah,JAX,RB,4.0,RB,,,Active,11.0
6225, 00-0035469,Kahzin Daniels,,OLB,,,,,Active,3.0
1743, 00-0029336,Brittan Golden,,WR,,,,,Injured Reserve,8.0
103,00-0026184,Matt Forte,,RB,,,,,Inactive,12.0
6305, 00-0035709,Austin Cutting,,LS,,,,,Inactive,3.0
788,00-0028087,Dion Lewis,,RB,,,,,Injured Reserve,11.0
5043,00-0034760,Nathan Shepherd,NO,DT,1.0,RDE,,,Active,8.0
5854, 00-0035704,Drew Lock,SEA,QB,1.0,QB,,,Active,7.0
5021,00-0034360,Lorenzo Carter,,LB,,,,,Active,7.0
4594,00-0033746,Alex Barrett,,DE,,,,,Active,8.0
3211,00-0032417,Paul Perkins,,RB,,,,,Active,6.0
3731,00-0032730,Eric Lee,,DE,,,,,Inactive,6.0
1209,00-0029575,Robert Blanton,,FS,,,,,Inactive,8.0
4548,00-0033630,Joel Bouagnon,,RB,,,,,Active,5.0
5316,00-0034436,Will Clapp,,C,,,,,Active,8.0
2267,00-0031298,Jimmie Ward,,DB,,,Questionable,Foot,Active,12.0
342,00-0023368,Cameron Wake,,DE,,,,,Active,17.0
6206, 00-0034919,Cody Brown,,SS,,,,,Inactive,3.0
4809,00-0034026,Brandon Greene,,G,,,,,Active,5.0
6125, 00-0035643,Jeffery Simmons,TEN,DT,1.0,LDT,,,Active,7.0
3294,00-0033077,Dak Prescott,DAL,QB,1.0,QB,,,Active,10.0
4084,00-0033283,Tyus Bowser,,LB,,,,,Active,8.0
5359,00-0034524,Dorren Miller,,WR,,,,,Active,4.0
5079,00-0034683,Darius Phillips,,CB,,,,,Inactive,6.0
3517,00-0032839,Hunter Sharp,,WR,,,,,Inactive,6.0
2851,00-0032031,Kaleb Eulls,,DT,,,,,Injured Reserve,5.0
2498,00-0032069,Derron Smith,,SS,,,,,Inactive,5.0
421,00-0026498,Matthew Stafford,LAR,QB,1.0,QB,,,Active,17.0
6654, 00-0035522,JoJo Tillery,,FS,,,,,Active,3.0
4368,00-0033344,Hardy Nickerson,,LB,,,,,Active,5.0
6023, 00-0034979,Iman Marshall,,CB,,,,,Active,3.0
5513,00-0034583,Tracy Sprinkle,,DT,,,,,Active,4.0
6555, 00-0035190,AJ Cole,LV,P,,P,,,Active,7.0
5398,00-0034137,Justin Crawford,,RB,,,,,Active,4.0
3603,00-0032486,Kameron Canaday,,LS,,,,,Active,7.0
6098, 00-0035143,Ben Burr-Kirven,,LB,,,,,Active,4.0
5482,00-0034178,Austin Davis,,C,,,,,Active,4.0
5052,00-0034816,Ronald Jones,,RB,,,,,Active,5.0
4128,00-0033933,Chad Williams,,WR,,,,,Active,5.0
888,00-0028767,Sterling Moore,,CB,,,,,Inactive,9.0
6516, 00-0035065,Blake Blackmar,,G,,,,,Inactive,3.0
5677,00-0034513,Mo Porter,,OT,,,,,Active,4.0
6626, 00-0035524,Isaac Zico,,WR,,,,,Active,3.0
2550,00-0032157,Taurean Nixon,,CB,,,,,Inactive,7.0
5995, 00-0034975,Justice Hill,BAL,RB,2.0,RB,,,Active,7.0
4115,00-0033909,Pat Elflein,,G,,,,,Inactive,7.0
5895, 00-0035630,Chris Lindstrom,ATL,G,,OL,Questionable,Concussion,Active,7.0
5477,00-0034518,Reggie Hunter,,LB,,,,,Active,4.0
4421,00-0033387,Jacob Hollister,,TE,,,,,Active,7.0
5055,00-0034355,M.J. Stewart,HOU,DB,2.0,FS,PUP,Undisclosed,Active,8.0
2887,00-0031514,Quan Bray,,WR,,,,,Inactive,5.0
939,00-0028110,Brandon Fusco,,G,,,,,Inactive,11.0
6081, 00-0035603,Kendall Blanton,,TE,,,,,Active,4.0
1637,00-0029879,Kevin McDermott,,LS,,,,,Inactive,9.0
13,00-0024417,Sam Koch,,P,,,,,Active,16.0
4053,00-0033538,Garett Bolles,DEN,OT,,OL,,,Active,9.0
3323,00-0032786,Marqui Christian,,DB,,,,,Active,6.0
1464,00-0030584,Eric Fisher,,OT,,,,,Inactive,10.0
3318,00-0032784,Kevin Hogan,,QB,,,,,Active,7.0
3346,00-0033113,Josh Forrest,,DE,,,,,Inactive,6.0
1856,00-0031018,Jeremiah George,,LB,,,,,Injured Reserve,6.0
6005, 00-0035026,Kevin Givens,SF,DT,,,,,Active,7.0
5269,00-0034735,Codey McElroy,,TE,,,,,Active,4.0
2553,00-0032072,Rory Anderson,,TE,,,,,Active,7.0
6331, 00-0035123,Koa Farmer,,OLB,,,,,Active,3.0
2167,00-0031181,Ricardo Allen,CIN,DB,,,,,Active,8.0
2270,00-0031282,Justin Britt,,OL,,,,,Active,9.0
89,00-0026197,Chad Henne,,QB,,,,,Active,15.0
5082,00-0034276,Simeon Thomas,,CB,,,,,Inactive,4.0
6000, 00-0035382,Ryan Bates,,OL,,,,,Active,7.0
5674,00-0034623,Andre Chachere,,DB,,,,,Active,7.0
4076,00-0033888,Ryan Ramczyk,,T,,,,,Active,8.0
2352,00-0031555,Eric Rowe,,DB,,,,,Active,10.0
6671, 00-0035563,Jerald Foster,,G,,,,,Active,3.0
3223,00-0032767,Su'a Cravens,,SS,,,,,Inactive,6.0
5748, 00-0034769,DeMarquis Gates,,ILB,,,,,Active,5.0
2406,00-0031566,Trey Flowers,,LB,,,,,Inactive,8.0
5231,00-0034549,Cole Hunt,,TE,,,,,Active,4.0
2365,00-0032197,Randy Gregory,,DE,,,,,Active,9.0
5268,00-0034557,Ben Johnson,,TE,,,,,Active,4.0
2185,00-0031118,Corey Brown,,WR,,,,,Injured Reserve,6.0
6087, 00-0035456,Chris Johnson,,DB,,,,,Active,3.0
6075, 00-0035562,Jesper Horsted,,TE,,,,,Active,5.0
2860,00-0031904,Bryce Callahan,,CB,,,,,Active,8.0
2591,00-0031534,La'el Collins,,T,,,,,Active,10.0
6350, 00-0035193,Parker Baldwin,,SS,,,,,Active,3.0
4118,00-0033914,Alex Anzalone,TB,LB,1.0,RILB,,,Active,9.0
4918, 00-0033189,Brock Miller,,P,,,,,Active,6.0
4106,00-0033905,Larry Ogunjobi,,DT,,,,,Active,9.0
3557,00-0032769,Brandon Williams,NYG,CB,3.0,LCB,,,Inactive,4.0
3589,00-0032353,Chris Milton,MIA,DB,,,,,Active,6.0
5550,00-0034294,John David Moore,,RB,,,,,Active,4.0
3479,00-0032871,Antwaun Woods,,DT,,,,,Inactive,6.0
5876, 00-0034974,Julian Love,SEA,DB,1.0,SS,,,Active,7.0
4979,00-0034728,Jaire Alexander,,CB,,,,,Active,7.0
3763,00-0032578,Woodrow Hamilton,NYG,DT,,,,,Active,6.0
4733,00-0034010,Alex Gray,,TE,,,,,Inactive,5.0
5893, 00-0035253,C.J. Gardner-Johnson,BUF,DB,1.0,SS,,,Active,7.0
3540,00-0033003,Jamaal Jones,,WR,,,,,Active,6.0
4078,00-0033878,Adoree' Jackson,,DB,,,,,Active,9.0
2310,00-0032053,Brandon Scherff,,G,,,,,Active,10.0
6486, 00-0035124,C.J. Toogood,,G,,,,,Active,3.0
3057,00-0031779,B.J. Finney,,OL,,,,,Active,7.0
3886,00-0033070,Javien Elliott,,CB,,,,,Active,6.0
5448,00-0034088,Robert Jackson,,CB,,,,,Active,4.0
5466,00-0034805,John Franklin-Myers,TEN,DT,1.0,RDT,,,Active,8.0
3338,00-0033078,Keenan Reynolds,,WR,,,,,Inactive,6.0
6496, 00-0035171,Cole Hedlund,,K,,,,,Active,3.0
951,00-0028738,Byron Bell,,G,,,,,Inactive,11.0
5024,00-0034676,James Washington,,WR,,,,,Active,6.0
3317,00-0033039,Christian Westerman,,G,,,,,Inactive,6.0
4597,00-0033750,Leo Koloamatangi,,OL,,,,,Inactive,5.0
2204,00-0031239,Stanley Jean-Baptiste,,CB,,,,,Inactive,8.0
5948, 00-0035666,Bobby Evans,,OL,,,,,Active,4.0
1093,00-0029566,Zach Brown,,LB,,,,,Active,10.0
1027,00-0029653,Fletcher Cox,,DT,,,,,Active,12.0
2964,00-0031722,Michael Liedtke,,G,,,,,Inactive,7.0
5572,00-0034318,Henry Mondeaux,,DE,,,,,Active,6.0
2304,00-0031462,Jerome Cunningham,,TE,,,,,Active,8.0
6310, 00-0035365,Tae Hayes,,CB,,,,,Active,5.0
655,00-0022084,Anquan Boldin,,WR,,,,,Inactive,17.0
6519, 00-0035181,Darrius Shepherd,,WR,,,,,Active,4.0
1196,00-0029422,Keith Tandy,,FS,,,,,Inactive,10.0
4943,00-0034869,Sam Darnold,SEA,QB,2.0,QB,Out,Lower Body,Active,8.0
5809,00-0034900,Ja'Quan Gardner,,RB,,,,,Active,4.0
4215,00-0033467,Brian Allen,,CB,,,,,Active,5.0
4026,00-0033899,DeShone Kizer,,QB,,,,,Active,5.0
1353,00-0030433,Mike Gillislee,,RB,,,,,Inactive,9.0
1900,00-0031426,Joel Bitonio,,OG,,,,,Active,12.0
1169, 00-0029665,Robert Griffin,,QB,,,,,Inactive,10.0
5952, 00-0034944,Chase Hansen,,LB,,,,,Active,4.0
3383,00-0032943,Riley Dixon,TB,P,,P,,,Active,10.0
829,00-0027973,Andy Dalton,PHI,QB,2.0,QB,,,Active,15.0
5657,00-0034458,Asantay Brown,,OLB,,,,,Active,4.0
1023,00-0027953,Mike Pouncey,,C,,,,,Injured Reserve,11.0
6431, 00-0035080,Nydair Rouse,,CB,,,,,Active,3.0
770,00-0027914,Andrew Sendejo,,DB,,,,,Active,12.0
5874, 00-0035235,Kaleb McGary,,T,,,NA,Leg,Active,7.0
6388, 00-0035604,Romello Brooker,,TE,,,,,Active,3.0
234,00-0029302,Matt McCants,,T,,,,,Inactive,8.0
6003, 00-0035254,Anthony Nelson,TB,LB,2.0,LOLB,,,Active,7.0
1266,00-0029621,Greg Zuerlein,,K,,,Questionable,Knee,Active,13.0
3345,00-0033047,Anthony Brown,,CB,,,,,Inactive,8.0
5369,00-0034389,Dane Cruikshank,,DB,,,,,Active,6.0
466,00-0027001,Vontae Davis,,CB,,,,,Injured Reserve,13.0
4330,00-0033266,JoJo Natson,,WR,,,,,Active,5.0
414,00-0026989,Brian Orakpo,,LB,,,,,Injured Reserve,13.0
2202,00-0030805,Je'Ron Hamm,,TE,,,,,Inactive,8.0
3278,00-0033111,Pharoh Cooper,,WR,,,,,Active,7.0
5165,00-0034531,Quinton Flowers,,QB,,,,,Inactive,4.0
5351,00-0034371,Da'Shawn Hand,ATL,DT,1.0,LDE,IR,Quadriceps,Inactive,8.0
4418,00-0033384,LeShun Daniels,,RB,,,,,Inactive,5.0
1958,00-0031410,Xavier Su'a-Filo,CIN,G,,,,,Active,8.0
6196, 00-0035728,Christian Wade,,RB,,,,,Inactive,3.0
4104,00-0033284,Taylor Moton,CAR,T,,OL,PUP,Illness,Active,9.0
530,00-0027873,Jermaine Gresham,,TE,,,,,Inactive,12.0
3304,00-0032416,Quinton Jefferson,,DT,,,,,Active,9.0
917,00-0027954,Ryan Kerrigan,,DE,,,,,Active,11.0
6323, 00-0034959,Andrew Beck,NYJ,RB,4.0,RB,,,Active,7.0
1335,00-0030149,Matt Tobin,,G,,,,,Inactive,9.0
1414, 00-0030500,Nick Williams,,DE,,,,,Active,11.0
3221,00-0032969,Nick Martin,,C,,,IR,Hamstring,Active,7.0
4061,00-0033550,Davis Webb,,QB,,,,,Active,6.0
3269,00-0032398,Chris Moore,BAL,WR,3.0,RWR,,,Active,10.0
1944,00-0031075,Alfred Blue,,RB,,,,,Inactive,8.0
6259, 00-0035405,Darnell Holland,,RB,,,,,Active,3.0
5645,00-0034445,Nick Gates,,C,,,Questionable,Groin,Active,7.0
4970,00-0034342,Quenton Nelson,IND,OL,,OL,,,Active,8.0
5495,00-0034559,Austin Larkin,,DE,,,,,Active,4.0
2789,00-0031757,Lucky Whitehead,,WR,,,,,Injured Reserve,5.0
6437, 00-0034937,John Leglue,,OT,,,,,Active,6.0
1911,00-0030663,Willie Snead,,WR,,,,,Inactive,10.0
1034,00-0029239,Brandon Bolden,,RB,,,,,Active,12.0
3673,00-0032584,Nick Rose,,K,,,,,Inactive,6.0
2503,00-0031609,A.J. Derby,,TE,,,,,Inactive,7.0
5808,00-0034897,Connor Jessop,,QB,,,,,Active,4.0
4210,00-0033574,Avery Moss,,DE,,,,,Active,5.0
5242,00-0034133,Dontez Byrd,,WR,,,,,Active,4.0
4321,00-0033256,Deyshawn Bond,,C,,,,,Inactive,5.0
5026,00-0034765,Tre'Quan Smith,,WR,,,,,Inactive,6.0
4423, 00-0033389,David Jones,,FS,,,,,Active,5.0
6045, 00-0035589,Gary Jennings,LAC,WR,7.0,LWR,,,Active,7.0
2433,00-0032151,Jon Feliciano,,OG,,,,,Active,10.0
5737, 00-0034727,Drew Scott,KC,LS,,,,,Active,4.0
4967,00-0034832,Bradley Chubb,BUF,LB,1.0,ROLB,,,Active,8.0
5753,00-0034787,Chris Board,,LB,,,Questionable,Chest,Active,8.0
714,00-0027762,Reshad Jones,,FS,,,,,Active,12.0
2282,00-0031332,Fitzgerald Toussaint,,RB,,,,,Inactive,6.0
2400,00-0031939,Matt Jones,,RB,,,,,Inactive,5.0
3899, 00-0033115,Jeff Overbaugh,,LS,,,,,Inactive,6.0
6395, 00-0034930,Trinity Benson,,WR,,,,,Active,4.0
2993,00-0031957,Rakeem Nunez-Roches,TB,DT,2.0,LDE,,,Active,11.0
4227,00-0033303,Harrison Butker,KC,K,1.0,K,,,Active,9.0
1964,00-0031028,Ulrick John,,T,,,,,Inactive,8.0
6402, 00-0034928,Steven Sims,,WR,,,,,Active,7.0
3013,00-0032272,Isaiah Battle,,T,,,,,Inactive,5.0
5090,00-0034275,Folorunso Fatukasi,LV,DT,2.0,NT,,,Active,8.0
6176, 00-0034986,Cameron Smith,,LB,,,,,Injured Reserve,3.0
1587,00-0030470,Vance McDonald,,TE,,,,,Injured Reserve,9.0
2471,00-0031595,Michael Burton,CLE,FB,4.0,RB,,,Active,11.0
5473,00-0034520,Lyndon Johnson,,NT,,,,,Inactive,4.0
6534, 00-0035332,Ray Smith,,DT,,,,,Injured Reserve,3.0
1193,00-0029418,Najee Goode,,LB,,,,,Active,10.0
5655,00-0034527,Ryan Neal,,SS,,,,,Active,7.0
1359,00-0030484,Jamar Taylor,,CB,,,,,Active,9.0
4949,00-0034358,Derrius Guice,,RB,,,,,Active,4.0
2083,00-0031188,Bennett Jackson,,DB,,,,,Active,8.0
5350,00-0034685,Chris Campbell,,CB,,,,,Active,4.0
3563,00-0032470,Steve Longa,,OLB,,,,,Active,6.0
5452,00-0034116,J.T. Gray,,DB,,,,,Active,8.0
6248, 00-0035438,Trevion Thompson,,WR,,,,,Active,3.0
844,00-0027977,Akeem Ayers,,LB,,,,,Inactive,9.0
2134,00-0031058,Carl Bradford,,ILB,,,,,Inactive,8.0
3386,00-0033061,Thomas Duarte,,TE,,,,,Inactive,6.0
394,00-0026983,Darrius Heyward-Bey,,WR,,,,,Inactive,13.0
1136,00-0029627,Jack Crawford,,DT,,,,,Active,10.0
569,00-0027674,Jared Veldheer,,OT,,,,,Active,14.0
2824,00-0032008,Donteea Dye,,WR,,,,,Inactive,5.0
5911, 00-0034971,Jalen Hurd,,WR,,,,,Active,4.0
4986,00-0034759,Kolton Miller,LV,T,,OL,,,Active,8.0
1242,00-0029193,Bruce Irvin,,LB,,,,,Active,12.0
4302,00-0033232,Quincy Mauger,,SS,,,,,Active,5.0
6214, 00-0035680,Quincy Williams,CLE,LB,1.0,LOLB,,,Active,7.0
1844,00-0031156,Tyler Ott,WAS,LS,,LS,,,Active,12.0
6382, 00-0035110,Tito Odenigbo,,DT,,,,,Active,3.0
3650,00-0032362,Maurice Harris,,WR,,,,,Inactive,6.0
2944,00-0031744,Matt LaCosse,NE,TE,,,,,Active,7.0
1815,00-0030908,Kenny Ladler,,FS,,,,,Active,8.0
3036,00-0031788,Matt Lengel,,TE,,,,,Active,7.0
6343, 00-0035077,Manny Wilkins,,QB,,,,,Active,3.0
5691,00-0034639,Mike Ford,ATL,DB,2.0,RCB,,,Active,8.0
5132, 00-0034081,Steven Mitchell,,WR,,,,,Inactive,4.0
345,00-0026625,Brian Hoyer,,QB,,,,,Active,15.0
6226, 00-0035197,Rashard Causey,,CB,,,,,Active,3.0
6025, 00-0035277,Mike Jackson,CAR,CB,1.0,LCB,,,Active,7.0
1168,00-0029139,Adam Gettis,,G,,,,,Inactive,10.0
929,00-0028069,Davon House,,CB,,,,,Injured Reserve,11.0
4666,00-0033702,Younghoe Koo,,K,,,,,Active,9.0
5092,00-0034393,Troy Fumagalli,,TE,,,,,Active,6.0
2197,00-0031236,Brandin Cooks,,WR,,,,,Active,12.0
1718,00-0029119,Derek Carrier,,TE,,,,,Active,10.0
3623,00-0032484,Vontarrius Dora,,OLB,,,,,Active,6.0
6236, 00-0035212,Travon McMillian,,RB,,,,,Active,3.0
5870, 00-0035710,Daniel Jones,IND,QB,1.0,QB,,,Active,7.0
5290,00-0034653,Deontay Burnett,,WR,,,,,Active,6.0
2463,00-0032135,Jesse James,,TE,,,,,Active,8.0
6119, 00-0035707,Devin White,DET,LB,2.0,MLB,,,Active,7.0
3568, 00-0032609,Marken Michel,,WR,,,,,Active,7.0
5594,00-0034324,Jamar Summers,,FS,,,,,Active,4.0
6306, 00-0035112,Patrick Mekari,JAX,OL,,OL,IR,Back,Inactive,7.0
4625,00-0033686,Hunter Dimick,,OLB,,,,,Active,5.0
5322,00-0034284,James Looney,,TE,,,,,Active,4.0
550,00-0027881,Jerry Hughes,,DE,,,,,Active,15.0
4214,00-0033573,Shelton Gibson,,WR,,,,,Active,5.0
2391,00-0032187,David Johnson,,RB,,,,,Active,8.0
6616, 00-0035027,Iseoluwapo Jegede,,NT,,,,,Active,3.0
1143,00-0029256,Kendall Reyes,,DE,,,,,Inactive,8.0
124,00-0026275,Josh Sitton,,G,,,,,Injured Reserve,14.0
3226,00-0032768,Cody Whitehair,,OL,,,,,Active,9.0
389,00-0023662,Matt Cassel,,QB,,,,,Inactive,17.0
5348,00-0034375,Kyzir White,,LB,,,,,Active,8.0
5844, 00-0035229,T.J. Hockenson,MIN,TE,1.0,TE,,,Active,7.0
2135,00-0031333,Ha Ha Clinton-Dix,DEN,DB,,,,,Active,8.0
5963, 00-0035383,Nate Herbig,,G,,,,,Active,6.0
4716,00-0033863,Dan Skipper,,T,,,,,Active,9.0
4313,00-0033245,Jake Eldrenkamp,HOU,OL,,,,,Active,5.0
1288,00-0028171,Lawrence Guy,,DT,,,,,Active,13.0
3664,00-0032602,J.D. McKissic,,RB,,,,,Inactive,7.0
4127,00-0033936,C.J. Beathard,,QB,,,,,Active,9.0
2612,00-0031895,Ronald Martin,,SS,,,,,Inactive,7.0
1017,00-0024030,Tom Johnson,,DT,,,,,Injured Reserve,16.0
4399,00-0033414,Eric Smith,,T,,,,,Active,6.0
6521, 00-0035091,Jalen Harvey,,DB,,,,,Active,3.0
613,00-0027681,Brandon LaFell,,WR,,,,,Inactive,12.0
3743,00-0032671,Morgan Fox,,DE,,,,,Active,9.0
5957, 00-0035539,Isaac Nauta,GB,TE,,,,,Inactive,3.0
6326, 00-0035509,Trevon Sanders,,NT,,,,,Active,3.0
5891, 00-0035252,Yodny Cajuste,,OL,,,Questionable,Undisclosed,Active,7.0
367,00-0027061,Jared Cook,,TE,,,,,Active,13.0
3576,00-0032497,Reid Ferguson,BUF,LS,,LS,,,Active,10.0
5196,00-0034672,Ethan Wolf,,TE,,,,,Active,4.0
3231,00-0032890,James Bradberry,,CB,,,,,Active,9.0
5562,00-0034241,Skyler Phillips,,C,,,,,Active,4.0
5170,00-0034109,Phillip Lindsay,,RB,,,,,Active,4.0
2034,00-0031367,Gabe Jackson,,G,,,,,Active,10.0
5739,00-0034734,Afolabi Laguda,,FS,,,,,Active,4.0
6146, 00-0034988,Kaden Smith,,TE,,,,,Inactive,4.0
4334,00-0033273,Jerry Ugokwe,,OT,,,,,Active,5.0
4685,00-0033827,Roubbens Joseph,,OT,,,,,Active,5.0
1373,00-0030565,Geno Smith,NYJ,QB,1.0,QB,,,Active,13.0
2068,00-0031276,Tyler Patmon,,CB,,,,,Inactive,8.0
2475,00-0031950,D.J. Alexander,,LB,,,,,Active,7.0
6358, 00-0035200,Kahlil Lewis,,WR,,,,,Active,3.0
6130, 00-0035250,Devin Singletary,NYG,RB,2.0,RB,,,Active,7.0
5187, 00-0034517,Mike Hughes,,NT,,,NA,,Inactive,4.0
1545,00-0030562,Desmond Trufant,,CB,,,,,Active,9.0
5424,00-0034540,Tony Brown,,DB,,,,,Active,7.0
5004,00-0034378,Ito Smith,DAL,RB,,,,,Active,4.0
2479,00-0032114,Deiontrez Mount,,LB,,,,,Inactive,5.0
2450,00-0031589,Brett Hundley,,QB,,,,,Active,8.0
3438,00-0032916,Trevor Williams,,CB,,,,,Inactive,6.0
6432, 00-0035103,Otaro Alaka,,LB,,,,,Active,3.0
648,00-0024334,Brandon Marshall,,WR,,,,,Inactive,16.0
5053,00-0034678,Alex Cappa,,G,,,,,Active,8.0
1556,00-0030060,Kenny Vaccaro,,SS,,,,,Injured Reserve,9.0
4062, 00-0033218,Sam Irwin-Hill,,P,,,,,Active,5.0
3288,00-0032777,Evan Boehm,,C,,,,,Active,6.0
5129,00-0034859,Adonis Jennings,,WR,,,,,Active,4.0
5828, 00-0031319,Diontae Spencer,,WR,,,,,Inactive,9.0
4638,00-0033711,Josh Banks,,DT,,,,,Active,5.0
3209,00-0032972,Devontae Booker,,RB,,,,,Active,6.0
1666,00-0029955,LaRoy Reynolds,NE,LB,,,,,Active,9.0
3612,00-0032508,Hakeem Valles,,TE,,,,,Inactive,6.0
1348,00-0030098,Dustin Hopkins,,K,,,,,Active,12.0
2008,00-0031372,Bradley Roby,,CB,,,,,Active,10.0
5826, 00-0034905,Jameer Thurman,,ILB,,,,,Active,3.0
1703,00-0028908,Michael J. Thomas,,DB,,,,,Active,12.0
2967,00-0031766,Kaleb Johnson,,G,,,,,Inactive,5.0
4325,00-0033260,Thomas Hennessy,NYJ,LS,,LS,,,Active,9.0
6461, 00-0035118,Matt Orzech,GB,LS,,LS,,,Active,7.0
6411, 00-0035205,Kyle Vasey,,LS,,,,,Active,3.0
4502,00-0033502,Cameron Lee,,G,,,,,Inactive,5.0
6743, 00-0035744,Quart'e Sapp,,LB,,,,,Active,3.0
5412,00-0034546,Zack Golditch,,G,,,,,Inactive,4.0
783,00-0027195,Rafael Bush,,SS,,,,,Injured Reserve,12.0
828,00-0028039,Clint Boling,,G,,,,,Injured Reserve,11.0
1881,00-0031177,Brent Urban,,DE,,,,,Active,12.0
515,00-0027656,Rob Gronkowski,,TE,,,,,Active,12.0
1419,00-0030486,Brian Schwenke,,C,,,,,Inactive,9.0
6090, 00-0035339,Montre Hartage,,DB,,,,,Active,3.0
6015, 00-0035626,Deshaun Davis,,OLB,,,,,Active,3.0
4469,00-0033423,Richie Brown,,OLB,,,,,Inactive,5.0
5941, 00-0035154,Felton Davis,,WR,,,,,Active,3.0
6068, 00-0035184,Devine Ozigbo,,RB,,,,,Active,4.0
2689,00-0031427,Todd Davis,,LB,,,,,Injured Reserve,8.0
6111, 00-0035100,Jake Browning,,QB,,,,,Active,7.0
5733,00-0034716,Clayton Wilson,,TE,,,,,Active,4.0
6018, 00-0035222,Zach Gentry,,TE,,,,,Active,5.0
5065,00-0034763,Brandon Parker,,T,,,,,Active,8.0
4964,00-0034856,Denzel Ward,CLE,CB,1.0,LCB,,,Active,8.0
5569,00-0034311,Johnny Stanton,,FB,,,,,Active,4.0
883,00-0028030,Joe Barksdale,,T,,,,,Inactive,11.0
6597, 00-0035337,Wes Farnsworth,,LS,,,,,Inactive,3.0
5964, 00-0035300,Dennis Daley,,G,,,,,Active,6.0
5138, 00-0034099,Martez Carter,,RB,,,,,Active,4.0
329,00-0023449,Derrick Johnson,,LB,,,,,Injured Reserve,17.0
1149,00-0029137,Alshon Jeffery,,WR,,,,,Active,10.0
5949, 00-0035007,Paul Adams,,OT,,,,,Active,3.0
981,00-0028101,Daniel Kilgore,,C,,,,,Injured Reserve,11.0
422,00-0026784,Evan Smith,,G,,,,,Inactive,13.0
6637, 00-0035387,Nico Evans,,RB,,,,,Active,3.0
5161,00-0034490,Ezekiel Turner,,LB,,,,,Active,8.0
3715,00-0032562,Cole Wick,,TE,,,,,Inactive,6.0
5284,00-0034115,Jeff Wilson,,RB,,,,,Active,8.0
3422,00-0032692,Kyle Friend,,C,,,,,Active,6.0
5399,00-0034209,Curtis Cothran,,NT,,,,,Active,4.0
2985,00-0031921,Kendall Lamm,,OT,,,NA,Personal,Active,11.0
5983, 00-0034977,Sheldrick Redwine,,DB,,,,,Active,5.0
4445,00-0033441,Keon Hatcher,,WR,,,,,Active,5.0
5998, 00-0035069,Clifton Duck,,CB,,,,,Active,3.0
619,00-0027856,Gerald McCoy,,DT,,,,,Active,12.0
6380, 00-0035101,Davion Davis,,WR,,,,,Active,5.0
3762,00-0032625,Brandon Shippen,,WR,,,,,Active,6.0
4279,00-0033298,Pita Taumoepenu,,LB,,,,,Active,6.0
4286,00-0033532,Josh Harvey-Clemons,,LB,,,,,Active,5.0
5289,00-0034652,Cameron Batson,,WR,,,,,Active,4.0
6019, 00-0035450,Johnnie Dixon,,WR,,,,,Active,3.0
2099,00-0031300,Trent Murphy,,DE,,,,,Inactive,8.0
5179,00-0034463,Joe Ostman,,DE,,,,,Active,4.0
6249, 00-0035426,Josh Corcoran,,OLB,,,,,Active,3.0
2583,00-0032160,Tyrell Williams,,WR,,,,,Active,7.0
4182,00-0033527,Montae Nicholson,,SS,,,,,Active,5.0
3274,00-0032773,Nick Kwiatkoski,,LB,,,,,Active,7.0
3022,00-0031991,De'Vante Bausby,,CB,,,,,Active,7.0
1071,00-0029632,Mohamed Sanu,,WR,,,,,Active,10.0
42,00-0024306,Frostee Rucker,,DE,,,,,Inactive,16.0
6303, 00-0035317,Joshua Miles,,OL,,,NA,Undisclosed,Active,7.0
4200,00-0033291,DeAngelo Yancey,,WR,,,,,Active,5.0
893,00-0027988,Marcus Gilchrist,,DB,,,,,Active,11.0
3225,00-0033009,Tyler Boyd,,WR,,,,,Active,9.0
2596,00-0031864,Wes Saxton,,TE,,,,,Inactive,5.0
5121,00-0034419,Braxton Berrios,NYG,WR,,,,,Active,8.0
3156,00-0033156,Joey Bosa,,LB,,,,,Active,10.0
24,00-0026143,Matt Ryan,,QB,,,,,Active,15.0
2257,00-0031045,Carlos Hyde,,RB,,,,,Active,8.0
1993,00-0030827,Tyler Shatley,,OL,,,,,Active,11.0
6083, 00-0035269,Matt Gay,LV,K,1.0,K,,,Active,7.0
3316,00-0032422,Kentrell Brothers,,ILB,,,,,Active,6.0
5696,00-0034696,Chris Okoye,,DT,,,,,Active,4.0
5736,00-0034726,Dallin Leavitt,,DB,,,,,Active,5.0
720,00-0027867,Jason Pierre-Paul,,LB,,,,,Active,16.0
5263,00-0034291,Chase Litton,,QB,,,,,Active,4.0
5267,00-0034560,JJ Jones,,WR,,,,,Inactive,2.0
4492, 00-0033482,Ashton Lampkin,,CB,,,,,Active,5.0
5406,00-0034615,Josh Liddell,,S,,,,,Active,4.0
5888, 00-0035270,Amani Oruwariye,BAL,CB,,,,,Active,7.0
5283,00-0034244,Ka'Raun White,,WR,,,,,Active,4.0
1220,00-0029546,Senio Kelemete,,OL,,,,,Active,10.0
3255,00-0032955,Kyler Fackrell,,LB,,,,,Active,6.0
6412, 00-0035203,Jaelin Robinson,,OT,,,,,Active,3.0
2677,00-0031740,Neville Hewitt,,LB,,,,,Active,11.0
1112, 00-0027187,Matt Overton,,LS,,,,,Active,14.0
5966, 00-0035048,Wyatt Ray,,DE,,,,,Inactive,5.0
5981, 00-0035667,Greg Gaines,BUF,DT,3.0,RDE,,,Active,7.0
3634,00-0032464,Kalif Raymond,CHI,WR,3.0,SWR,,,Active,10.0
5773,00-0034854,KhaDarel Hodge,SF,WR,7.0,LWR,,,Active,8.0
4848, 00-0034051,Christian Kuntz,PIT,LS,,LS,,,Active,9.0
1058,00-0029259,Kelechi Osemele,,OG,,,,,Inactive,10.0
5413,00-0034576,Shane Tripucka,,P,,,,,Active,4.0
6132, 00-0035708,Oshane Ximines,,LB,,,,,Active,6.0
4134,00-0033462,Cordrea Tankersley,,CB,,,,,Active,5.0
4574,00-0033662,Cooper Rush,ATL,QB,1.0,QB,,,Active,9.0
212,00-0023173,John Denney,,LS,,,,,Inactive,17.0
6205, 00-0034918,Brandon Silvers,,QB,,,,,Active,3.0
1052,00-0029607,Demario Davis,NYJ,LB,1.0,RILB,,,Active,14.0
1538,00-0029786,Ryan Schraeder,,T,,,,,Inactive,9.0
4037,00-0033921,Chris Godwin,TB,WR,2.0,SWR,,,Active,9.0
153,00-0026330,Ahtyba Rubin,,DT,,,,,Inactive,12.0
5244,00-0034141,Devin Gray,,WR,,,,,Active,4.0
5783,00-0034871,Christian Boutte,,CB,,,,,Active,4.0
4222,00-0033585,Brad Kaaya,,QB,,,,,Inactive,5.0
1709,00-0029731,Fozzy Whittaker,,RB,,,,,Inactive,7.0
6485, 00-0035166,Azeez Al-Shaair,HOU,LB,1.0,MLB,,,Active,7.0
3176,00-0033058,Reggie Ragland,,LB,,,,,Active,7.0
4415,00-0033381,Adam Butler,LV,DT,1.0,NT,,,Active,9.0
5137,00-0034286,Richie James,,WR,,,,,Active,6.0
6569, 00-0035463,Malcolm Pridgeon,,G,,,,,Active,3.0
2170, 00-0031281,Ra'Shede Hageman,,DT,,,,,Injured Reserve,6.0
5013,00-0034353,Anthony Miller,,WR,,,,,Active,7.0
1747,00-0030419,Matthew McGloin,,QB,,,,,Inactive,7.0
5456,00-0034182,Randin Crecelius,,OT,,,,,Active,4.0
3341,00-0032790,DeAndre Houston-Carson,,DB,,,,,Active,8.0
6390, 00-0035607,Marquise Copeland,,DT,,,,,Active,5.0
3710,00-0032553,Jace Billingsley,,WR,,,,,Inactive,6.0
6017, 00-0035475,DaMarkus Lodge,,WR,,,,,Active,3.0
4377,00-0033353,Montay Crockett,,WR,,,,,Inactive,5.0
1889,00-0031290,Marquis Flowers,,ILB,,,,,Inactive,8.0
2146,00-0031384,Richard Rodgers,,TE,,,,,Inactive,9.0
5906, 00-0035689,Dawson Knox,BUF,TE,2.0,TE,,,Active,7.0
6672, 00-0035564,Deion Harris,,DB,,,,,Active,3.0
5600,00-0034447,Lucas Gravelle,,C,,,,,Active,4.0
2114,00-0031209,Senorise Perry,,RB,,,,,Inactive,8.0
5217,00-0034619,Jason Reese,,TE,,,,,Active,4.0
135,00-0023742,Jon Ryan,,P,,,,,Inactive,14.0
1979,00-0031407,Blake Bortles,NO,QB,,,,,Active,8.0
1104,00-0029673,DeVier Posey,,WR,,,,,Inactive,10.0
1529,00-0030076,J.C. Tretter,CLE,C,,,,,Active,9.0
2372,00-0032255,A.J. Cann,,OL,,,,,Active,8.0
2278,00-0031084,Eric Pinkins,,LB,,,,,Inactive,6.0
983,00-0028177,Mike Person,,G,,,,,Active,11.0
260, 00-0026300,Josh Johnson,CIN,QB,,,,,Active,18.0
2711,00-0031800,Taylor Heinicke,,QB,,,,,Active,10.0
5416,00-0034545,Brandon Facyson,,CB,,,,,Inactive,6.0
1202,00-0028872,Johnny Hekker,,P,,,,,Active,14.0
4157,00-0033556,Tarik Cohen,,RB,,,,,Active,7.0
5601,00-0034454,Jamiyus Pittman,,DT,,,,,Inactive,4.0
3324,00-0032976,Spencer Drango,,G,,,,,Active,6.0
2255,00-0031326,Bruce Ellington,,WR,,,,,Inactive,8.0
2003,00-0030670,Bennie Fowler,,WR,,,,,Active,8.0
4194,00-0033959,J.J. Dielman,,G,,,,,Inactive,5.0
678,00-0023259,Lorenzo Alexander,,LB,,,,,Injured Reserve,17.0
1837,00-0031345,Jimmy Garoppolo,,QB,,,,,Active,12.0
3303,00-0032415,Matthew Judon,,LB,,,,,Active,10.0
4340,00-0033272,Ondre Pipkins,,DE,,,,,Active,5.0
5370,00-0034730,Marcell Harris,,LB,,,,,Active,6.0
4387,00-0033364,Justin Vogel,,P,,,,,Inactive,5.0
4375,00-0033351,Johnathan Calvin,,DT,,,,,Inactive,5.0
6510, 00-0035179,Jalen Dalton,,DT,,,,,Active,6.0
1364,00-0030421,Jamie Collins,,LB,,,,,Active,10.0
6342, 00-0035460,Stephen Louis,,WR,,,,,Active,3.0
1166,00-0029604,Kirk Cousins,LV,QB,1.0,QB,,,Active,14.0
537,00-0027870,Maurkice Pouncey,,C,,,,,Injured Reserve,12.0
5185,00-0034521,Allen Lazard,,WR,,,,,Active,7.0
5958, 00-0034926,JoJo McIntosh,,SS,,,,,Active,3.0
3644,00-0032740,Lawrence Thomas,,RB,,,,,Inactive,6.0
1305,00-0028581,Patrick DiMarco,,FB,,,,,Injured Reserve,11.0
6410, 00-0034938,Brian Wallace,,OT,,,,,Active,3.0
1932,00-0031054,DaQuan Jones,NE,DT,2.0,NT,,,Active,12.0
3263,00-0033075,Charles Tapper,,DE,,,,,Inactive,6.0
4491,00-0033481,Marcus Kemp,,WR,,,,,Active,6.0
3658,00-0032375,Joe Kerridge,,FB,,,,,Inactive,6.0
5136,00-0034457,Josh Adams,,RB,,,,,Active,4.0
2340,00-0032265,Mario Edwards,HOU,DE,3.0,LDT,,,Active,11.0
3500,00-0032716,Devon Cajuste,,WR,,,,,Active,6.0
6737, 00-0035740,Micky Crum,,TE,,,,,Active,3.0
4073,00-0033541,Taco Charlton,,DE,,,,,Inactive,6.0
4785,00-0033641,Kermit Whitfield,,WR,,,,,Active,5.0
558,00-0027690,Eric Decker,,WR,,,,,Inactive,10.0
6288, 00-0035296,Marcus Green,,WR,,,,,Active,3.0
2324,00-0032145,Cameron Erving,,T,,,,,Active,10.0
6218, 00-0034987,E.J. Speed,HOU,LB,1.0,LOLB,PUP,Quadriceps,Active,7.0
4100,00-0033915,Tim Williams,,LB,,,,,Active,5.0
6619, 00-0035079,Kabion Ento,,CB,,,,,Active,3.0
3167,00-0033052,Jaylon Smith,,LB,,,,,Active,9.0
1533,00-0030405,Jeff Locke,,P,,,,,Inactive,7.0
6320, 00-0035325,Jonathan Duhart,,WR,,,,,Active,3.0
4082,00-0033282,Curtis Samuel,,WR,,,,,Active,9.0
2630,00-0031866,Jordan Williams,,LB,,,,,Inactive,5.0
916,00-0027979,Jarvis Jenkins,,DE,,,,,Inactive,11.0
4575, 00-0033663,Nate Theaker,,G,,,,,Active,5.0
3793,00-0032719,Lenny Jones,,DE,,,,,Active,6.0
1049,00-0029701,Ryan Tannehill,,QB,,,,,Active,12.0
5595,00-0034327,Step Durham,,CB,,,,,Active,4.0
5882, 00-0035663,Taylor Rapp,DEN,DB,,,,,Active,7.0
2407,00-0031567,Daryl Williams,BUF,OL,,,,,Active,7.0
5414,00-0034552,Bijhon Jackson,,NT,,,,,Active,4.0
5703, 00-0034715,Deontez Alexander,,WR,,,,,Active,4.0
2222,00-0031418,Austin Seferian-Jenkins,,TE,,,,,Inactive,8.0
3788, 00-0032475,Tanner McEvoy,,WR,,,,,Inactive,6.0
1960, 00-0031151,Marcus Williams,,CB,,,,,Inactive,8.0
3239,00-0033117,Bronson Kaufusi,GB,TE,,,,,Active,6.0
4736,00-0034008,Eric Nzeocha,,OLB,,,,,Inactive,5.0
1952,00-0031087,Andre Hal,,FS,,,,,Inactive,8.0
1339,00-0030061,Zach Ertz,,TE,,,,,Active,13.0
1272,00-0028834,Craig Robertson,,LB,,,,,Inactive,10.0
5155,00-0034493,Corey Willis,,WR,,,,,Active,4.0
4184,00-0033966,Bucky Hodges,,TE,,,,,Active,5.0
4122,00-0033910,Dan Feeney,TB,OL,,OL,,,Active,9.0
5519,00-0034488,Tavierre Thomas,MIN,DB,,,,,Active,8.0
5676,00-0034566,Kyle Queiro,,ILB,,,,,Active,4.0
296,00-0022161,Terrell Suggs,,LB,,,,,Active,19.0
5878, 00-0035624,N'Keal Harry,,TE,,,,,Active,5.0
3322,00-0032424,DJ Reader,NYG,DT,1.0,NT,,,Active,10.0
1814,00-0031335,Cyrus Kouandjio,,T,,,,,Inactive,8.0
3390,00-0032449,Lachlan Edwards,,P,,,,,Active,6.0
1381,00-0030442,John Simon,,LB,,,,,Active,9.0
6687, 00-0035609,Jake Gervase,,LB,,,,,Active,4.0
4046,00-0033873,Patrick Mahomes,KC,QB,1.0,QB,,,Active,9.0
3286,00-0032775,Demarcus Robinson,SF,WR,3.0,LWR,,,Active,10.0
2315,00-0032241,Todd Gurley,,RB,,,,,Active,7.0
4551,00-0033633,Tanner Gentry,,WR,,,,,Active,6.0
6171, 00-0035164,Cody Thompson,,WR,,,,,Active,6.0
3154,00-0030396,Freddie Bishop,,OLB,,,,,Inactive,9.0
956,00-0027966,Mark Ingram,,RB,,,,,Inactive,12.0
3514,00-0032997,Jake McGee,,TE,,,,,Active,6.0
4116,00-0033922,Antonio Garcia,,OT,,,,,Inactive,5.0
5462,00-0034876,Christopher Ezeala,,RB,,,,,Active,6.0
4593, 00-0033745,Brandon Barnes,,TE,,,,,Active,5.0
5658,00-0034515,Dee Delaney,,CB,,,,,Active,7.0
5403,00-0034219,Peter Pujals,,QB,,,,,Active,4.0
5440,00-0034108,Leon Johnson,,G,,,,,Active,4.0
1456,00-0030091,Tavarres King,,WR,,,,,Inactive,9.0
5293,00-0034669,Jordan Veasy,,WR,,,,,Active,4.0
3329,00-0032978,Trey Caldwell,,CB,,,,,Inactive,6.0
2469,00-0032228,Joe Cardona,LAR,LS,,LS,,,Active,11.0
3751, 00-0032757,Winston Rose,,CB,,,,,Active,6.0
5151,00-0034508,Gerhard de Beer,,OT,,,,,Active,4.0
1460,00-0030577,Sylvester Williams,,DT,,,,,Inactive,9.0
4589,00-0033673,Shakir Soto,,DE,,,,,Active,5.0
4282,00-0033793,Corey Levin,ATL,G,,OL,,,Active,9.0
3293,00-0032410,Rashard Robinson,,CB,,,,,Inactive,6.0
2452,00-0031590,Jay Ajayi,,RB,,,,,Injured Reserve,7.0
1211,00-0029587,Rhett Ellison,,TE,,,,,Injured Reserve,10.0
1884,00-0031306,Russell Bodine,,C,,,,,Inactive,8.0
6660, 00-0035565,Jonathan Bonner,,DE,,,,,Active,3.0
4781,00-0033313,Malik Golden,,SS,,,,,Active,5.0
353,00-0027103,Kevin Huber,,P,,,,,Active,14.0
3774,00-0032689,Jason Vander Laan,,TE,,,,,Inactive,6.0
4258,00-0033300,Conor McDermott,,OL,,,,,Active,8.0
5884, 00-0035297,Kelvin Harmon,,WR,,,,,Active,6.0
4120,00-0033900,Obi Melifonwu,,DB,,,,,Active,5.0
5781,00-0034867,Malik Turner,,WR,,,,,Active,8.0
2183,00-0031262,Bene' Benwikere,,CB,,,,,Inactive,8.0
5896, 00-0035326,Tre Lamar,,ILB,,,,,Inactive,3.0
2516,00-0032247,Cody Wichmann,,G,,,,,Inactive,5.0
4669,00-0033705,Andre Patton,,WR,,,,,Active,5.0
6422, 00-0035421,Ricky Walker,,DL,,,,,Inactive,3.0
1555,00-0030085,Kenny Stills,,WR,,,,,Active,9.0
5081,00-0034682,Genard Avery,,LB,,,,,Active,6.0
4709,00-0033804,Steven Moore,,OT,,,,,Active,5.0
6695, 00-0035634,Alex Brown,,CB,,,,,Active,3.0
2473,00-0031597,Tye Smith,,CB,,,,,Active,7.0
1366,00-0030383,Duron Harmon,,DB,,,,,Active,11.0
2980,00-0031782,Eli Rogers,,WR,,,,,Inactive,7.0
6506, 00-0035176,Trayone Gray,,RB,,,,,Active,3.0
2367,00-0031937,Quinten Rollins,,CB,,,,,Inactive,7.0
2668,00-0031713,Xavier Williams,,DT,,,,,Active,7.0
5340,00-0034430,Andre Smith,,LB,,,,,Active,6.0
812,00-0028097,Lee Smith,ATL,TE,,,,,Active,11.0
2696,00-0031919,Kurtis Drummond,,SS,,,,,Inactive,5.0
5360,00-0034335,Marcus Allen,,LB,,,Questionable,Undisclosed,Inactive,5.0
5609,00-0034494,Stephen Baggett,,TE,,,,,Active,4.0
4170,00-0033945,Samson Ebukam,ATL,DE,2.0,LOLB,,,Active,9.0
2986,00-0031923,Greg Mancz,,OL,,,,,Active,9.0
517,00-0027236,Kyle Love,,NT,,,,,Injured Reserve,12.0
6661, 00-0035574,Joseph Parker,,WR,,,,,Active,3.0
6355, 00-0035098,Micah Abernathy,,FS,,,,,Active,6.0
4250,00-0033967,Sam Rogers,,FB,,,,,Active,5.0
6712, 00-0035701,Marcus Simms,,WR,,,,,Inactive,5.0
4860,00-0034058,Jon Toth,,C,,,,,Active,5.0
2468,00-0032065,Bradley Pinion,MIA,P,,P,,,Active,11.0
3433,00-0032543,Alex Erickson,,WR,,,,,Active,9.0
3408,00-0032930,Oni Omoile,,G,,,,,Active,6.0
1301,00-0028374,Kyle Nelson,,LS,,,,,Active,11.0
1098,00-0029679,Brandon Brooks,PHI,G,,,,,Inactive,10.0
2264,00-0031020,Keith Reaser,,CB,,,,,Inactive,6.0
4088,00-0033544,Quincy Wilson,,CB,,,,,Active,5.0
3659,00-0032369,Anthony Lanier,,DE,,,,,Inactive,6.0
2287,00-0031404,Adrian Phillips,,DB,,,,,Active,10.0
4111,00-0033925,D'Onta Foreman,,RB,,,,,Active,8.0
6386, 00-0035602,Alex Bachman,LAR,WR,,,,,Active,7.0
2511,00-0031615,Christian Ringo,,DT,,,,,Active,8.0
2050,00-0031277,Branden Oliver,,RB,,,,,Inactive,6.0
5946, 00-0035699,Jamel Dean,PIT,CB,1.0,RCB,,,Active,7.0
2535,00-0031961,Mark Nzeocha,,LB,,,,,Active,7.0
2999,00-0031911,Rick Lovato,,LS,,,,,Active,10.0
4443,00-0033439,Pharaoh Brown,IND,TE,,,,,Active,9.0
6150, 00-0035245,Max Scharping,,OL,,,,,Active,7.0
6255, 00-0035430,Bradford Lemmons,,CB,,,,,Active,3.0
1507,00-0030064,Jon Bostic,,LB,,,,,Inactive,10.0
1037,00-0029669,Dont'a Hightower,,LB,,,,,Active,10.0
6448, 00-0035043,Darrin Hall,,RB,,,,,Active,3.0
1570,00-0030530,T.J. McDonald,,SS,,,,,Inactive,9.0
4081,00-0033890,Budda Baker,ARI,DB,1.0,SS,,,Active,9.0
2399,00-0032200,Ty Montgomery,,RB,,,,,Active,8.0
3598,00-0032753,Luke Rhodes,IND,LS,,LS,,,Active,10.0
2398,00-0032269,Henry Anderson,,DE,,,,,Active,9.0
5673,00-0034622,Davin Bellamy,,LB,,,,,Active,4.0
5775,00-0034862,Jared Murphy,,WR,,,,,Active,4.0
5539,00-0034258,Derrick Willies,,WR,,,,,Inactive,4.0
4460,00-0033315,Cole Hikutini,,TE,,,,,Inactive,5.0
6404, 00-0035618,Boogie Roberts,,DT,,,,,Inactive,1.0
3035,00-0031771,De'Ondre Wesley,,T,,,,,Inactive,5.0
5018,00-0034346,Will Hernandez,,G,,,,,Active,8.0
1383,00-0030511,Brandon Williams,,DT,,,,,Active,10.0
5388,00-0034071,Danny Johnson,,CB,,,,,Active,5.0
997,00-0028180,Malcolm Smith,,LB,,,,,Active,11.0
5256,00-0034640,DeAndre Goolsby,,TE,,,,,Inactive,4.0
4994,00-0034799,Kalen Ballage,,RB,,,,,Active,4.0
1737,00-0028986,Case Keenum,CHI,QB,2.0,QB,,,Active,14.0
5443,00-0034107,Jeff Holland,,LB,,,,,Inactive,4.0
643,00-0027866,Earl Thomas,,FS,,,,,Active,12.0
6469, 00-0035083,Davis Koppenhaver,,TE,,,,,Active,3.0
3172,00-0032378,DeForest Buckner,IND,DT,1.0,RDT,,,Active,10.0
2736,00-0031982,Nordly Capi,,DE,,,,,Inactive,7.0
5194,00-0034101,Matt Flanagan,,TE,,,,,Inactive,4.0
4567,00-0033652,Channing Stribling,,CB,,,,,Active,5.0
4193,00-0033565,Jordan Morgan,,G,,,,,Active,5.0
1822,00-0031417,Ja'Wuan James,,OT,,,,,Inactive,9.0
6247, 00-0035432,Jason Moore,,WR,,,,,Active,4.0
6417, 00-0035492,William Sweet,LV,OL,,,,,Active,3.0
2963, 00-0031716,Matt Darr,,P,,,,,Inactive,7.0
548,00-0027224,Jon Weeks,SF,LS,,LS,,,Active,16.0
2277,00-0031308,Kevin Pierre-Louis,,LB,,,,,Inactive,9.0
3259,00-0032395,Graham Glasgow,,G,,,Questionable,Undisclosed,Active,10.0
5253,00-0034532,Jordan Franks,,TE,,,,,Inactive,5.0
1346,00-0030068,Marquise Goodwin,,WR,,,,,Active,11.0
532,00-0027694,Shawn Lauvao,,G,,,,,Inactive,12.0
200,00-0024221,Vernon Davis,,TE,,,,,Injured Reserve,16.0
2420,00-0032198,Ibraheim Campbell,,DB,,,,,Active,7.0
6584, 00-0035557,Deyon Sizer,,DT,,,,,Active,3.0
4881,00-0034796,Lamar Jackson,BAL,QB,1.0,QB,,,Active,8.0
301,00-0025473,Marshal Yanda,,G,,,,,Injured Reserve,15.0
3185,00-0032381,Taylor Decker,,T,,,,,Active,10.0
358,00-0026982,Andre Smith,,T,,,,,Active,13.0
3267,00-0032771,Parker Ehinger,,G,,,,,Active,6.0
4954, 00-0034064,Colby Wadman,,P,,,,,Active,5.0
6560, 00-0035431,Koda Martin,,OL,,,,,Inactive,4.0
49,00-0023252,Robbie Gould,,K,,,,,Active,18.0
167,00-0019596,Tom Brady,,QB,,,,,Active,23.0
681,00-0026714,Nick Sundberg,,LS,,,,,Active,13.0
4219,00-0033955,Jeremy McNichols,WAS,RB,4.0,RB,IR,Quadriceps,Inactive,9.0
4135,00-0033935,Trey Hendrickson,BAL,DE,1.0,ROLB,Questionable,Finger,Active,9.0
5146,00-0034140,Matt Gono,,OT,,,,,Active,4.0
6093, 00-0035280,Jake Bailey,ATL,P,,P,,,Active,7.0
4136,00-0033551,Rasul Douglas,WAS,CB,2.0,LCB,,,Active,9.0
2371,00-0032263,Jeremiah Poutasi,LV,OL,,,,,Active,7.0
3590,00-0032354,Adam Redmond,BAL,C,,,,,Active,6.0
1413,00-0030460,Markus Wheaton,,WR,,,,,Inactive,9.0
4974,00-0034858,Terrell Edmunds,,DB,,,,,Active,8.0
6684, 00-0035576,LaDarius Wiley,,DB,,,,,Active,3.0
993,00-0028111,Byron Maxwell,,CB,,,,,Injured Reserve,9.0
4228,00-0033790,Jordan Evans,CIN,LB,,,,,Inactive,5.0
2133,00-0031381,Davante Adams,LAR,WR,2.0,LWR,,,Active,12.0
96,00-0023459,Aaron Rodgers,PIT,QB,1.0,QB,,,Active,21.0
5872, 00-0035719,Deebo Samuel,SF,WR,2.0,RWR,,,Active,7.0
6492, 00-0035097,Terry Wright,,WR,,,,,Active,3.0
4042,00-0033286,Joe Williams,,RB,,,,,Active,5.0
1470,00-0030517,David Bass,,LB,,,,,Inactive,7.0
6116, 00-0035265,John Cominsky,,DE,,,,,Active,6.0
3527,00-0032848,Kevin Peterson,ARI,CB,,,,,Active,6.0
759,00-0027750,Chris Scott,,G,,,,,Inactive,10.0
4420, 00-0033386,Cody Hollister,,WR,,,,,Active,6.0
2006,00-0031349,Matt Paradis,,C,,,,,Active,8.0
6253, 00-0035440,Elijah Zeise,,LB,,,,,Active,3.0
3108,00-0032014,Travell Dixon,,CB,,,,,Inactive,7.0
3326,00-0032787,Cole Toner,,OL,,,,,Active,7.0
827,00-0028118,Tyrod Taylor,GB,QB,2.0,QB,,,Active,15.0
6650, 00-0035358,Chase McLaughlin,TB,K,1.0,K,,,Active,7.0
5478,00-0034525,Andrew Motuapuaka,,ILB,,,,,Active,4.0
961,00-0027958,Adrian Clayborn,,DE,,,,,Active,11.0
2822,00-0032009,Adam Humphries,,WR,,,,,Active,8.0
6107, 00-0034943,Emmanuel Butler,,WR,,,,,Inactive,3.0
4892,00-0034855,Baker Mayfield,TB,QB,1.0,QB,,,Active,8.0
4532, 00-0033612,Sojourn Shelton,,CB,,,,,Inactive,5.0
3227,00-0033059,T.J. Green,HOU,DB,,,,,Active,6.0
4137,00-0033553,James Conner,ARI,RB,4.0,RB,IR,Foot,Inactive,9.0
1116,00-0029600,Andre Branch,,LB,,,,,Inactive,10.0
6051, 00-0035306,Darryl Johnson,,DE,,,,,Inactive,4.0
1443,00-0030538,Johnathan Cyprien,JAX,SS,,,,,Active,11.0
5608,00-0034528,Devonte Boyd,,WR,,,,,Active,4.0
1930,00-0031059,Marqueston Huff,,FS,,,,,Inactive,6.0
2415,00-0031572,T.J. Clemmings,,T,,,,,Active,7.0
5763,00-0034820,Bentley Spain,,OT,,,,,Active,4.0
4278,00-0033297,D.J. Jones,DEN,DT,1.0,NT,,,Active,9.0
4696,00-0033838,Trey Edmunds,,RB,,,,,Active,5.0
3831,00-0032921,Zach Sterup,,OT,,,,,Inactive,6.0
5104,00-0034392,Scott Quessenberry,,OL,,,,,Active,7.0
4232,00-0033596,Matthew Dayes,,RB,,,,,Inactive,5.0
59,00-0025580,Mason Crosby,,K,,,,,Active,17.0
775,00-0025944,Stephen Hauschka,,K,,,,,Injured Reserve,14.0
5578,00-0034299,Arrion Springs,,DB,,,,,Active,4.0
2554,00-0031632,Denzelle Good,,G,,,,,Active,7.0
5997, 00-0035090,Jazz Ferguson,,WR,,,,,Active,3.0
5529,00-0034259,Desmond Harrison,,OT,,,,,Inactive,4.0
6537, 00-0035335,Ryan Anderson,,G,,,,,Active,3.0
3406,00-0032809,Joe Walker,,LB,,,,,Active,6.0
4511,00-0033477,LaTroy Lewis,,OLB,,,,,Inactive,5.0
1378,00-0029895,Ryan Jensen,,C,,,,,Inactive,11.0
928,00-0028002,Randall Cobb,,WR,,,,,Active,13.0
1046,00-0029580,Rishard Matthews,,WR,,,,,Injured Reserve,10.0
540, 00-0027705,Alterraun Verner,,CB,,,,,Inactive,10.0
5347,00-0034367,Nyheim Miller-Hines,,RB,,,,,Active,8.0
4383,00-0033359,Adam Pankey,,T,,,,,Active,6.0
4456,00-0033309,K.D. Cannon,,WR,,,,,Active,5.0
4493,00-0033483,Damien Mama,,G,,,,,Inactive,5.0
821,00-0028278,Josh Bynes,,LB,,,,,Active,12.0
5642,00-0034533,Trayvon Henderson,,DB,,,,,Active,4.0
3616,00-0032883,Mitchell Loewen,,DE,,,,,Active,6.0
5777,00-0032604,Malachi Jones,,WR,,,,,Active,6.0
5798,00-0034888,Darren Carrington,,WR,,,NA,,Inactive,4.0
2338,00-0032262,Landon Collins,,DB,,,,,Active,8.0
5432,00-0034104,Cam Sims,,WR,,,,,Active,6.0
2346,00-0032055,Devin Funchess,,TE,,,,,Active,7.0
5223,00-0034243,Caleb Scott,TEN,WR,,,,,Active,4.0
3405,00-0032979,Scooby Wright,,ILB,,,,,Inactive,6.0
642,00-0027891,Golden Tate,,WR,,,,,Active,12.0
229,00-0004091,Phil Dawson,,K,,,,,Injured Reserve,24.0
6420, 00-0035417,Jon'Vea Johnson,,WR,,,,,Active,3.0
2485,00-0032115,Kaelin Clay,,WR,,,,,Inactive,7.0
1145,00-0029676,Morris Claiborne,,CB,,,,,Active,10.0
6373, 00-0035491,A.J. Richardson,,WR,,,,,Active,3.0
4614,00-0033773,Riley McCarron,,WR,,,,,Inactive,5.0
2414,00-0031571,Clayton Geathers,,DB,,,,,Active,7.0
3384,00-0032365,Demarcus Ayers,,WR,,,,,Inactive,6.0
4173,00-0033940,Jaleel Johnson,,DT,,,,,Active,7.0
1612,00-0030151,Tyler Bray,,QB,,,,,Inactive,9.0
6186, 00-0034992,Armon Watts,,DT,,,,,Active,6.0
5947, 00-0034960,Jakobi Meyers,JAX,WR,3.0,RWR,,,Active,7.0
5651,00-0034470,Toby Weathersby,,OT,,,,,Active,4.0
5681,00-0034443,Johnathan Alston,,FS,,,,,Active,4.0
4063,00-0033875,Haason Reddick,,LB,,,,,Active,9.0
5596,00-0034329,Malik Reaves,,CB,,,,,Active,4.0
531,00-0027860,Joe Haden,,CB,,,,,Active,12.0
6640, 00-0035210,Herb Miller,,CB,,,,,Active,4.0
6610, 00-0035020,Demetrius Flannigan-Fowles,,LB,,,Questionable,Undisclosed,Inactive,7.0
3222,00-0032388,Deion Jones,,LB,,,,,Active,10.0
5659,00-0034586,John Atkins,,DT,,,,,Active,4.0
6183, 00-0035272,Andrew Van Ginkel,MIN,LB,1.0,ROLB,,,Active,7.0
2462,00-0032112,J.J. Nelson,,WR,,,,,Active,7.0
5215,00-0034217,Tray Matthews,,FS,,,,,Active,4.0
5871, 00-0035248,Zach Allen,DEN,DE,1.0,RDE,,,Active,7.0
6604, 00-0035063,Mathieu Betts,,DL,,,,,Active,5.0
1190,00-0029208,Tyrunn Walker,,DT,,,,,Inactive,10.0
6246, 00-0035427,Jeremy Cox,,RB,,,,,Inactive,3.0
6237, 00-0035037,Wilton Speight,,QB,,,,,Active,3.0
3846, 00-0032945,Duke Williams,,WR,,,,,Active,6.0
6392, 00-0035614,Johnathan Lloyd,,WR,,,,,Active,3.0
817,00-0028091,Jeremy Kerley,,WR,,,,,Inactive,11.0
2313,00-0032240,Vic Beasley,,DE,,,,,Inactive,7.0
1405,00-0030558,Barkevious Mingo,,LB,,,,,Inactive,9.0
2360,00-0031558,Maxx Williams,,TE,,,,,Active,8.0
6369, 00-0035362,Khairi Clark,,DL,,,,,Active,3.0
1474,00-0030515,Stacy McGee,,DT,,,,,Inactive,9.0
830,00-0027942,A.J. Green,,WR,,,,,Active,12.0
1222,00-0029528,Bobby Massie,,T,,,,,Active,10.0
6353, 00-0035617,Troy Reeder,NYJ,LB,,,,,Active,7.0
2956,00-0031489,Brett Jones,,C,,,,,Active,7.0
5504,00-0034134,Mackendy Cheridor,,DE,,,,,Active,4.0
4318,00-0033253,Tyler Catalina,,G,,,,,Inactive,5.0
5977, 00-0035313,Terry Godwin,,WR,,,,,Active,3.0
3990,00-0033185,Adam Bighill,,ILB,,,,,Inactive,5.0
3271,00-0033110,Tyler Higbee,LAR,TE,3.0,TE,,,Active,10.0
1502,00-0030404,Chris Thompson,,RB,,,,,Active,9.0
1099,00-0029421,Randy Bullock,,K,,,,,Active,12.0
1820,00-0031317,Terrence Fede,,DE,,,,,Inactive,6.0
2843,00-0031707,Gabe Martin,,OLB,,,,,Inactive,7.0
4975,00-0034842,Taven Bryan,,DE,,,,,Active,8.0
2342, 00-0031934,Devin Smith,,WR,,,,,Active,7.0
3208,00-0032411,Kenneth Dixon,,RB,,,,,Active,6.0
4988,00-0034791,Nick Chubb,,RB,,,,,Active,8.0
1535,00-0030578,Cordarrelle Patterson,,RB,,,,,Active,12.0
3424,00-0032946,De'Vante Harris,,CB,,,,,Inactive,6.0
1047,00-0029107,Kelcie McCray,,SS,,,,,Inactive,8.0
1668,00-0029959,Carson Tinker,,LS,,,,,Active,11.0
5312,00-0034379,Rick Leonard,,OT,,,,,Active,4.0
5741,00-0034736,Steven Parker,,DB,,,,,Active,5.0
1891,00-0030780,Ryan Hewitt,,TE,,,,,Inactive,8.0
5794,00-0034886,Simeyon Robinson,,DE,,,,,Active,4.0
4789,00-0034005,Jarell Carter,,CB,,,,,Active,5.0
6317, 00-0035394,Jacob Dolegala,,QB,,,,,Active,3.0
2273,00-0030899,Garry Gilliam,,T,,,,,Inactive,8.0
3421,00-0032344,Sterling Bailey,,DE,,,,,Active,6.0
242,00-0024183,Brent Grimes,,CB,,,,,Inactive,16.0
4820, 00-0033363,David Rivers,,CB,,,,,Inactive,5.0
4771,00-0029685,Greg Van Roten,NE,OG,,OL,,,Active,14.0
5364,00-0034338,Joshua Frazier,,NT,,,,,Active,4.0
6659, 00-0035567,Craig Reynolds,WAS,RB,,,,,Active,7.0
5573,00-0034305,Greer Martini,,OLB,,,,,Active,4.0
5344,00-0034792,Cornell Armstrong,,DB,,,Questionable,Hamstring,Inactive,7.0
3074,00-0032324,Cornelius Edison,,C,,,,,Inactive,6.0
5731,00-0034691,Ruben Holcomb,,G,,,,,Active,4.0
4225,00-0033580,Tanner Vallejo,,LB,,,,,Active,6.0
5727,00-0034723,Nick Thurman,,DE,,,,,Active,6.0
3307,00-0032418,Joe Dahl,,G,,,,,Active,6.0
3272,00-0032399,Miles Killebrew,TB,DB,2.0,FS,Questionable,Concussion,Active,10.0
6085, 00-0035497,Jeff Allison,,ILB,,,,,Active,3.0
5730,00-0034692,Mark Myers,,CB,,,,,Inactive,4.0
5087,00-0034162,JK Scott,LAC,P,,P,,,Active,8.0
1327,00-0029010,Ronald Leary,,G,,,,,Active,10.0
658,00-0023482,Mike Nugent,,K,,,,,Inactive,17.0
585,00-0027297,Austin Howard,,T,,,,,Inactive,12.0
1880,00-0031066,Lorenzo Taliaferro,,RB,,,,,Inactive,6.0
6195, 00-0034915,Damon Sheehy-Guiseppi,,WR,,,,,Active,3.0
1141,00-0029249,Melvin Ingram,,LB,,,,,Active,12.0
4131,00-0033932,Kenny Golladay,,WR,,,,,Active,6.0
5973, 00-0035249,Josh Oliver,MIN,TE,2.0,TE,,,Active,7.0
2022,00-0030665,Daniel Sorensen,,DB,,,,,Active,9.0
4206,00-0033465,Isaac Asiata,,G,,,,,Inactive,5.0
6158, 00-0034994,Oli Udoh,,G,,,,,Active,7.0
6228, 00-0035060,Adarius Pickett,,SS,,,,,Active,3.0
1826,00-0030869,Tyler Larsen,,C,,,,,Active,10.0
6632, 00-0035472,Dan Godsil,,LS,,,,,Inactive,3.0
5128,00-0034438,Logan Woodside,,QB,,,,,Active,8.0
4505,00-0033505,Cameron Tom,,C,,,,,Active,8.0
1504,00-0030275,Demontre Hurst,,CB,,,,,Inactive,7.0
2401,00-0032061,Xavier Cooper,,DT,,,,,Inactive,5.0
5766,00-0034839,Sam Beal,,CB,,,,,Active,4.0
6314, 00-0035357,Cam Lewis,CHI,CB,2.0,FS,,,Active,7.0
5988, 00-0035416,Mitch Hyatt,,OL,,,,,Active,3.0
6339, 00-0035449,Jamal Davis,,DE,,,,,Active,3.0
3766,00-0032643,Michael Hunter,,CB,,,,,Inactive,6.0
1961,00-0031152,Bryan Witzmann,,G,,,,,Active,8.0
6168, 00-0035597,John Ursua,,WR,,,,,Inactive,3.0
4195,00-0033787,Jake Elliott,PHI,K,1.0,K,,,Active,9.0
1311,00-0029191,DeShawn Shead,,CB,,,,,Inactive,10.0
4679, 00-0033741,Nick Usher,,OLB,,,,,Active,5.0
3645,00-0032867,Tyler Marz,,G,,,,,Inactive,6.0
6263, 00-0035170,Trevor Wood,,TE,,,,,Active,3.0
6281, 00-0035106,John Keenoy,,C,,,,,Inactive,3.0
2396,00-0032204,Chaz Green,,T,,,,,Active,7.0
5202,00-0034628,Jaryd Jones-Smith,,T,,,,,Active,6.0
5260,00-0034631,Vyncint Smith,,WR,,,,,Active,5.0
1463,00-0030280,Knile Davis,,RB,,,,,Inactive,7.0
5987, 00-0034972,Alexander Mattison,,RB,,,,,Active,7.0
940,00-0028263,Andre Holmes,,WR,,,,,Inactive,11.0
5430,00-0034102,Timon Parris,,T,,,,,Active,4.0
903,00-0028664,Chris Jones,,P,,,,,Active,11.0
6396, 00-0034932,Austin Fort,,TE,,,,,Active,3.0
3909,00-0033138,Sam Ficken,,K,,,,,Active,7.0
495,00-0026618,Michael Bennett,,DE,,,,,Injured Reserve,13.0
5070,00-0034271,Jordan Lasley,,WR,,,,,Inactive,4.0
791, 00-0028424,Cedric Thornton,,DT,,,,,Inactive,9.0
5962, 00-0035287,KeeSean Johnson,,WR,,,,,Active,4.0
4616, 00-0033776,Gimel President,,OLB,,,,,Inactive,5.0
5450,00-0034090,Skai Moore,,LB,,,,,Active,4.0
4425,00-0033391,Jason King,,G,,,,,Active,5.0
5304,00-0034804,Brian Allen,,OL,,,,,Inactive,6.0
6153, 00-0034995,Dexter Williams,,RB,,,,,Active,3.0
5418,00-0034548,D'Juan Hines,,OLB,,,,,Inactive,4.0
838,00-0027959,Phillip Taylor,,NT,,,,,Inactive,11.0
6198, 00-0034916,Andrew Ankrah,,DE,,,,,Active,3.0
6436, 00-0034954,Malik Reed,,LB,,,,,Active,5.0
3401,00-0032366,Tyler Matakevich,,LB,,,,,Active,9.0
5076,00-0034808,John Kelly,,RB,,,,,Active,7.0
425,00-0027002,Clay Matthews,,LB,,,,,Active,13.0
5629,00-0034603,Kevin Toliver,,CB,,,,,Active,5.0
2548,00-0031630,Akeem King,,CB,,,,,Active,7.0
6371, 00-0035483,Drew Anderson,,QB,,,,,Active,3.0
5262,00-0034087,Steve Ishmael,,WR,,,,,Inactive,4.0
6040, 00-0035356,Tyree Jackson,,TE,,,Questionable,Undisclosed,Active,7.0
5209,00-0034208,Mike Boone,,RB,,,,,Active,7.0
4663,00-0033699,Austin Ekeler,,RB,,,,,Active,9.0
1159,00-0029672,Riley Reiff,,T,,,,,Active,12.0
943,00-0027981,Kyle Rudolph,,TE,,,,,Active,12.0
5902, 00-0035022,Penny Hart,,WR,,,,,Inactive,4.0
5717,00-0034689,Manase Hungalu,,OLB,,,,,Active,4.0
5944, 00-0035687,Bobby Okereke,CAR,LB,3.0,LILB,,,Active,7.0
1980,00-0031191,Luke Bowanko,,C,,,,,Inactive,8.0
4092,00-0033546,Dalvin Tomlinson,LAC,DT,1.0,NT,,,Active,9.0
3220,00-0032387,Jarran Reed,SEA,DT,1.0,RDE,,,Active,10.0
2613,00-0032094,Tyrell Adams,,LB,,,,,Active,7.0
690,00-0027812,Dekoda Watson,,LB,,,,,Active,12.0
2436,00-0032064,DeAndre Smelter,,WR,,,,,Inactive,7.0
6055, 00-0035615,Natrez Patrick,,LB,,,,,Active,3.0
6349, 00-0035207,Jayson Stanley,,CB,,,,,Inactive,3.0
2377,00-0032244,Jamon Brown,,G,,,,,Active,7.0
4233,00-0033862,Zane Gonzalez,,K,,,Questionable,Undisclosed,Inactive,9.0
6104, 00-0034948,Alijah Holder,,DB,,,,,Active,3.0
1604,00-0029848,Nick Williams,DEN,WR,,,,,Active,10.0
3817,00-0032832,Marcus Tucker,,WR,,,,,Inactive,6.0
4948,00-0034752,Orlando Brown,CIN,T,,OL,,,Active,8.0
1536,00-0030575,Xavier Rhodes,,CB,,,,,Active,10.0
6283, 00-0035633,Corey Ballentine,,CB,,,,,Active,7.0
6389, 00-0035605,Keenen Brown,,TE,,,,,Active,3.0
5938, 00-0035406,Lil'Jordan Humphrey,DEN,WR,6.0,LWR,,,Active,7.0
5383,00-0034489,Jalen Tolliver,,WR,,,,,Inactive,4.0
5074,00-0034806,Micah Kiser,,LB,,,,,Inactive,5.0
6070, 00-0035307,Jimmy Moreland,,CB,,,,,Inactive,4.0
6572, 00-0035344,Aaron Monteiro,,OT,,,,,Active,4.0
1362,00-0030474,Josh Boyce,,WR,,,,,Inactive,9.0
596,00-0027875,Bryan Bulaga,LAC,T,,,,,Inactive,12.0
5950, 00-0035730,Nyqwan Murray,,WR,,,,,Active,3.0
3476,00-0032935,Johnny Holton,,WR,,,,,Active,6.0
3400,00-0032807,Clayton Fejedelem,,DB,,,,,Active,7.0
2442,00-0032170,Rashad Greene,,WR,,,,,Inactive,7.0
6414, 00-0035372,Bunchy Stallings,,C,,,,,Active,3.0
5869, 00-0035266,Michael Jordan,,G,,,,,Active,7.0
4572, 00-0033659,Joe Jones,,LB,,,,,Active,7.0
2779,00-0031829,Ladarius Gunter,,CB,,,,,Inactive,5.0
4545,00-0033623,Keith Towbridge,,TE,,,,,Active,5.0
5637,00-0034592,Garrett Johnson,,WR,,,,,Active,4.0
5274,00-0034221,Roc Thomas,,RB,,,,,Inactive,4.0
5750,00-0034783,Garrett Hudson,,TE,,,,,Active,4.0
5579,00-0034300,D'Montre Wade,,CB,,,,,Active,4.0
2813,00-0032290,Trovon Reed,,CB,,,,,Inactive,7.0
6531, 00-0035008,Jake Carlock,,LB,,,,,Active,3.0
555, 00-0027124,Don Carey,,FS,,,,,Inactive,13.0
4213,00-0033577,Nate Gerry,,LB,,,,,Active,6.0
3381,00-0032800,Jonathan Woodard,,DE,,,,,Active,6.0
4119,00-0033916,ArDarius Stewart,,WR,,,,,Inactive,5.0
6465, 00-0035074,Thomas Ives,CHI,WR,,,,,Inactive,3.0
5551,00-0034295,Jimmy Murray,,OL,,,,,Active,6.0
5788,00-0034879,Dante Sawyer,,DE,,,NA,,Inactive,4.0
4040,00-0033857,JuJu Smith-Schuster,,WR,,,,,Active,9.0
5342,00-0034382,Marquis Haynes,,DE,,,,,Active,6.0
2592,00-0031583,Grady Jarrett,CHI,DT,1.0,RDT,,,Active,11.0
5771,00-0034851,Kiante Anderson,,DE,,,,,Active,4.0
2491,00-0032067,Ian Silberman,,G,,,,,Inactive,7.0
6179, 00-0035240,Jahlani Tavai,JAX,LB,2.0,MLB,,,Active,7.0
5110,00-0034411,Russell Gage,,WR,,,,,Active,7.0
3159,00-0032380,Laremy Tunsil,WAS,OL,,OL,IR,Triceps,Inactive,10.0
6363, 00-0035374,Michael Walker,,WR,,,,,Active,3.0
3321,00-0033040,Tyreek Hill,,WR,,,,Knee - ACL,Active,10.0
6458, 00-0034958,Tyree St. Louis,,OT,,,,,Active,3.0
605,00-0027701,Everson Griffen,,DE,,,,,Active,12.0
2443,00-0032201,Ben Heeney,,LB,,,,,Injured Reserve,5.0
4571,00-0033658,Blake Jarwin,,TE,,,,,Active,5.0
4226,00-0033296,Alex Armah,,FB,,,,,Active,7.0
4527,00-0033606,Tre'von Johnson,,OLB,,,,,Inactive,5.0
636,00-0027378,Chris Maragos,,SS,,,,,Inactive,10.0
5815, 00-0034641,Chris Jones,,CB,,,,,Active,4.0
6185, 00-0035282,Easton Stick,TB,QB,,,,,Active,7.0
2655,00-0032081,Nick Dzubnar,,LB,,,,,Active,7.0
5048,00-0034780,Isaac Yiadom,WAS,CB,3.0,LCB,,,Active,8.0
6361, 00-0035366,Raphael Leonard,,WR,,,,,Active,3.0
4153,00-0033953,Jordan Leggett,,TE,,,,,Inactive,5.0
487,00-0026502,Ricky Jean-Francois,,DT,,,,,Inactive,13.0
6664, 00-0035583,A.J. Ouellette,,RB,,,,,Active,3.0
2216,00-0031408,Mike Evans,SF,WR,1.0,LWR,,,Active,12.0
6682, 00-0035573,Kareem Orr,LAR,DB,,,,,Active,3.0
985,00-0028256,Sealver Siliga,,DT,,,,,Inactive,9.0
2429,00-0032109,Kwon Alexander,,LB,,,,,Active,10.0
4211,00-0033961,Dylan Donahue,,OLB,,,,,Inactive,5.0
4087,00-0033545,Teez Tabor,,DB,,,,,Active,6.0
3195,00-0032952,Noah Spence,,DE,,,,,Active,6.0
4070,00-0033886,T.J. Watt,PIT,LB,1.0,LOLB,,,Active,9.0
5611,00-0034497,Tyrell Chavis,,NT,,,,,Active,4.0
6747, 00-0035746,Fisayo Awolaja,,G,,,,,Active,3.0
2029,00-0031269,T.J. Carrie,,CB,,,,,Active,9.0
1551,00-0029729,Austin Johnson,,FB,,,,,Inactive,7.0
2434,00-0031578,Jake Ryan,,LB,,,,,Active,7.0
6289, 00-0035696,Duke Shelley,,DB,,,,,Active,6.0
1128,00-0029586,Derek Wolfe,,DE,,,,,Active,10.0
105,00-0026280,Brandon Carr,,CB,,,,,Active,14.0
6673, 00-0035571,Patrick Vahe,,G,,,,,Active,3.0
5449,00-0034085,Chris Cooper,,DB,,,,,Active,4.0
991,00-0028441,Jeron Johnson,,SS,,,,,Inactive,9.0
3157,00-0033127,William Fuller,,WR,,,,,Active,6.0
5288, 00-0034611,Donnie Ernsberger,TEN,TE,,,Questionable,,Inactive,4.0
2894, 00-0034956,Josh Watson,,LB,,,,,Active,3.0
3747,00-0032677,Cory Littleton,,LB,,,,,Active,7.0
350,00-0026898,Mark Sanchez,,QB,,,,,Injured Reserve,13.0
4840,00-0033425,Reese Fleming,,CB,,,,,Inactive,3.0
4324,00-0033259,Trey Griffey,,WR,,,,,Active,5.0
2467,00-0032136,Lorenzo Doss,,CB,,,,,Inactive,7.0
544,00-0027872,Kareem Jackson,,DB,,,,,Active,15.0
704,00-0025408,Reggie Nelson,,FS,,,,,Inactive,15.0
2650, 00-0031543,Ty Long,,P,,,,,Active,7.0
963,00-0028042,Luke Stocker,,TE,,,,,Active,11.0
2387,00-0031564,Lorenzo Mauldin,,LB,,,,,Inactive,5.0
4590,00-0033674,Orion Stewart,,SS,,,,,Active,5.0
5227,00-0034233,Tanner Carew,,LS,,,,,Active,4.0
4251,00-0033963,Tanzel Smart,,DT,,,,,Active,7.0
4519,00-0033515,Devine Redding,,RB,,,,,Active,5.0
3358,00-0032435,Anthony Zettel,,DE,,,,,Injured Reserve,6.0
5259,00-0034624,Lavon Coleman,,RB,,,,,Inactive,4.0
1333,00-0030147,Russell Shepard,,WR,,,,,Active,9.0
6077, 00-0035141,Phil Haynes,,OG,,,,,Active,5.0
2106,00-0031076,David Fales,,QB,,,,,Active,8.0
2982,00-0032043,Quinton Spain,,G,,,,,Active,7.0
2161,00-0031376,Jerick McKinnon,,RB,,,,,Active,10.0
2988,00-0032066,Tevin Mitchel,,CB,,,,,Active,7.0
4386,00-0033362,Lenzy Pipkins,,CB,,,,,Inactive,5.0
1490,00-0030542,Terrance Williams,,WR,,,,,Inactive,9.0
4072,00-0033884,Tre'Davious White,,CB,,,,,Active,9.0
5181,00-0034468,Chandon Sullivan,,CB,,,,,Active,6.0
232,00-0023500,Frank Gore,,RB,,,,,Active,17.0
3314,00-0032420,Brandon Shell,,T,,,,,Active,7.0
3337,00-0032428,Tyrone Holmes,,DE,,,,,Inactive,6.0
3189,00-0032379,Eli Apple,,CB,,,,,Active,10.0
6379, 00-0035099,Khari Blasingame,,FB,,,,,Active,6.0
5555,00-0034229,Dakoda Shepley,,C,,,Questionable,Ankle,Active,7.0
5628,00-0034605,Cavon Walker,,DT,,,,,Inactive,4.0
1139,00-0029275,Ladarius Green,,TE,,,,,Inactive,8.0
6732, 00-0035736,Travis Vornkahl,,OT,,,,,Active,3.0
3320,00-0032785,Halapoulivaati Vaitai,,G,,,,,Active,8.0
919,00-0028116,Aldrick Robinson,,WR,,,,,Inactive,11.0
5142,00-0034131,Kurt Benkert,,QB,,,,,Active,4.0
5682,00-0034444,Cayson Collins,,OLB,,,,,Active,4.0
1546,00-0030465,Kenjon Barner,,RB,,,,,Inactive,9.0
5337,00-0034167,Devante Downs,,LB,,,,,Active,4.0
4164,00-0033559,Michael Roberts,,TE,,,,,Inactive,5.0
5929, 00-0035474,Anthony Johnson,,WR,,,,,Active,3.0
5163,00-0034597,Ryan Nall,,RB,,,,,Inactive,4.0
6060, 00-0035239,Sean Murphy-Bunting,TB,CB,,,,,Active,7.0
5621,00-0034627,Mason Gentry,,G,,,,,Active,4.0
3243,00-0033091,KeiVarae Russell,,DB,,,,,Active,6.0
139,00-0026243,William Hayes,,DE,,,,,Inactive,14.0
4241,00-0033595,Pat O'Connor,,DE,,,,,Active,9.0
3445,00-0032980,Marcus Johnson,,WR,,,,,Active,7.0
3178,00-0032760,Josh Doctson,,WR,,,,,Active,6.0
2344,00-0031551,Eddie Goldman,,DT,,,,,Active,11.0
3215,00-0033050,Xavien Howard,,DB,,,,,Inactive,9.0
5454,00-0034114,Coleman Shelton,LAR,OL,,OL,,,Active,8.0
1480,00-0030505,D.J. Fluker,,T,,,,,Inactive,11.0
745,00-0025399,Marshawn Lynch,,RB,,,,,Injured Reserve,15.0
6421, 00-0035414,Jalen Guyton,,WR,,,,,Active,5.0
4468,00-0033421,Antony Auclair,,TE,,,,,Active,5.0
3813, 00-0032849,Tre Roberson,,CB,,,,,Active,6.0
6029, 00-0035003,Jackson Barton,,T,,,,,Active,6.0
3695,00-0032986,J.P. Holtz,,TE,,,,,Active,7.0
3685,00-0032666,John Kling,,OT,,,,,Active,6.0
1055,00-0029268,Gino Gradkowski,,C,,,,,Inactive,10.0
6697, 00-0035635,Floyd Allen,,WR,,,,,Active,3.0
2500,00-0031607,Leterrius Walton,,DE,,,,,Active,7.0
1261,00-0029678,David DeCastro,,OG,,,,,Active,10.0
1340,00-0030561,Lane Johnson,PHI,T,,OL,,,Active,13.0
3170,00-0033108,Paxton Lynch,,QB,,,,,Inactive,6.0
4799,00-0034018,Jeremy Faulk,,DT,,,,,Active,5.0
1674,00-0030228,A.J. Bouye,CAR,CB,,,,,Active,9.0
79,00-0030132,Stefan Charles,,DT,,,,,Inactive,7.0
1808,00-0031171,Preston Brown,,LB,,,,,Active,8.0
5558,00-0034240,Marcus Martin,,RB,,,,,Active,4.0
1233,00-0029255,Bobby Wagner,,LB,,,,,Active,14.0
5346,00-0034431,Zaire Franklin,GB,LB,1.0,RILB,,,Active,8.0
4351,00-0033375,Tim Patrick,NYJ,WR,7.0,LWR,IR,Groin,Inactive,9.0
1639,00-0029889,Patrick Omameh,,OL,,,,,Active,9.0
2614,00-0032162,T.Y. McGill,,DT,,,,,Active,9.0
5433,00-0034105,Ranthony Texada,,CB,,,NA,,Inactive,4.0
5500,00-0034143,Richard Jarvis,,DL,,,,,Inactive,4.0
2224,00-0031393,Maurice Alexander,,LB,,,,,Active,8.0
4863,00-0034343,Josh Rosen,,QB,,,,,Active,5.0
4524,00-0033602,Ironhead Gallon,,SS,,,,,Active,5.0
2220,00-0031182,Kevin Pamphile,,G,,,,,Active,8.0
5303,00-0034372,Joel Iyiegbuniwe,,LB,,,,,Active,6.0
3351,00-0032432,Wes Schweitzer,,G,,,,,Active,9.0
5467,00-0034875,Tigie Sankoh,,SS,,,,,Active,4.0
5108,00-0034412,Luke Falk,,QB,,,,,Active,4.0
2410,00-0031941,Jamison Crowder,,WR,,,,,Active,10.0
1038,00-0029585,Chandler Jones,,LB,,,,,Active,11.0
641,00-0027859,Russell Okung,,OT,,,,,Active,12.0
1706,00-0030181,Jack Doyle,IND,TE,,,,,Active,9.0
3198,00-0032764,Derrick Henry,BAL,RB,1.0,RB,,,Active,10.0
528,00-0027720,Geno Atkins,,DT,,,,,Active,12.0
5011,00-0034160,Michael Dickson,SEA,P,,P,,,Active,8.0
4829,00-0034035,Daniel Williams,,WR,,,,,Active,5.0
2495,00-0032117,Nick O'Leary,,TE,,,,,Active,7.0
4361,00-0033337,Brandon Bell,,ILB,,,,,Inactive,5.0
5768,00-0034841,Brandon Bryant,,SS,,,,,Inactive,4.0
4090,00-0033461,Raekwon McMillan,,LB,,,,,Active,8.0
5057,00-0034359,Tyquan Lewis,,DE,,,,,Active,8.0
4689,00-0033819,Jamal Carter,,DB,,,,,Inactive,5.0
4735,00-0034009,Alex Jenkins,,DE,,,,,Inactive,5.0
6429, 00-0035044,J.T. Hassell,,DB,,,,,Active,3.0
6645, 00-0035393,Anthony Chesley,,CB,,,,,Active,4.0
6694, 00-0035628,D'Ernest Johnson,,RB,,,,,Active,7.0
1974,00-0030850,Cody Parkey,,K,,,,,Active,8.0
5386,00-0034479,Matt McCrane,,K,,,,,Active,6.0
1729,00-0029629,Nathan Stupar,,LB,,,,,Active,10.0
1118,00-0029620,Brandon Marshall,,LB,,,,,Active,10.0
5523,00-0034475,Will House,,G,,,,,Active,4.0
4145,00-0033939,Vince Biegel,,LB,,,,,Inactive,6.0
6575, 00-0035496,Justin Alexandre,,DL,,,,,Active,3.0
2714,00-0031884,Gabe Holmes,,TE,,,,,Inactive,7.0
5247,00-0034147,David Marvin,,K,,,,,Active,4.0
5211,00-0034222,Jake Wieneke,,WR,,,,,Active,4.0
5680,00-0034539,Corey Thompson,,OLB,,,,,Active,4.0
5257,00-0034177,Tim Boyle,,QB,,,,,Active,7.0
2750,00-0031763,DeAndre Carter,,WR,,,,,Active,11.0
3718,00-0032631,Makinton Dorleant,,CB,,,,,Inactive,6.0
6030, 00-0035305,Jordan Brown,,DB,,,,,Active,3.0
4256,00-0033969,Ifeadi Odenigbo,,DE,,,,,Active,7.0
5307,00-0034813,Justin Lawler,,LB,,,,,Active,4.0
4285,00-0033530,Robert Davis,,WR,,,,,Active,5.0
4196,00-0033569,Roderick Johnson,,T,,,,,Active,7.0
1182,00-0029285,Josh Norman,,CB,,,,,Active,12.0
5431,00-0034100,Shay Fields,,WR,,,,,Active,4.0
4276,00-0033861,Mike Tyson,,SS,,,,,Inactive,5.0
2397,00-0032227,Jeff Heuerman,,TE,,,,,Active,7.0
5991, 00-0034973,Maxx Crosby,LV,DE,1.0,ROLB,,,Active,7.0
3842,00-0032932,Ryan O'Malley,,TE,,,,,Inactive,6.0
3312,00-0032975,Jonathan Williams,,RB,,,,,Active,8.0
2245, 00-0031044,Troy Niklas,,TE,,,,,Injured Reserve,6.0
3553,00-0032529,Johnny Maxey,,DT,,,,,Inactive,6.0
4389,00-0033399,Chase Allen,,OLB,,,,,Inactive,5.0
1558,00-0030386,William Gholston,,DE,,,,,Active,12.0
3229,00-0032390,Cyrus Jones,,CB,,,,,Active,6.0
3734,00-0032734,Brennan Scarlett,,LB,,,,,Active,7.0
5976, 00-0035454,Karan Higdon,,RB,,,,,Inactive,3.0
4503,00-0033503,Arthur Maulet,,CB,,,,,Active,9.0
4478,00-0033432,Jonathan Moxey,,CB,,,,,Active,5.0
1088,00-0029316,Kelvin Beachum,,OL,,,,,Active,14.0
4148,00-0033463,Carl Lawson,,DE,,,,,Active,8.0
5627,00-0034604,Andrew Trumbetti,,DE,,,,,Active,4.0
2673,00-0031868,Damiere Byrd,,WR,,,,,Active,9.0
2466,00-0031948,Ryan Russell,,DE,,,,,Inactive,5.0
2383,00-0032059,P.J. Williams,,CB,,,,,Active,8.0
6710, 00-0035691,Josh Caldwell,,RB,,,,,Active,3.0
3265,00-0033010,Sheldon Day,,DT,,,,,Active,10.0
4981,00-0034837,Calvin Ridley,TEN,WR,3.0,RWR,,,Active,8.0
4102,00-0033904,Dion Dawkins,BUF,OT,,OL,,,Active,9.0
4171,00-0033943,Josh Reynolds,,WR,,,,,Active,9.0
4573,00-0033661,Lewis Neal,,DT,,,,,Inactive,5.0
1999,00-0031101,Shaquil Barrett,,LB,,,,,Active,11.0
6455, 00-0035051,Willie Wright,,OL,,,,,Active,3.0
4619,00-0033779,Dee Virgin,,DB,,,,,Active,5.0
3275,00-0033079,Ricardo Louis,,WR,,,,,Inactive,6.0
6138, 00-0035370,Saivion Smith,,CB,,,,,Active,4.0
4581,00-0033678,Jerrol Garcia-Williams,,ILB,,,,,Inactive,5.0
4424,00-0033390,D.J. Killings,,CB,,,,,Inactive,5.0
5204,00-0034625,Anthony Coyle,,T,,,,,Active,4.0
3745,00-0032674,Nicholas Grigsby,,OLB,,,,,Inactive,6.0
5279,00-0034206,Quadree Henderson,,WR,,,,,Inactive,4.0
5318,00-0034385,Ja'Whaun Bentley,,LB,,,,,Active,7.0
5722,00-0034710,Darvin Kidsy,,WR,,,,,Active,4.0
5912, 00-0035402,Carl Granderson,NO,DE,1.0,LOLB,,,Active,7.0
3328,00-0032977,Rashard Higgins,,WR,,,,,Active,7.0
5671,00-0034662,Joshua Kalu,,DB,,,,,Active,6.0
2373,00-0032256,Clive Walford,,TE,,,,,Active,7.0
235,00-0022045,Terence Newman,,CB,,,,,Inactive,17.0
2961,00-0031852,David Andrews,,C,,,,,Active,10.0
5914, 00-0035665,David Long,NO,CB,,DB,IR,Undisclosed,Inactive,7.0
2181,00-0030750,James Stone,,C,,,,,Inactive,6.0
4168,00-0033952,Grover Stewart,IND,DT,1.0,LDT,,,Active,9.0
4244,00-0033304,Devante Mays,,RB,,,,,Inactive,5.0
3252,00-0033084,Kendall Fuller,,CB,,,,,Active,9.0
1113,00-0029692,Bryan Anger,DAL,P,,P,,,Active,14.0
5073,00-0034810,Sebastian Joseph-Day,PIT,DT,2.0,NT,,,Active,8.0
1858,00-0031414,Dexter McDougle,,CB,,,,,Inactive,8.0
1035,00-0029570,Nate Ebner,NYG,DB,,,,,Inactive,10.0
4374,00-0033350,Donatello Brown,,CB,,,,,Inactive,5.0
5859, 00-0035676,A.J. Brown,NE,WR,6.0,LWR,IR,Ankle,Inactive,7.0
441,00-0026944,Captain Munnerlyn,,CB,,,,,Inactive,13.0
2645,00-0032007,Quinton Dunbar,,CB,,,,,Active,7.0
2333,00-0032234,Laken Tomlinson,DAL,OL,,,,,Active,11.0
4034,00-0033280,Christian McCaffrey,SF,RB,1.0,RB,,,Active,9.0
1216,00-0029530,Justin Bethel,,DB,,,,,Active,12.0
988,00-0028434,Doug Baldwin,,WR,,,,,Injured Reserve,11.0
5016,00-0034835,Malik Jefferson,,LB,,,,,Inactive,6.0
6699, 00-0035645,Gunner Olszewski,NYG,WR,6.0,,IR,Achilles,Inactive,7.0
5603,00-0034453,Anthony Moten,,DL,,,,,Active,4.0
3249,00-0033037,Adolphus Washington,,DT,,,,,Inactive,6.0
1521,00-0030074,David Bakhtiari,,OT,,,,,Inactive,11.0
3270,00-0033121,B.J. Goodson,,LB,,,,,Injured Reserve,6.0
2487,00-0031953,Geremy Davis,,WR,,,,,Active,7.0
5937, 00-0035216,Diontae Johnson,,WR,,,,,Active,6.0
4693,00-0033831,Andrew Wylie,WAS,G,,OL,,,Active,9.0
2720,00-0031491,Brian Peters,,LB,,,,,Inactive,7.0
3335,00-0032896,Drew Kaser,,P,,,,,Active,6.0
4263,00-0033295,Elijah McGuire,KC,RB,,,,,Active,5.0
3973,00-0033868,Myles Garrett,LAR,DE,1.0,ROLB,IR,Knee,Inactive,9.0
6725, 00-0035729,Rishard Cook,,G,,,,,Active,3.0
1310,00-0029144,Tom Compton,,OL,,,,,Inactive,11.0
5577,00-0034289,Ryan Hunter,,G,,,,,Active,4.0
2368,00-0032210,Frank Clark,,DE,,,,,Active,8.0
4484,00-0033507,Raysean Pringle,,SS,,,,,Active,5.0
6532, 00-0035041,Brian Fineanganofo,,OT,,,,,Active,3.0
4162,00-0033562,Ryan Switzer,,WR,,,,,Active,5.0
5091,00-0034274,Parry Nickerson,,CB,,,,,Active,8.0
6177, 00-0035656,Khalen Saunders,,DT,,,,,Active,7.0
4678,00-0033742,Tyrone Swoopes,,TE,,,,,Active,5.0
6670, 00-0035550,Sterling Sheffield,,OLB,,,,,Active,3.0
4455,00-0033308,Matt Breida,,RB,,,,,Active,7.0
2291,00-0028411,Dontrelle Inman,,WR,,,,,Active,11.0
4978,00-0034743,Rashaan Evans,,LB,,,,,Active,7.0
4032,00-0033523,Jonathan Allen,CIN,DT,1.0,LDT,,,Active,9.0
1548,00-0030455,Star Lotulelei,BUF,DT,,,,,Active,9.0
3363,00-0032437,Kamu Grugier-Hill,,LB,,,,,Active,9.0
5959, 00-0035681,Mike Edwards,,DB,,,,,Active,7.0
787,00-0028129,Jason Kelce,,C,,,,,Active,13.0
2143,00-0030757,Mike Pennel,,DT,,,,,Active,12.0
6424, 00-0035613,Matt Kaskey,,OT,,,,,Active,5.0
4296,00-0033226,JT Jones,,OLB,,,,,Active,0.0
1658,00-0030011,Jordan Devey,,OL,,,,,Active,9.0
5088,00-0034402,Duke Ejiofor,ATL,LB,,,,,Active,4.0
1120,00-0029061,Julian Stanford,,LB,,,,,Active,11.0
6460, 00-0035109,Cole Herdman,,TE,,,,,Active,3.0
5714,00-0034703,Tim Wilson,,WR,,,,,Active,4.0
5134,00-0034317,Keith Kirkwood,,WR,,,,,Active,8.0
6128, 00-0035637,Rock Ya-Sin,DET,CB,2.0,RCB,,,Active,7.0
3447,00-0032963,Cayleb Jones,,WR,,,,,Active,6.0
2309,00-0031544,Amari Cooper,,WR,,,,,Active,10.0
754,00-0027723,Al Woods,,DT,,,,,Active,14.0
5362,00-0034429,Jordan Mailata,PHI,T,,OL,,,Active,8.0
1659,00-0030017,Will Pericak,,G,,,,,Active,9.0
2378,00-0032058,Tevin Coleman,,RB,,,,,Active,8.0
4664,00-0033700,Nigel Harris,,ILB,,,,,Active,5.0
5469,00-0034124,Chris Schleuger,,G,,,NA,,Inactive,4.0
4866,00-0034844,Saquon Barkley,PHI,RB,1.0,RB,,,Active,8.0
5971, 00-0034969,Ben Banogu,,DE,,,,,Active,4.0
1500,00-0030472,Jordan Reed,,TE,,,,,Injured Reserve,9.0
4395,00-0033405,Torry McTyer,,CB,,,,,Active,5.0
290,00-0025424,Eric Weddle,LAR,FS,,,,,Inactive,15.0
4068,00-0033536,Mike Williams,,WR,,,DNR,Undisclosed,Active,8.0
3867,00-0033024,Branden Jackson,,DE,,,,,Inactive,6.0
1542,00-0030427,Kemal Ishmael,,SS,,,,,Active,9.0
5940, 00-0035608,Landis Durham,,OLB,,,,,Active,3.0
2080,00-0031403,Jay Bromley,,DT,,,,,Inactive,8.0
6679, 00-0035579,Tuzar Skipper,,LB,,,,,Active,3.0
1833,00-0030874,Damien Williams,,RB,,,,,Inactive,9.0
5787,00-0034878,Bryce Bobo,,WR,,,,,Active,4.0
3261,00-0032397,Rees Odhiambo,,OT,,,,,Inactive,6.0
962,00-0028022,Mason Foster,,LB,,,,,Inactive,11.0
5639,00-0034606,Ryan Winslow,,P,,,,,Active,4.0
4791,00-0034007,Darius Victor,,RB,,,,,Active,5.0
6160, 00-0035016,Josiah Tauaefa,,ILB,,,,,Active,3.0
6244, 00-0035375,Brandon Rusnak,,CB,,,,,Active,3.0
6141, 00-0035262,Drue Tranquill,KC,LB,1.0,LOLB,,,Active,7.0
6662, 00-0035572,Parker Hesse,,TE,,,,,Active,5.0
1496,00-0030585,Justin Pugh,,OL,,,,,Active,11.0
5420,00-0034568,Steven Richardson,,DT,,,,,Active,4.0
5999, 00-0035586,D'Cota Dixon,,FS,,,,,Active,3.0
5140,00-0034180,Jaelon Acklin,,WR,,,,,Active,4.0
3703,00-0032708,Deon King,,OLB,,,,,Inactive,6.0
6048, 00-0034985,Daylon Mack,,DT,,,,,Inactive,3.0
2271,00-0030770,Brock Coyle,,LB,,,,,Inactive,8.0
1323,00-0029391,Sean McGrath,,TE,,,,,Inactive,8.0
354,00-0027044,Michael Johnson,,DE,,,,,Inactive,13.0
507,00-0027861,C.J. Spiller,,RB,,,,,Inactive,10.0
1146,00-0029641,Tyrone Crawford,,DE,,,,,Injured Reserve,10.0
1244,00-0029664,Josh Gordon,,WR,,,,,Active,10.0
1596,00-0030432,Christine Michael,,RB,,,,,Inactive,9.0
5822, 00-0034887,Alexander Johnson,,LB,,,,,Active,6.0
4266,00-0033970,Shalom Luani,,SS,,,,,Active,5.0
5119,00-0034794,Jason Sanders,NYJ,K,,,,,Active,8.0
5967, 00-0035261,Tony Pollard,TEN,RB,1.0,RB,,,Active,7.0
1254,00-0029691,Josh Robinson,,CB,,,,,Active,10.0
5384,00-0034504,Jonah Trinnaman,,WR,,,,,Inactive,4.0
6545, 00-0035071,Chuck Harris,,DE,,,,,Active,3.0
5496,00-0034554,James Hearns,,LB,,,,,Active,4.0
1271, 00-0022684,Donnie Jones,,P,,,,,Inactive,18.0
5982, 00-0035139,Marquise Blair,,DB,,,,,Active,5.0
695,00-0025396,Ted Ginn,,WR,,,,,Injured Reserve,15.0
4476,00-0033430,Greg Mabin,,CB,,,,,Active,6.0
5219,00-0034620,Antonio Simmons,,DL,,,,,Active,4.0
843,00-0027969,Cameron Heyward,PIT,DT,1.0,RDE,,,Active,15.0
3392,00-0032804,Daniel Lasco,,RB,,,,,Inactive,6.0
5956, 00-0035295,Isaiah Prince,,T,,,Questionable,Knee,Inactive,6.0
4517,00-0033513,Ricky Ali'ifua,,DT,,,,,Active,5.0
2617, 00-0031898,Alex Singleton,DEN,LB,1.0,RILB,,,Active,11.0
738,00-0025630,Clark Harris,,LS,,,,,Inactive,16.0
6550, 00-0035152,Dino Boyd,,OT,,,,,Active,3.0
1885,00-0031304,Will Clarke,,DE,,,,,Inactive,8.0
3241,00-0033093,Jonathan Bullard,DAL,DE,2.0,LDE,,,Active,10.0
5471,00-0034123,Trey Johnson,,CB,,,,,Active,4.0
1114,00-0029707,Justin Blackmon,,WR,,,,,Inactive,10.0
6014, 00-0035147,Rashad Fenton,,CB,,,,,Active,5.0
5485,00-0034194,Conor Sheehy,,NT,,,,,Active,4.0
3197,00-0033073,Emmanuel Ogbah,KC,DE,,,,,Active,10.0
589,00-0027609,J'Marcus Webb,,OT,,,,,Active,12.0
2132,00-0031021,Jared Abbrederis,,WR,,,,,Inactive,6.0
1227,00-0029278,Joe Looney,,OG,,,,,Injured Reserve,10.0
1345,00-0030401,Kiko Alonso,,LB,,,,,Active,9.0
4987,00-0034345,Frank Ragnow,,C,,,,,Active,7.0
5916, 00-0035664,Darrell Henderson,,RB,,,,,Active,4.0
6069, 00-0035399,Stanley Morgan,,WR,,,,,Active,6.0
5060,00-0034836,Braden Smith,HOU,OL,,OL,IR,Foot,Inactive,8.0
4357,00-0033408,Bryan Cox,,DE,,,,,Active,5.0
3463,00-0032611,Jhurell Pressley,,RB,,,,,Inactive,6.0
6163, 00-0035018,Alex Wesley,,WR,,,,,Inactive,3.0
6491, 00-0035086,Adam Choice,,RB,,,,,Active,3.0
1949,00-0031142,Matt Feiler,,G,,,,,Active,10.0
621,00-0027854,Sam Bradford,,QB,,,,,Inactive,11.0
5491,00-0034564,DeQuinton Osborne,,DT,,,,,Active,4.0
5027,00-0034817,Geron Christian,JAX,OL,,,,,Active,8.0
2465,00-0032113,Kenny Bell,,WR,,,,,Inactive,7.0
3681,00-0032574,Michael Pierce,,DT,,,,,Active,9.0
5723,00-0034712,Casey Dunn,,C,,,,,Inactive,4.0
2544,00-0032123,Tre McBride,,WR,,,,,Inactive,5.0
1563,00-0029794,Daren Bates,,LB,,,,,Active,9.0
871,00-0027940,Von Miller,DAL,LB,2.0,ROLB,,,Active,15.0
5380,00-0034282,Azeem Victor,,OLB,,,,,Active,4.0
5442,00-0034111,Trey Marshall,,DB,,,,,Active,4.0
2839,00-0031999,Justin March-Lillard,,LB,,,,,Active,7.0
6548, 00-0035209,Marcus Marshall,,RB,,,,,Inactive,3.0
5503,00-0034142,J.C. Hassenauer,,C,,,,,Active,6.0
5349,00-0034687,Korey Cunningham,,T,,,,,Active,5.0
546,00-0027684,Earl Mitchell,,DT,,,,,Active,12.0
3344,00-0032430,David Morgan,,TE,,,,,Inactive,6.0
819,00-0027968,Muhammad Wilkerson,,DE,,,,,Inactive,11.0
1076,00-0029065,Johnson Bademosi,,CB,,,,,Active,10.0
5366,00-0034397,Tim Settle,WAS,DT,1.0,NT,,,Active,8.0
3214,00-0033090,Hunter Henry,NE,TE,1.0,TE,,,Active,10.0
1374,00-0030066,Brian Winters,,OL,,,,,Active,9.0
4587,00-0033671,Marcus Rios,,CB,,,,,Inactive,5.0
4668, 00-0033704,James Onwualu,,LB,,,,,Injured Reserve,5.0
5084,00-0034398,Natrell Jamerson,LV,DB,,,,,Active,4.0
6564, 00-0035403,Ethan Greenidge,,OL,,,,,Active,5.0
2863,00-0031738,Justin Currie,,SS,,,,,Inactive,7.0
285,00-0025489,Brian Robison,,DE,,,,,Inactive,13.0
4522,00-0033599,Carlton Agudosi,,WR,,,,,Inactive,5.0
5277,00-0034319,Deon Yelder,,TE,,,,,Active,4.0
4260,00-0033965,Adam Bisnowaty,,OT,,,,,Inactive,5.0
273,00-0025555,Corey Graham,,FS,,,,,Inactive,15.0
4467,00-0033323,Darrell Williams,,G,,,,,Inactive,5.0
3976,00-0033869,Mitchell Trubisky,TEN,QB,2.0,QB,,,Active,9.0
5330,00-0034373,Dorance Armstrong,WAS,DE,2.0,LOLB,,,Active,8.0
3508,00-0032877,Marcus Henry,,OL,,,,,Active,6.0
772,00-0026672,Ramon Humber,,LB,,,,,Inactive,13.0
837,00-0028075,Buster Skrine,,DB,,,,,Active,11.0
5868, 00-0035694,Greg Little,,T,,,,,Inactive,4.0
4359,00-0033410,Cole Luke,,CB,,,,,Active,5.0
3063,00-0031801,Jordan Leslie,,WR,,,,,Inactive,7.0
6500, 00-0035178,Sterling Shippy,,DT,,,,,Active,3.0
4966,00-0034847,Mike McGlinchey,DEN,T,,OL,,,Active,8.0
1852,00-0031017,Dakota Dozier,,G,,,,,Inactive,9.0
3544,00-0032989,Mike Matthews,,C,,,,,Active,6.0
3631,00-0032459,Aaron Neary,,C,,,,,Active,6.0
4224,00-0033294,Chuck Clark,DET,DB,3.0,FS,,,Active,9.0
1913,00-0031253,K'Waun Williams,,CB,,,,,Active,10.0
1724, 00-0030187,Rashad Ross,,WR,,,,,Inactive,7.0
40,00-0026201,Martellus Bennett,,TE,,,,,Inactive,12.0
4549,00-0033631,Rashaad Coward,,OL,,,,,Active,6.0
6633, 00-0035328,Matt Nelson,,T,,,Questionable,Undisclosed,Active,7.0
826,00-0027996,Torrey Smith,,WR,,,,,Injured Reserve,11.0
4294,00-0033222,Deante Burton,,CB,,,,,Active,5.0
460,00-0027025,Max Unger,,C,,,,,Injured Reserve,13.0
953,00-0028003,Terrell McClain,,DT,,,,,Inactive,11.0
2260,00-0031337,Marcus Martin,,C,,,,,Active,8.0
3716,00-0032628,Kentrell Brice,,FS,,,,,Inactive,6.0
5470,00-0034125,Kendal Vickers,,DE,,,,,Active,6.0
5044,00-0034357,Isaiah Oliver,TEN,CB,,,,,Active,8.0
3289,00-0033076,Derrick Kindred,,FS,,,,,Inactive,6.0
4091,00-0033894,Marcus Williams,,DB,,,,,Active,9.0
1369,00-0030112,Tommy Bohanon,,FB,,,,,Inactive,9.0
6330, 00-0035508,Santos Ramirez,,FS,,,,,Active,3.0
3472,00-0032634,David Grinnage,,TE,,,,,Inactive,6.0
4066,00-0033881,Evan Engram,DEN,TE,1.0,TE,,,Active,9.0
6467, 00-0035073,Jonathan Harris,,DT,,,,,Active,7.0
3048,00-0031484,Chris Manhertz,NYG,TE,3.0,TE,,,Active,11.0
3164,00-0033045,Ezekiel Elliott,,RB,,,,,Active,9.0
6227, 00-0035353,Nick Easley,,WR,,,,,Active,3.0
5415, 00-0034542,Zachary Crabtree,,OT,,,,,Active,4.0
1175,00-0029261,Casey Hayward,,CB,,,,,Active,11.0
5789,00-0034880,Nathan Bazata,,DT,,,,,Active,4.0
1068,00-0029560,Dre Kirkpatrick,,CB,,,,,Active,10.0
3986,00-0033187,Jeff Richards,,CB,,,,,Inactive,5.0
874,00-0028067,Julius Thomas,,TE,,,,,Inactive,9.0
4402,00-0033324,Tashawn Bower,,DE,,,,,Active,6.0
5544,00-0034191,Marcus Porter,,ILB,,,,,Active,4.0
2363,00-0032127,Markus Golden,,LB,,,,,Active,9.0
2036,00-0031040,Khalil Mack,LAC,LB,1.0,ROLB,,,Active,12.0
5903, 00-0035251,Will Grier,,QB,,,NA,Undisclosed,Active,7.0
4212,00-0033956,Marquel Lee,,LB,,,,,Active,5.0
3432,00-0032874,Joseph Cheek,,G,,,,,Active,6.0
954,00-0027939,Cam Newton,,QB,,,,,Active,11.0
5824, 00-0034908,Hayden Hunt,,P,,,,,Active,3.0
17,00-0023853,Matt Prater,,K,,,,,Active,20.0
1934,00-0030792,Justin McCray,,OL,,,,,Active,10.0
5144,00-0034156,Malik Williams,,RB,,,,,Active,4.0
2314,00-0032259,Ereck Flowers,WAS,T,,,,,Active,7.0
3487,00-0032676,Michael Jordan,,CB,,,,,Inactive,6.0
1367,00-0030411,Logan Ryan,,DB,,,,,Active,11.0
5509,00-0034579,Kyle Bosch,,G,,,,,Active,4.0
6495, 00-0035096,Jay-Tee Tiuli,,NT,,,,,Active,3.0
3182,00-0033096,Shaq Lawson,,DE,,,,,Active,10.0
6333, 00-0035133,Keisean Nixon,GB,CB,1.0,LCB,,,Active,7.0
6543, 00-0035391,Kevin Wilkins,,DE,,,,,Inactive,3.0
5373,00-0034283,Jullian Taylor,,DT,,,,,Active,4.0
2375, 00-0031560,Jaelen Strong,,WR,,,,,Inactive,5.0
1646,00-0029972,A.J. Francis,,DT,,,,,Inactive,7.0
2357,00-0031557,Jordan Phillips,,DE,,,Questionable,Ankle,Active,11.0
6215, 00-0035263,Wes Martin,,G,,,,,Active,4.0
1561,00-0030387,Steven Means,,LB,,,,,Inactive,10.0
5901, 00-0035234,Tytus Howard,CLE,OL,,OL,,,Active,7.0
5097,00-0034399,Wyatt Teller,HOU,G,,OL,,,Active,8.0
6571, 00-0035349,Tre Watson,,ILB,,,,,Active,3.0
5943, 00-0035274,Ross Pierschbacher,,OL,,,,,Active,4.0
3547,00-0032515,Braedon Bowman,,TE,,,,,Inactive,6.0
6385, 00-0035606,Matt Colburn,,RB,,,,,Active,3.0
1032,00-0029409,Mychal Kendricks,,LB,,,,,Active,10.0
490,00-0026544,Chase Daniel,,QB,,,,,Active,14.0
6271, 00-0035208,Olamide Zaccheaus,ATL,WR,3.0,SWR,,,Active,7.0
4879,00-0033411,Francis Owusu,,WR,4.0,LWR,NA,,Inactive,3.0
5756,00-0034795,Garrett Dickerson,,TE,,,,,Active,4.0
563,00-0027858,Eric Berry,,SS,,,,,Inactive,12.0
2108,00-0031041,Kyle Fuller,,CB,,,,,Inactive,9.0
4253,00-0033469,Vincent Taylor,,DT,,,,,Inactive,6.0
1255,00-0029670,Mark Barron,,LB,,,,,Inactive,10.0
5391,00-0034072,Steven Dunbar,,WR,,,,,Inactive,4.0
6219, 00-0035145,Austin Seibert,,K,,,,,Active,6.0
6291, 00-0035301,Donovan Wilson,,DB,,,,,Active,7.0
4416,00-0033382,Austin Carr,,WR,,,,,Inactive,5.0
5135,00-0034170,Saeed Blacknall,,WR,,,,,Inactive,4.0
2192,00-0031122,Andrew Norwell,,OL,,,,,Active,9.0
4660,00-0033696,Sean Culkin,,TE,,,,,Inactive,5.0
1486,00-0030546,Travis Frederick,,C,,,,,Injured Reserve,9.0
5435,00-0034095,Tarvarus McFadden,,CB,,,,,Inactive,4.0
5206,00-0034626,Trevor Daniel,,P,,,,,Active,4.0
5447,00-0034086,Lashard Durr,,CB,,,NA,,Inactive,4.0
3180,00-0032761,Robert Nkemdiche,,DT,,,,,Active,6.0
1259,00-0029693,Olivier Vernon,,DE,,,,,Active,10.0
2187,00-0031336,Kony Ealy,,DE,,,Sus,,Inactive,8.0
3485,00-0032523,Henry Krieger-Coble,,TE,,,,,Inactive,6.0
3427,00-0033001,Trae Elston,,SS,,,,,Inactive,6.0
4859,00-0033447,Ahmad Thomas,,ILB,,,,,Active,5.0
2362,00-0032242,Rob Havenstein,,OL,,,,,Inactive,11.0
2869,00-0031357,C.J. Goodwin,,CB,,,,,Active,12.0
1963,00-0030649,Jonotthan Harrison,,OL,,,,,Active,10.0
1025,00-0029416,Brandon Boykin,,CB,,,,,Inactive,8.0
5280,00-0034322,Pharoah McKever,,TE,,,,,Inactive,4.0
878,00-0028008,Justin Houston,,DL,,,,,Active,13.0
4051,00-0033597,Chad Kelly,,QB,,,,,Active,5.0
5271,00-0034449,Buddy Howell,,RB,,,,,Active,4.0
4985,00-0034750,Rashaad Penny,,RB,,,,,Active,6.0
5917, 00-0035140,Mecole Hardman,,WR,,,,,Active,7.0
3836,00-0032929,James Cowser,,OLB,,,,,Inactive,6.0
5361,00-0034377,Avonte Maddox,DET,CB,2.0,FS,Questionable,Foot,Active,8.0
5632,00-0034599,Elijah Norris,,ILB,,,,,Active,4.0
4270, 00-0033531,Colin Holba,CIN,LS,,,,,Active,5.0
5336,00-0034166,Ade Aruna,,DE,,,,,Active,4.0
6419, 00-0035227,P.J. Locke,DAL,DB,2.0,FS,,,Active,7.0
823,00-0028103,Pernell McPhee,,LB,,,,,Active,11.0
4983,00-0034827,DJ Moore,BUF,WR,1.0,LWR,Out,Shoulder,Active,8.0
5022,00-0034351,Dallas Goedert,PHI,TE,1.0,TE,,,Active,8.0
735,00-0026019,Danny Woodhead,,RB,,,,,Inactive,12.0
616,00-0027696,Jimmy Graham,,TE,,,,,Active,14.0
1574,00-0030590,Jonathan Cooper,DEN,G,,,,,Active,13.0
6405, 00-0035318,Ken Webster,NYJ,CB,,,,,Inactive,3.0
518,00-0027647,Devin McCourty,,DB,,,,,Active,13.0
3045,00-0031711,Gannon Sinclair,,TE,,,,,Active,7.0
1565,00-0029764,Cody Davis,,DB,,,,,Active,11.0
1693,00-0029931,Zach Line,,FB,,,,,Injured Reserve,9.0
5176, 00-0034748,Davon Grayson,,WR,,,,,Active,4.0
2493,00-0032116,Darius Philon,,DT,,,,,Active,7.0
6701, 00-0035653,Fred Trevillion,,WR,,,,,Inactive,3.0
3285,00-0032406,Antonio Morrison,,ILB,,,,,Inactive,6.0
4541,00-0033620,Brandon Reilly,,WR,,,,,Inactive,5.0
4990,00-0034846,Shaquille Leonard,,LB,,,,,Active,6.0
6612, 00-0035413,Luke Gifford,SF,LB,3.0,LOLB,,,Active,7.0
6031, 00-0035512,Alex Barnes,,RB,,,,,Active,3.0
5678,00-0034505,Ike Boettger,,OG,,,,,Active,6.0
307,00-0019714,Shane Lechler,,P,,,,,Inactive,20.0
4129,00-0033928,Jourdan Lewis,JAX,CB,1.0,NB,,,Active,9.0
794,00-0028497,Kamar Aiken,,WR,,,,,Inactive,11.0
4178,00-0033561,Donnel Pumphrey,,RB,,,,,Inactive,5.0
5182,00-0034118,Patrick Morris,,C,,,,,Active,4.0
4273,00-0033594,Chris Carson,,RB,,,,,Active,5.0
602,00-0027440,Sam Shields,,CB,,,,,Inactive,12.0
3205,00-0033104,Cody Kessler,,QB,,,,,Active,6.0
4202,00-0033568,Nate Hairston,,CB,,,,,Active,6.0
6692, 00-0035601,Joe Horn,,WR,,,,,Active,3.0
3946, 00-0033176,Jake Ceresna,,DE,,,,,Active,6.0
5799,00-0034892,Darius Prince,,WR,,,,,Active,10.0
4141,00-0033931,Delano Hill,,DB,,,,,Active,5.0
1721,00-0029714,Andrew DePaola,MIN,LS,,LS,,,Active,14.0
3290,00-0032407,Alex Lewis,,OL,,,,,Inactive,6.0
3537,00-0032905,Chris Landrum,,OLB,,,,,Inactive,6.0
6096, 00-0035023,Jamell Garcia-Williams,,LB,,,,,Active,3.0
1689,00-0030035,Adam Thielen,,WR,,,NA,Undisclosed,Active,13.0
6346, 00-0035195,Yurik Bethune,,DE,,,,,Active,3.0
5446,00-0034089,Tomasi Laulile,,DE,,,,,Active,5.0
5292,00-0034667,Devin Ross,,WR,,,,,Active,5.0
5842, 00-0035692,Clelin Ferrell,MIA,DE,,,,,Active,7.0
3279,00-0032403,Juston Burris,,DB,,,,,Active,7.0
6606, 00-0035471,Nick Fitzgerald,,QB,,,,,Active,3.0
5068,00-0034349,Kerryon Johnson,,RB,,,,,Active,4.0
2121,00-0031189,T.J. Jones,,WR,,,,,Active,8.0
5338,00-0034422,Keishawn Bierria,,ILB,,,,,Active,4.0
529,00-0027662,Carlos Dunlap,,DL,,,,,Active,13.0
361,00-0027008,Ziggy Hood,,DE,,,,,Inactive,13.0
6582, 00-0035554,Jocquez Kalili,,DB,,,,,Active,3.0
1200,00-0028957,Austin Davis,,QB,,,,,Inactive,10.0
575,00-0027416,Barry Church,,SS,,,,,Inactive,12.0
1901,00-0030656,Isaiah Crowell,,RB,,,Questionable,,Inactive,8.0
1170,00-0029141,Alfred Morris,,RB,,,,,Active,10.0
447,00-0026814,Demar Dotson,,OT,,,,,Inactive,13.0
2174,00-0030741,Roosevelt Nix,,FB,,,,,Injured Reserve,8.0
5175,00-0034499,Jawill Davis,,WR,,,,,Inactive,4.0
5102,00-0034395,Daurice Fountain,,WR,,,,,Active,6.0
4181,00-0033554,Tedric Thompson,CLE,DB,,,,,Active,5.0
5261,00-0034633,Jester Weah,,WR,,,,,Active,4.0
2151,00-0031256,Anthony Barr,,LB,,,,,Active,10.0
6187, 00-0035716,Aca'Cedric Ware,,RB,,,,,Active,3.0
127,00-0020578,Matt Bryant,,K,,,,,Active,20.0
4602,00-0033757,Robert Tonyan,PIT,TE,3.0,TE,,,Active,9.0
4125,00-0033911,Taywan Taylor,,WR,,,,,Active,5.0
2541,00-0032212,Dexter McDonald,,CB,,,,,Inactive,5.0
4189,00-0033576,Eric Saubert,SEA,TE,3.0,TE,,,Active,9.0
1269,00-0029091,Bradley Sowell,,TE,,,,,Active,10.0
5919, 00-0035442,Elijah Holyfield,,RB,,,,,Active,4.0
3657,00-0032371,Rob Kelley,,RB,,,,,Inactive,6.0
5725,00-0034719,Tobenna Okeke,,OLB,,,,,Active,4.0
5005,00-0034267,Jaleel Scott,,WR,,,,,Inactive,4.0
811,00-0028011,Stevan Ridley,,RB,,,,,Inactive,11.0
1794,00-0030711,David Fluellen,,RB,,,,,Active,8.0
5695,00-0034646,Brandon Powell,,WR,,,,,Active,7.0
4174,00-0033947,Deatrich Wise,WAS,DE,3.0,LDE,PUP,Undisclosed,Active,9.0
5758,00-0034814,Jackson Porter,,CB,,,,,Active,4.0
3528,00-0032663,Taveze Calhoun,,CB,,,,,Inactive,6.0
6403, 00-0034950,Ian Berryman,,P,,,,,Active,3.0
1716,00-0029068,Derrick Coleman,,FB,,,,,Inactive,10.0
5133,00-0034439,Tyler Conklin,DET,TE,3.0,TE,,,Active,8.0
3248,00-0032954,Isaac Seumalo,ARI,G,,OL,Questionable,Shoulder,Active,10.0
6315, 00-0035352,Tyrel Dodson,CAR,LB,3.0,RILB,,,Active,7.0
5734,00-0034709,C.J. Duncan,,WR,,,,,Active,4.0
6570, 00-0035336,Deion Calhoun,,G,,,,,Active,3.0
5630,00-0034600,Nick Orr,,SS,,,,,Active,4.0
3186,00-0033120,Kenny Clark,DAL,DE,1.0,NT,,,Active,10.0
1248,00-0029666,Josh LeRibeus,,G,,,,,Inactive,10.0
1243,00-0029146,J.R. Sweezy,SEA,OG,,,,,Active,10.0
2348,00-0031553,Benardrick McKinney,,LB,,,,,Active,7.0
3244,00-0033122,Shilique Calhoun,,LB,,,,,Active,6.0
2175,00-0030743,Bernard Reedy,,WR,,,,,Inactive,8.0
4248,00-0033470,Leon McQuay,,FS,,,,,Inactive,5.0
2364,00-0032147,Ty Sambrailo,,T,,,,,Injured Reserve,7.0
1532,00-0030385,Gerald Hodges,,LB,,,,,Inactive,9.0
6370, 00-0035443,Damion Jeanpiere,,WR,,,,,Active,3.0
5953, 00-0035595,Demarcus Christmas,,DT,,,,,Active,3.0
5345,00-0034424,Matthew Adams,,LB,,,,,Active,7.0
5222,00-0034446,Jalen Davis,CIN,CB,1.0,NB,,,Active,8.0
2374,00-0032211,Tyler Lockett,,WR,,,,,Active,11.0
4126,00-0033918,Fabian Moreau,WAS,CB,2.0,RCB,,,Active,9.0
3260,00-0032396,Vincent Valentine,,NT,,,,,Inactive,6.0
4649,00-0033744,Chad Wheeler,,T,,,,,Active,5.0
3357,00-0032434,Brandon Allen,,QB,,,,,Active,10.0
2178,00-0031383,Dezmen Southward,,CB,,,,,Inactive,6.0
6268, 00-0035189,Matthew Wright,,K,,,,,Active,7.0
3439,00-0032701,Jake Brendel,SF,OL,,OL,,,Active,10.0
2386,00-0032149,John Miller,,G,,,,,Active,7.0
2347, 00-0031552,Jalen Collins,,CB,,,,,Inactive,7.0
3446,00-0032727,Joel Heath,,DE,,,,,Active,6.0
1000,00-0027560,Albert McClellan,,LB,,,,,Active,12.0
2627,00-0031676,Joey Mbu,,DT,,,,,Inactive,5.0
1451,00-0029854,C.J. Anderson,,RB,,,,,Active,9.0
6563, 00-0035433,Tyler Newsome,,P,,,,,Active,3.0
6046, 00-0034931,Joe Dineen,,ILB,,,NA,,Inactive,3.0
4208,00-0033957,Rodney Adams,,WR,,,,,Active,5.0
1866,00-0031025,Michael Campanaro,,WR,,,,,Injured Reserve,6.0
325,00-0029289,Korey Toomer,,LB,,,,,Inactive,10.0
6685, 00-0035610,Jalen Greene,,WR,,,,,Active,3.0
6377, 00-0035493,Immanuel Turner,,DE,,,,,Active,3.0
4652,00-0033726,Winston Craig,,DE,,,,,Active,5.0
6309, 00-0035453,Austin Exford,,FS,,,,,Active,3.0
5536,00-0034253,Dontrell Hilliard,,RB,,,,,Inactive,5.0
5625,00-0034512,Cam Phillips,,WR,,,,,Inactive,4.0
4604,00-0033598,Eli Ankou,,DT,,,,,Active,8.0
1186,00-0029657,Akiem Hicks,,DT,,,,,Active,11.0
4362,00-0033338,Cethan Carter,,TE,,,,,Inactive,6.0
4973,00-0034830,Hayden Hurst,,TE,,,,,Active,7.0
639,00-0027733,Kam Chancellor,,SS,,,,,Inactive,10.0
2382,00-0032257,Duke Johnson,,RB,,,,,Active,8.0
5066,00-0034262,P.J. Hall,,DT,,,,,Active,4.0
4462,00-0033317,Erik Magnuson,,C,,,,,Inactive,5.0
5186,00-0034519,Darius Jackson,,DE,,,,,Active,4.0
2585,00-0031897,Thomas Rawls,,RB,,,,,Inactive,7.0
3201,00-0033102,Roberto Aguayo,,K,,,,,Inactive,6.0
2405,00-0032107,Angelo Blackson,,DE,,,,,Active,10.0
4993,00-0034829,Mike Gesicki,CIN,TE,1.0,TE,,,Active,8.0
6613, 00-0035132,Lukayus McNeil,,OT,,,NA,,Inactive,3.0
5099, 00-0034396,Jermaine Carter,,LB,,,,,Active,5.0
1947,00-0031364,Jadeveon Clowney,HOU,DE,3.0,RDE,Out,Knee,Active,12.0
2579,00-0031719,Mike Hull,,LB,,,,,Inactive,7.0
5077,00-0034394,Andrew Brown,,DT,,,,,Active,6.0
2411,00-0031569,Jeremy Langford,,RB,,,,,Inactive,7.0
1192,00-0029562,Lavonte David,,LB,,,,,Active,14.0
6599, 00-0035348,Cory Thomas,,DT,,,,,Active,3.0
5248,00-0034184,Gus Edwards,,RB,,,,,Active,7.0
3017,00-0031893,Jesse Davis,,OL,,,,,Active,9.0
4753,00-0033995,Michael Dunn,,OG,,,,,Active,8.0
1909,00-0031232,Robert Nelson,,CB,,,,,Inactive,6.0
2755,00-0031690,Eric Tomlinson,,TE,,,,,Active,10.0
1578,00-0030503,Alex Okafor,,DE,,,,,Active,9.0
2096,00-0031047,Spencer Long,,C,,,,,Injured Reserve,8.0
225,00-0023298,L.P. LaDouceur,,LS,,,,,Inactive,17.0
4684,00-0033826,Jaylen Hill,,CB,,,,,Inactive,5.0
1924,00-0031365,Ryan Shazier,,LB,,,,,Inactive,6.0
6328, 00-0035499,Kyron Brown,,CB,,,,,Active,5.0
5955, 00-0034983,Hunter Renfrow,,WR,,,,,Active,7.0
3841,00-0032934,Tony McRae,,CB,,,,,Inactive,6.0
6711, 00-0035705,Jalen Thompson,DAL,DB,1.0,SS,,,Active,7.0
6356, 00-0035482,Dante Booker,,OLB,,,,,Active,3.0
4262,00-0033299,Derrick Jones,,CB,,,,,Inactive,5.0
6447, 00-0035046,Jarrell Owens,,DE,,,,,Active,3.0
1372,00-0030573,Sheldon Richardson,,DT,,,,,Active,9.0
3216,00-0032386,Kamalei Correa,,LB,,,,,Inactive,6.0
6533, 00-0035052,Dedrick Young,,ILB,,,,,Active,3.0
2191,00-0031121,Marcus Lucas,,WR,,,,,Active,8.0
3370,00-0032443,Joey Hunt,,C,,,,,Active,8.0
5378,00-0034163,Jacob Martin,TEN,DE,1.0,LDE,,,Active,8.0
6493, 00-0035092,Justin Johnson,,TE,,,,,Active,3.0
1592,00-0029738,Darren Fells,TB,TE,,,,,Active,9.0
3868,00-0033025,Jalen Richard,LV,RB,,,,,Active,6.0
5323,00-0034279,Equanimeous St. Brown,,WR,,,,,Inactive,7.0
5510,00-0034581,Taylor Hearn,,G,,,,,Inactive,4.0
5166,00-0034256,Da'Mari Scott,,WR,,,,,Inactive,4.0
4507,00-0033490,Ben Braden,,G,,,,,Active,5.0
533,00-0027688,Colt McCoy,,QB,,,,,Active,13.0
1388,00-0030549,Tyler Eifert,,TE,,,,,Inactive,9.0
344,00-0027150,Julian Edelman,,WR,,,,,Injured Reserve,13.0
2992,00-0032192,Daniel Munyer,,C,,,,,Active,8.0
2403,00-0032150,Steven Nelson,,CB,,,,,Active,10.0
5634,00-0034607,Michael Joseph,,CB,,,,,Inactive,4.0
4257,00-0033977,Jack Tocho,,FS,,,,,Active,5.0
5894, 00-0035697,Germaine Pratt,,LB,,,,,Active,7.0
4001,00-0033191,Jeff Knox,,OLB,,,,,Active,5.0
2016,00-0030997,Zach Fulton,,OL,,,,,Injured Reserve,8.0
4175,00-0033840,Chad Hansen,,WR,,,,,Active,5.0
3250,00-0033065,Le'Raven Clark,,T,,,,,Active,9.0
905,00-0027947,Tyron Smith,,T,,,,,Active,14.0
1583,00-0030127,Marcus Cooper,,CB,,,,,Inactive,9.0
4480,00-0033434,Bobo Wilson,,WR,,,,,Active,5.0
411,00-0026995,Jeremy Maclin,,WR,,,,,Inactive,11.0
1887,00-0031380,Darqueze Dennard,,CB,,,,,Active,8.0
6115, 00-0035489,Wes Hills,,RB,,,,,Inactive,3.0
6234, 00-0035215,Deonte Harty,,WR,,,Questionable,Knee,Active,6.0
4303,00-0033233,Jordan Moore,,FS,,,,,Inactive,5.0
2457,00-0031947,Tyeler Davison,,DT,,,,,Active,8.0
6300, 00-0035315,Cortez Broughton,,DT,,,,,Active,4.0
6080, 00-0035612,Vitas Hrynkiewicz,,C,,,,,Active,3.0
3894,00-0033095,Garrett Griffin,,TE,,,,,Active,7.0
1811,00-0031029,Seantrel Henderson,,T,,,,,Active,8.0
4371,00-0033347,Josh Tupou,NYG,DT,3.0,LDE,,,Active,9.0
2990, 00-0031420,Kasey Redfern,,P,,,,,Active,8.0
5574,00-0034288,Raymond Davison,,ILB,,,,,Active,4.0
6607, 00-0035481,Nate Trewyn,,C,,,,,Active,3.0
4864,00-0034057,Jevoni Robinson,,TE,,,,,Inactive,5.0
2634,00-0032048,Mack Brown,,RB,,,,,Inactive,7.0
6325, 00-0035501,Fredrick Jones,,DT,,,,,Active,3.0
2504,00-0032138,Darius Kilgo,,DT,,,,,Active,7.0
3343,00-0032792,Nate Sudfeld,,QB,,,,,Active,9.0
732,00-0027868,Derrick Morgan,,LB,,,,,Injured Reserve,12.0
6165, 00-0035126,Antoine Wesley,,WR,,,,,Active,4.0
5795,00-0034884,Bryce Canady,,CB,,,NA,,Inactive,4.0
808,00-0028076,Marcus Cannon,,OL,,,,,Inactive,12.0
5300,00-0034266,Kenny Young,,LB,,,,,Active,4.0
12,00-0025446,Ryan Kalil,,C,,,,,Active,15.0
1764,00-0030380,Benson Mayowa,SEA,DE,,,,,Active,9.0
1945,00-0031136,Chris Boswell,PIT,K,1.0,K,,,Active,12.0
3034,00-0031764,Blaine Clausell,,OT,,,,,Inactive,7.0
5191,00-0034325,Taylor Stallworth,,DT,,,,,Inactive,6.0
2392,00-0032166,Sammie Coates,,WR,,,,,Inactive,7.0
6527, 00-0035151,Austin Droogsma,,G,,,,,Active,3.0
4773, 00-0033682,Parker Collins,,C,,,,,Active,5.0
5926, 00-0035312,Dontavius Russell,,NT,,,,,Active,3.0
5631,00-0034585,Dejon Allen,,G,,,,,Active,4.0
1506,00-0030140,Tress Way,WAS,P,,P,,,Active,13.0
2212,00-0030833,Josh Allen,,G,,,,,Inactive,8.0
6049, 00-0035361,Tyre Brady,,WR,,,,,Active,3.0
2238,00-0031051,John Brown,,WR,,,,,Active,9.0
5379,00-0034756,Tre Flowers,,CB,,,,,Active,8.0
1992,00-0031428,Allen Robinson,,WR,,,,,Active,11.0
2028,00-0031280,Derek Carr,,QB,,,NA,Personal,Active,11.0
2102,00-0031006,Robert Thomas,,DT,,,,,Inactive,8.0
6021, 00-0034961,Nick Brossette,,RB,,,,,Active,3.0
4960,00-0034874,Roquan Smith,BAL,LB,1.0,RILB,,,Active,8.0
1509,00-0030441,Kyle Long,,OG,,,,,Active,9.0
1380, 00-0029894,Kapron Lewis-Moore,,DT,,,,,Inactive,9.0
5599,00-0034448,Connor Hilland,,G,,,,,Inactive,4.0
2749,00-0031687,Raheem Mostert,,RB,,,Questionable,Knee,Active,11.0
6094, 00-0035062,Sam Mustipher,JAX,OL,,OL,IR,Undisclosed,Inactive,7.0
571,00-0027864,Ryan Mathews,,RB,,,,,Inactive,10.0
5920, 00-0035655,Will Harris,,DB,,,,,Active,7.0
5458,00-0034873,Du'Vonta Lampkin,,DT,,,,,Active,4.0
4358,00-0033409,Austin Duke,,WR,,,,,Active,5.0
1395,00-0030471,Shawn Williams,,DB,,,,,Active,9.0
3705,00-0032710,Jeremiah McKinnon,,CB,,,,,Inactive,6.0
6127, 00-0035241,Joejuan Williams,,CB,,,,,Active,5.0
2827,00-0031795,DeShawn Williams,,DT,,,,,Active,10.0
6658, 00-0035566,Austin Maloata,,NT,,,,,Active,3.0
5928, 00-0035292,David Long,,LB,,,,,Active,5.0
4177,00-0033555,Mack Hollins,NE,WR,2.0,RWR,,,Active,9.0
4238,00-0033579,Xavier Woods,CHI,DB,3.0,FS,,,Active,9.0
5605,00-0034341,Matthew Thomas,,OLB,,,,,Inactive,4.0
375,00-0027081,Glover Quin,,FS,,,,,Injured Reserve,13.0
1865,00-0030691,Jeremy Butler,,WR,,,,,Inactive,6.0
3266,00-0032770,Tavon Young,,CB,,,,,Inactive,6.0
6723, 00-0035723,Vincent Testaverde,,QB,,,,,Active,3.0
5610,00-0034495,Evan Brown,HOU,C,,OL,,,Active,8.0
1854,00-0031023,Quincy Enunwa,,WR,,,,,Active,8.0
1527,00-0030485,Eddie Lacy,,RB,,,,,Inactive,7.0
5848, 00-0035662,Marquise Brown,PHI,WR,4.0,SWR,,,Active,7.0
3832,00-0032918,C.J. Ham,,FB,,,NA,Undisclosed,Active,10.0
1457,00-0030096,Vinston Painter,,OT,,,,,Inactive,9.0
5487,00-0034550,Jake Campos,,OT,,,,,Active,4.0
923,00-0028031,Chris Conte,,FS,,,,,Inactive,11.0
5321,00-0034168,Hunter Bradley,,LS,,,,,Active,5.0
2275,00-0031175,Cassius Marsh,,LB,,,,,Active,8.0
5039,00-0034352,Connor Williams,,G,,,,,Active,6.0
6344, 00-0035368,Picasso Nelson,,CB,,,,,Active,3.0
6598, 00-0035341,Trenton Irwin,,WR,,,,,Active,7.0
5172,00-0034190,Alvin Jones,,ILB,,,,,Inactive,4.0
4601,00-0033756,Josh Thornton,,CB,,,,,Active,5.0
95,00-0026156,Dominique Rodgers-Cromartie,,CB,,,,,Active,14.0
2353,00-0032103,Denzel Perryman,LAC,LB,2.0,LILB,IR,Undisclosed,Inactive,11.0
6010, 00-0034940,Chidi Okeke,,OT,,,,,Active,3.0
6456, 00-0034963,Tyler Gauthier,,OT,,,,,Active,3.0
3359,00-0032796,Dadi Nicolas,,OLB,,,,,Inactive,6.0
4650,00-0033735,Billy Brown,,TE,,,,,Active,5.0
5305,00-0034811,Trevon Young,,LB,,,,,Inactive,4.0
3721,00-0032635,Josh Hawkins,,CB,,,,,Inactive,6.0
2318,00-0032203,Andrus Peat,,OL,,,,,Active,11.0
2350,00-0031554,Eric Kendricks,,LB,,,,,Active,11.0
6335, 00-0035462,Walter Palmore,,DT,,,,,Active,5.0
1105,00-0029689,Dwayne Allen,,TE,,,,,Inactive,10.0
4617,00-0033535,Daniel Ross,,DT,,,,,Active,5.0
5019,00-0034770,Chad Thomas,,DE,,,,,Active,4.0
4558,00-0033642,B.J. Bello,,LB,,,,,Active,5.0
1616,00-0030160,Josh Martin,,LB,,,,,Active,9.0
2063,00-0030957,Casey Kreiter,ARI,LS,,LS,,,Active,12.0
5035,00-0034818,Derrick Nnadi,,DT,,,,,Active,8.0
4264,00-0033976,Treyvon Hester,,DT,,,,,Active,5.0
1905,00-0031361,Christian Kirksey,,LB,,,,,Active,9.0
6145, 00-0035625,Juan Thornhill,,DB,,,,,Active,7.0
5107,00-0034331,Jaylen Samuels,,RB,,,,,Active,4.0
5023,00-0034768,Chukwuma Okorafor,NYJ,OL,,OL,,,Active,8.0
2522,00-0031620,Deon Simon,,NT,,,,,Inactive,5.0
1657,00-0030010,Brandon Copeland,,LB,,,,,Active,9.0
4179,00-0033949,Joshua Dobbs,DET,QB,2.0,QB,,,Active,9.0
5521,00-0034492,Brant Weiss,,OT,,,,,Inactive,4.0
4603,00-0033758,Jeremiah Valoaga,,DE,,,,,Active,5.0
1208,00-0029640,Brian Quick,,WR,,,,,Inactive,10.0
4271,00-0033588,Isaac Rochell,,DE,,,,,Active,6.0
6037, 00-0034955,Brett Rypien,,QB,,,,,Active,7.0
3859,00-0033035,Jalen Simmons,,RB,,,,,Active,6.0
6061, 00-0035458,Drew Lewis,,ILB,,,,,Active,3.0
4724,00-0033849,Matt Galambos,,ILB,,,,,Active,5.0
5457,00-0034195,Christian LaCouture,,NT,,,,,Active,4.0
5438,00-0034097,Najee Toran,,G,,,,,Active,4.0
3597,00-0032750,DaVonte Lambert,,DT,,,,,Inactive,6.0
4074,00-0033877,Malik Hooker,DAL,DB,1.0,FS,Out,Forearm,Active,9.0
4055,00-0033879,O.J. Howard,,TE,,,,,Active,6.0
1840,00-0031185,Jon Halapio,,G,,,,,Active,8.0
6142, 00-0035320,Caleb Wilson,,TE,,,,,Active,3.0
1151,00-0029493,Ryan Quigley,,P,,,,,Inactive,8.0
5879, 00-0035651,Jaylon Ferguson,,LB,,,,,Active,3.0
622,00-0027732,Michael Hoomanawanui,,TE,,,,,Inactive,10.0
4701,00-0033816,Victor Salako,,T,,,,,Active,5.0
608,00-0027686,Corey Peters,,DT,,,,,Active,13.0
1238,00-0028845,Josh Harris,LAC,LS,,LS,,,Active,14.0
5006,00-0034268,J'Mon Moore,,WR,,,Questionable,,Inactive,4.0
6312, 00-0035511,Myquon Stout,,DE,,,,,Active,3.0
6609, 00-0035036,Ross Reynolds,,OG,,,,,Active,3.0
4207,00-0033860,Davon Godchaux,NO,DT,1.0,NT,,,Active,9.0
6347, 00-0035198,Tre' Crawford,,ILB,,,,,Active,3.0
4461,00-0033316,Lorenzo Jerome,,FS,,,,,Inactive,5.0
5881, 00-0035677,Nasir Adderley,,DB,,,,,Active,7.0
1633,00-0029901,Rashaan Melvin,,CB,,,,,Active,9.0
2316,00-0031546,Trae Waynes,CIN,CB,,,,,Active,7.0
5213,00-0034210,Garret Dooley,,OLB,,,,,Active,4.0
606,00-0027796,Joe Webb,,QB,,,,,Active,12.0
471,00-0026844,Garrison Sanborn,,LS,,,,,Active,14.0
1043,00-0029542,Stephon Gilmore,,CB,,,,,Active,13.0
6547, 00-0035214,Isaiah Wharton,,SS,,,,,Inactive,3.0
1407,00-0029963,Chris Hubbard,,T,,,,,Active,13.0
3327,00-0032426,Alex Collins,,RB,,,,,Active,6.0
5020,00-0034800,B.J. Hill,CIN,DT,2.0,LDT,Questionable,Achilles,Active,8.0
2337,00-0032261,Malcom Brown,,DT,,,,,Active,7.0
6608, 00-0035221,Stacy Keely,,DE,,,,,Inactive,3.0
964,00-0027985,Lance Kendricks,,TE,,,,,Active,11.0
118,00-0019646,Sebastian Janikowski,,K,,,,,Injured Reserve,22.0
2122,00-0031176,Nevin Lawson,,CB,,,,,Active,8.0
3819,00-0032852,Taniela Tupou,,FB,,,,,Inactive,6.0
455,00-0026986,Michael Crabtree,,WR,,,,,Active,13.0
1039,00-0029410,Tavon Wilson,SF,DB,,,,,Inactive,10.0
3163,00-0033106,Jared Goff,DET,QB,1.0,QB,,,Active,10.0
6354, 00-0035108,Nathan Meadors,,DB,,,,,Inactive,5.0
1576,00-0030459,Tyrann Mathieu,,DB,,,,,Active,12.0
1415,00-0030434,Vince Williams,,LB,,,,,Injured Reserve,9.0
5025,00-0034779,Ronnie Harrison,MIA,DB,2.0,LOLB,Out,Hamstring,Active,8.0
1823,00-0030864,Anthony Johnson,,DE,,,,,Inactive,8.0
1730,00-0028240,Kenny Wiggins,,G,,,,,Active,11.0
4039,00-0033908,Cooper Kupp,SEA,WR,3.0,SWR,,,Active,9.0
3688,00-0032540,Tra Carson,,RB,,,,,Active,6.0
3619, 00-0032885,Ryker Mathews,,OT,,,,,Active,6.0
1085,00-0029677,Brandon Weeden,,QB,,,,,Inactive,10.0
5520,00-0034485,Jonathan Owens,IND,DB,2.0,FS,,,Active,8.0
4132,00-0033929,Montravius Adams,,DT,,,,,Active,8.0
3828,00-0032922,Marwin Evans,,FS,,,,,Inactive,6.0
1439, 00-0030071,Hugh Thornton,,G,,,,,Inactive,7.0
1562,00-0030402,Akeem Spence,,DT,,,,,Active,10.0
88,00-0024421,Antoine Bethea,,FS,,,,,Injured Reserve,16.0
6223, 00-0035593,Juwann Winfree,,WR,,,,,Active,7.0
1522,00-0030119,Sam Barrington,,LB,,,,,Injured Reserve,7.0
236,00-0024338,Domata Peko,,DT,,,,,Inactive,16.0
2393,00-0031565,Danielle Hunter,HOU,DE,1.0,RDE,,,Active,11.0
5488,00-0034558,Joel Lanning,,OLB,,,,,Active,4.0
2356,00-0031556,Nate Orchard,,DE,,,,,Active,7.0
5885, 00-0035652,Ryan Finley,,QB,,,,,Inactive,3.0
4254,00-0033968,Stacy Coley,,WR,,,,,Inactive,5.0
6622, 00-0035017,Jacob Thieneman,,SS,,,,,Active,3.0
1303,00-0027925,James Develin,,FB,,,,,Injured Reserve,11.0
3183,00-0032967,Vernon Butler,,DT,,,,,Inactive,7.0
5985, 00-0034981,Foster Moreau,HOU,TE,2.0,TE,,,Active,7.0
4192,00-0033289,Corn Elder,,CB,,,,,Active,6.0
4846, 00-0033199,Taybor Pepper,,LS,,,,,Active,9.0
3340,00-0032429,Jerell Adams,,TE,,,,,Active,6.0
5425,00-0034106,John Diarse,,WR,,,,,Active,4.0
6042, 00-0035088,Davante Davis,,CB,,,,,Active,3.0
3277,00-0032402,Hassan Ridgeway,,DT,,,,,Active,8.0
6009, 00-0035285,Jordan Miller,,DB,,,,,Active,4.0
3367,00-0033048,Kavon Frazier,LV,DB,,,,,Active,6.0
4677,00-0033740,Jordan Roos,,G,,,,,Active,7.0
5518,00-0034471,Elijah Battle,,CB,,,,,Active,4.0
4259,00-0033964,Al-Quadin Muhammad,TB,DE,2.0,ROLB,,,Active,9.0
3889,00-0033087,Marquis Bundy,,WR,,,,,Inactive,6.0
5162,00-0034578,Reggie Bonnafon,,RB,,,,,Active,5.0
4071,00-0033281,Marlon Humphrey,BAL,CB,1.0,NB,,,Active,9.0
536,00-0027793,Antonio Brown,,WR,,,,,Active,12.0
6062, 00-0035502,Tyler Jones,,G,,,,,Active,3.0
3474,00-0032517,Briean Boddy-Calhoun,TEN,CB,,,,,Active,6.0
1688,00-0030033,Terence Garvin,,LB,,,,,Inactive,9.0
3702,00-0032707,Andy Jones,NYG,WR,,,,,Inactive,6.0
23,00-0022127,Jason Witten,,TE,,,,,Injured Reserve,19.0
4622,00-0033681,Keelan Cole,,WR,,,,,Active,7.0
3041,00-0032319,Ross Travis,,TE,,,,,Active,6.0
4130,00-0033552,Brendan Langley,,WR,,,,,Inactive,5.0
5188,00-0034523,Quenton Meeks,,CB,,,,,Active,4.0
818,00-0028064,Bilal Powell,,RB,,,,,Active,11.0
4069,00-0033540,Takk McKinley,,DE,,,,,Active,7.0
3781,00-0032856,C.J. Smith,,CB,,,,,Inactive,6.0
147,00-0026189,DeSean Jackson,,WR,,,,,Active,14.0
2512,00-0031616,Reshard Cliett,,OLB,,,,,Active,7.0
5494,00-0034569,Tyree Robinson,,SS,,,,,Inactive,4.0
1053,00-0029040,Damon Harrison,,DT,,,,,Injured Reserve,10.0
750,00-0026307,Erik Walden,,LB,,,,,Injured Reserve,12.0
6668, 00-0035568,Tyler Sigler,,DB,,,,,Active,3.0
4605,00-0033763,Evan Baylis,,TE,,,,,Active,5.0
1219,00-0029638,Michael Floyd,,WR,,,,,Inactive,10.0
574,00-0027902,Dez Bryant,,WR,,,,,Inactive,12.0
187,00-0023448,Thomas Davis,,LB,,,,,Injured Reserve,17.0
4201,00-0033575,Treston Decoud,,CB,,,,,Inactive,5.0
1428,00-0030097,David Quessenberry,LAR,OL,,OL,,,Active,13.0
5233,00-0034169,Marcus Baugh,,TE,,,,,Active,4.0
3490,00-0032616,Marshall Koehn,,K,,,,,Inactive,6.0
4161,00-0033558,Howard Wilson,,CB,,,,,Active,5.0
1318,00-0029076,Austin Pasztor,,G,,,,,Inactive,10.0
5875, 00-0035242,Erik McCoy,NO,OL,,OL,,,Active,7.0
1144,00-0029000,Cole Beasley,,WR,,,,,Inactive,11.0
3256,00-0033109,Javon Hargrave,GB,DT,1.0,NT,Doubtful,Concussion,Active,10.0
5266,00-0034565,Detrez Newsome,,RB,,,,,Inactive,4.0
6539, 00-0034935,Devontae Jackson,,RB,,,,,Active,3.0
1825,00-0031382,Jarvis Landry,,WR,,,,,Inactive,9.0
2376,00-0031561,Hroniss Grasu,,OL,,,,,Active,9.0
6203, 00-0035725,Valentine Holmes,,RB,,,,,Active,3.0
6238, 00-0035034,Tyree Mayfield,,TE,,,,,Active,3.0
3372,00-0033054,Rico Gathers,,TE,,,,,Inactive,6.0
4223,00-0033792,Rudy Ford,,DB,,,,,Active,7.0
6050, 00-0035418,Brandon Knight,,T,,,,,Active,3.0
4217,00-0033288,George Kittle,SF,TE,1.0,TE,,,Active,9.0
6544, 00-0035136,Aaron Adeoye,,LB,,,,,Active,3.0
3319,00-0032423,Trevor Davis,,WR,,,,,Active,6.0
6634, 00-0035485,Nate Brooks,,DB,,,,,Active,6.0
5735,00-0034711,Airius Moore,,ILB,,,,,Active,4.0
4283,00-0033797,Khalfani Muhammad,,RB,,,,,Active,5.0
3864,00-0033021,Jake Lampman,,WR,,,,,Inactive,6.0
3461,00-0032747,Russell Hansbrough,,RB,,,,,Inactive,6.0
5576,00-0034296,Ben Niemann,,LB,,,,,Active,8.0
1488,00-0030403,B.W. Webb,,CB,,,,,Active,9.0
4353,00-0033376,Patrick Ricard,NYG,FB,5.0,RB,,,Active,9.0
1078,00-0028932,L.J. Fort,,LB,,,,,Active,10.0
5480,00-0034526,C.J. Reavis,,CB,,,,,Inactive,4.0
5757,00-0034801,Josh Woods,ATL,LB,3.0,RILB,,,Active,8.0
5615,00-0034657,Matt Dickerson,JAX,DE,3.0,RDT,,,Active,8.0
2335,00-0032251,Damarious Randall,,CB,,,,,Active,7.0
2306,00-0031503,Jameis Winston,NYG,QB,2.0,QB,,,Active,11.0
3502,00-0032655,Romeo Okwara,,LB,,,,,Active,8.0
1479,00-0030279,Keenan Allen,IND,WR,3.0,RWR,,,Active,13.0
5061,00-0034350,Uchenna Nwosu,SEA,LB,1.0,ROLB,,,Active,8.0
904,00-0028009,DeMarco Murray,,RB,,,,,Inactive,9.0
1929,00-0031112,Travis Coons,,K,,,,,Inactive,6.0
3559,00-0032772,Ryan Smith,,CB,,,,,Active,6.0
3258,00-0032394,Nick Vannett,BAL,TE,,,,,Active,10.0
1392,00-0030449,Margus Hunt,,DE,,,,,Active,9.0
4470,00-0033424,Riley Bullough,,ILB,,,,,Inactive,5.0
6164, 00-0035660,Kahale Warring,,TE,,,,,Active,3.0
5770,00-0034852,J.P. Quinn,,C,,,NA,,Inactive,4.0
184,00-0025394,Adrian Peterson,,RB,,,,,Active,15.0
2587,00-0031504,Dres Anderson,,WR,,,,,Active,7.0
5547,00-0034306,Ryan Smith,,TE,,,,,Active,4.0
5335,00-0034165,Colby Gossett,,OL,,,,,Active,6.0
5549,00-0034301,Darrel Williams,,RB,,,,,Active,5.0
1423,00-0030541,Blidi Wreh-Wilson,TB,CB,,,,,Active,9.0
4518,00-0033514,Emanuel Byrd,,TE,,,,,Inactive,5.0
4413,00-0033336,Eric Wilson,MIN,LB,1.0,LILB,,,Active,9.0
1264,00-0029597,Justin Tucker,,K,,,,,Active,13.0
5331,00-0034410,Chris Covington,,LB,,,,,Active,4.0
6636, 00-0035388,Jay Liggins,,DB,,,,,Active,3.0
647,00-0023516,Richie Incognito,,G,,,,,Active,17.0
3513,00-0032998,Jared Norris,,LB,,,,,Active,6.0
5390,00-0034076,Jamar McGloster,,OT,,,,,Active,4.0
973,00-0028074,Anthony Sherman,,RB,,,,,Injured Reserve,11.0
4381,00-0033357,Taysom Hill,,TE,,,,,Active,9.0
5153,00-0034514,Levi Wallace,,CB,,,,,Inactive,7.0
5041,00-0034815,Fred Warner,SF,LB,1.0,MLB,,,Active,8.0
5050,00-0034362,Rashaan Gaulden,,DB,,,,,Active,4.0
4169,00-0033464,Jehu Chesson,,WR,,,,,Inactive,5.0
1492, 00-0030063,Johnathan Hankins,,DT,,,Questionable,Back,Active,12.0
4140,00-0033926,Shaquill Griffin,,CB,,,,,Active,9.0
5117,00-0034420,Jordan Thomas,,TE,,,,,Active,6.0
5192,00-0034596,Ralph Webb,,RB,,,,,Inactive,4.0
5856, 00-0035238,Cody Ford,,OL,,,,,Active,7.0
1821,00-0031315,Matt Hazel,,WR,,,,,Injured Reserve,6.0
1498,00-0030420,David Amerson,,CB,,,,,Inactive,9.0
4185,00-0033788,Will Holden,,T,,,,,Inactive,5.0
4059,00-0033874,Marshon Lattimore,,CB,,,Questionable,Knee - ACL,Active,9.0
5934, 00-0035279,Charles Omenihu,WAS,DE,2.0,LDE,,,Active,7.0
5405,00-0034610,Cole Boozer,WAS,OT,,,,,Inactive,4.0
1793,00-0030710,Trey Burton,,TE,,,,,Inactive,8.0
2033,00-0031270,Shelby Harris,NYG,DE,1.0,RDE,,,Active,12.0
5461,00-0034198,Trent Sieg,DAL,LS,,LS,,,Active,8.0
4962,00-0034845,Sony Michel,,RB,,,,,Active,5.0
6167, 00-0035275,Jordan Scarlett,MIA,RB,,,,,Inactive,3.0
5218,00-0034612,Demone Harris,,DE,,,,,Active,7.0
5123,00-0034164,Trenton Cannon,,RB,,,,,Inactive,5.0
4183,00-0033958,Nathan Peterman,,QB,,,,,Active,9.0
5264,00-0034292,Blake Mack,,TE,,,,,Active,4.0
3171,00-0032893,Connor Cook,,QB,,,,,Inactive,4.0
2448,00-0031587,Bobby McCain,,CB,,,,,Active,10.0
6748, 00-0035747,Bryson Allen-Williams,,OLB,,,,,Active,3.0
1212,00-0029687,Matt Kalil,,T,,,,,Inactive,8.0
2408,00-0031568,Bryce Petty,,QB,,,,,Injured Reserve,5.0
4221,00-0033528,Jeremy Sprinkle,,TE,,,,,Inactive,5.0
6554, 00-0035035,Shawn Poindexter,,WR,,,,,Inactive,3.0
3240,00-0033083,Darian Thompson,DAL,DB,,,,,Active,6.0
5913, 00-0035679,Connor McGovern,BUF,G,,OL,,,Active,7.0
4531,00-0033611,Ricky Seals-Jones,,TE,,,,,Inactive,6.0
6464, 00-0035054,John Wirtel,,LS,,,,,Active,3.0
2002,00-0030671,Isaiah Burse,,WR,,,,,Inactive,8.0
6630, 00-0035162,Dakari Monroe,,CB,,,,,Active,3.0
3174,00-0033072,Leonard Floyd,,LB,,,,,Active,10.0
3709,00-0032552,Adairius Barnes,,CB,,,,,Inactive,6.0
6340, 00-0035461,Chase Middleton,,LB,,,,,Active,3.0
3558,00-0032762,Chris Jones,KC,DT,1.0,LDT,Questionable,Calf,Active,10.0
5101,00-0034406,Deon Cain,,WR,,,,,Active,7.0
5616,00-0034665,Mike Ramsay,,NT,,,,,Active,4.0
3218,00-0032889,A'Shawn Robinson,TB,DT,1.0,RDE,,,Active,10.0
1619,00-0030155,Demetrius Harris,,TE,,,,,Active,9.0
1489,00-0030543,J.J. Wilcox,,SS,,,,,Inactive,9.0
4287,00-0033533,Joshua Holsey,,CB,,,,,Inactive,5.0
3023,00-0031678,Damian Parms,,SS,,,,,Inactive,7.0
5923, 00-0035281,Joe Jackson,,DE,,,,,Active,3.0
1326, 00-0029520,Eddie Pleasant,,SS,,,,,Inactive,10.0
2619, 00-0031994,Andrew East,,C,,,,,Inactive,7.0
2066,00-0031402,Zack Martin,,G,,,,,Active,11.0
218,00-0026153,Jonathan Stewart,,RB,,,,,Injured Reserve,14.0
4831,00-0034038,Justice Liggins,,WR,,,,,Active,5.0
2369,00-0031559,Jordan Richards,BAL,DB,,,,,Active,7.0
5702,00-0034702,Pat Afriyie,,DE,,,NA,,Inactive,4.0
4204,00-0033841,Blair Brown,,OLB,,,,,Inactive,5.0
5009,00-0034766,Chris Herndon,,TE,,,,,Active,4.0
4566, 00-0033651,Karter Schult,,DE,,,,,Active,5.0
6147, 00-0035283,Clayton Thorson,NYG,QB,,,,,Active,3.0
890,00-0027986,Stefen Wisniewski,,OG,,,,,Injured Reserve,11.0
1124,00-0029568,Malik Jackson,CLE,DT,,,,,Active,10.0
755,00-0024330,Will Blackmon,,FS,,,,,Inactive,14.0
3481,00-0032606,Kyle Carter,,TE,,,,,Inactive,6.0
6484, 00-0035116,Michael Onuoha,,OLB,,,,,Active,3.0
4311,00-0033242,Jermaine Grace,,LB,,,,,Active,5.0
1393,00-0030126,T.J. Johnson,,C,,,,,Inactive,7.0
3232,00-0033064,Adam Gotsis,,DE,,,,,Active,10.0
5968, 00-0035155,Mark Fields,SF,CB,,,,,Active,3.0
5051,00-0034356,Donte Jackson,LAC,CB,1.0,RCB,,,Active,8.0
4083,00-0033543,Sidney Jones,,CB,,,,,Active,7.0
4309,00-0033240,Scott Orndoff,,TE,,,,,Active,5.0
5404,00-0034212,Chris Gonzalez,,G,,,,,Active,4.0
5877, 00-0035526,Elgton Jenkins,CLE,G,,OL,,,Active,7.0
5064, 00-0034745,Tracy Walker,,DB,,,Sus,Suspension,Active,6.0
969,00-0028041,Sam Acho,,LB,,,,,Active,11.0
4583,00-0033667,Cameron Hunt,,G,,,,,Active,5.0
2418,00-0031574,Gabe Wright,WAS,DT,,,,,Active,7.0
4315,00-0033248,Casey Sayles,,DE,,,,,Active,5.0
4143,00-0033938,Kendell Beckwith,,ILB,,,,,Inactive,5.0
3760,00-0032622,Farrington Huguenin,,OLB,,,,,Active,6.0
2163,00-0031242,Shamar Stephen,,DT,,,,,Active,8.0
6601, 00-0035519,Isaiah Mack,,DT,,,,,Active,5.0
5564,00-0034242,Jacob Pugh,,OLB,,,,,Active,4.0
5864, 00-0035236,Byron Murphy,MIN,CB,1.0,LCB,,,Active,7.0
6457, 00-0034957,Calvin Anderson,,T,,,,,Active,7.0
1234,00-0029263,Russell Wilson,,QB,,,,,Active,14.0
3519,00-0032659,Roger Lewis,,WR,,,,,Inactive,6.0
2456,00-0032110,Kyle Emanuel,,LB,,,,,Inactive,7.0
1918,00-0031314,Wesley Johnson,,C,,,,,Inactive,8.0
1920,00-0030883,Josh Mauro,ARI,DE,,,,,Active,8.0
5319, 00-0034269,Cole Madison,,C,,,,,Active,4.0
5492,00-0034562,Donovan Olumba,,CB,,,,,Active,4.0
4656,00-0033731,Tre Sullivan,,SS,,,,,Inactive,5.0
1338,00-0030533,Matt Barkley,,QB,,,,,Active,11.0
2171,00-0030737,Freddie Martino,,WR,,,,,Inactive,8.0
6649, 00-0035476,Dare Odeyingbo,,DE,,,,,Active,3.0
4187,00-0033567,Brian Hill,,RB,,,,,Active,6.0
2366,00-0032243,Ali Marpet,TB,G,,,,,Active,7.0
5214,00-0034213,Holton Hill,,CB,,,,,Active,4.0
2279,00-0031257,Paul Richardson,,WR,,,,,Active,8.0
3299,00-0032413,Ronald Blair,NYJ,DE,,,,,Active,6.0
1476,00-0030513,Latavius Murray,,RB,,,,,Active,11.0
798,00-0028038,Da'Norris Searcy,,SS,,,,,Inactive,11.0
5080,00-0034273,Damion Ratley,,WR,,,,,Active,4.0
343,00-0027010,Patrick Chung,,SS,,,,,Injured Reserve,13.0
2542,00-0032155,Laurence Gibson,,OT,,,,,Active,7.0
6498, 00-0035177,Willie Harvey,,LB,,,,,Active,5.0
5332,00-0034413,Foyesade Oluokun,JAX,LB,1.0,MLB,,,Active,8.0
4151,00-0033564,Jake Butt,,TE,,,,,Injured Reserve,5.0
5195,00-0034670,Akrum Wadley,,RB,,,,,Active,4.0
1110,00-0029608,T.Y. Hilton,,WR,,,,,Active,11.0
5115,00-0034427,David Williams,,RB,,,,,Inactive,4.0
5710,00-0034733,Nick Holley,,WR,,,,,Active,4.0
1122,00-0028946,Aaron Brewer,,LS,,,,,Active,14.0
2618,00-0030500,Duplicate Player,,DL,1.0,RDT,,,Inactive,7.0
3473,00-0032518,Justin Zimmer,,DT,,,,,Active,7.0
4064,00-0033889,Cam Robinson,,OL,,,,,Active,9.0
2258,00-0031061,Dontae Johnson,,CB,,,,,Inactive,9.0
1352,00-0030431,Robert Woods,,WR,,,NA,Undisclosed,Active,12.0
581,00-0027835,Kurt Coleman,,FS,,,,,Active,12.0
3118,00-0032322,Dexter McCoil,,SS,,,,,Inactive,6.0
2242,00-0030896,Chandler Catanzaro,,K,,,,,Injured Reserve,8.0
6718, 00-0030755,Jordan McCray,,G,,,,,Active,8.0
56,00-0025405,Leon Hall,,CB,,,,,Inactive,15.0
1617,00-0030161,Bradley McDougald,JAX,DB,,,,,Active,9.0
1181,00-0029248,Luke Kuechly,,LB,,,,,Injured Reserve,10.0
5643,00-0034530,Austin Fleer,,OT,,,,,Active,4.0
6144, 00-0035291,Trayveon Williams,,RB,,,,,Active,7.0
4057,00-0033882,Gareon Conley,,CB,,,,,Active,7.0
6334, 00-0035448,Damarea Crockett,,RB,,,,,Active,4.0
1188,00-0029661,Andrew Tiller,,G,,,,,Inactive,8.0
5650,00-0034467,Dominick Sanders,,FS,,,,,Active,4.0
3784,00-0032859,Destiny Vaeao,,DE,,,,,Inactive,6.0
4249,00-0033974,Ejuan Price,,OLB,,,,,Inactive,5.0
5683,00-0034456,David Steinmetz,,T,,,,,Active,4.0
2451, 00-0031946,Davis Tull,,OLB,,,,,Active,7.0
4176,00-0033946,David Sharpe,,T,,,,,Active,9.0
4335,00-0033275,P.J. Walker,,QB,,,,,Active,7.0
1382,00-0029893,Rick Wagner,,G,,,,,Active,9.0
4392,00-0033402,Malcolm Lewis,,WR,,,,,Active,5.0
5545,00-0034179,Raven Greene,,DB,,,,,Active,4.0
5535,00-0034252,Micah Hannemann,,FS,,,,,Active,4.0
5419,00-0034543,Chris Durant,,OT,,,,,Active,4.0
319,00-0026205,John Greco,,G,,,,,Inactive,14.0
2521,00-0031958,Austin Reiter,,C,,,,,Active,9.0
6064, 00-0035107,E.J. Ejiya,,OLB,,,,,Active,3.0
6188, 00-0035218,Sutton Smith,,FB,,,,,Active,3.0
2078,00-0031235,Odell Beckham,NYG,WR,4.0,LWR,,,Active,12.0
6472, 00-0035419,Justin Phillips,,LB,,,,,Active,3.0
2308,00-0032052,Dante Fowler,SEA,LB,2.0,LOLB,,,Active,11.0
4317,00-0033254,Brandon Banks,,DE,,,,,Inactive,5.0
5083,00-0034408,Kamrin Moore,,FS,,,,,Inactive,4.0
4752,00-0033994,Fred Brown,,WR,,,,,Active,5.0
3526,00-0032667,Roy Robertson-Harris,NYG,DE,,DL,IR,Achilles,Inactive,10.0
3436,00-0032994,Jeremy Cash,,OLB,,,,,Inactive,6.0
6589, 00-0035545,Kirk Barron,,C,,,,,Active,3.0
351,00-0026500,Matt Slauson,,G,,,,,Injured Reserve,13.0
6487, 00-0035119,Charles Scarff,,TE,,,,,Inactive,3.0
5694,00-0034637,Antwuan Davis,,CB,,,NA,,Inactive,4.0
2501,00-0031608,Quandre Diggs,,DB,,,,,Active,11.0
5295, 00-0034103,De'Mornay Pierson-El,,WR,,,,,Active,4.0
131,00-0026166,Duane Brown,,T,,,,,Active,16.0
1204,00-0029690,Trumaine Johnson,,CB,,,,,Active,10.0
4485, 00-0033508,William Stanback,,RB,,,,,Active,5.0
6089, 00-0035428,Daniel Helm,,TE,,,,,Active,4.0
2266, 00-0031305,Brandon Thomas,,G,,,,,Active,8.0
3643,00-0032697,Doug Middleton,SF,DB,,,,,Active,6.0
4642,00-0033715,Jarron Jones,,OL,,,,,Active,5.0
4268,00-0033584,Elijah Qualls,,DT,,,,,Active,5.0
1111,00-0029668,Andrew Luck,,QB,,,,,Injured Reserve,10.0
5067,00-0034825,Arden Key,IND,DE,1.0,LDE,,,Active,8.0
5062,00-0034785,Mason Cole,,OL,,,,,Active,6.0
6285, 00-0035293,Xavier Crawford,,DB,,,,,Active,4.0
5751,00-0034784,Austin Roberts,,TE,,,,,Active,4.0
4409,00-0033332,Josiah Price,,TE,,,,,Active,5.0
6364, 00-0035376,Papi White,,WR,,,,,Active,3.0
5581,00-0034303,Anthony Wint,,ILB,,,,,Inactive,4.0
4113,00-0033907,Dawuane Smoot,,DE,,,,,Active,9.0
3622,00-0032488,Mose Frazier,,WR,,,,,Inactive,6.0
3601,00-0032827,Leonard Wester,,G,,,,,Inactive,6.0
3282,00-0032405,Willie Beavers,,OL,,,,,Active,7.0
6059, 00-0035592,Travis Fulgham,,WR,,,,,Active,4.0
5017, 00-0034675,Jessie Bates,ATL,DB,1.0,SS,,,Active,8.0
5582,00-0034312,Brett Taylor,,LB,,,,,Active,4.0
1805,00-0030648,Alejandro Villanueva,BAL,OT,,,,,Active,8.0
1870,00-0030694,James Hurst,,OL,,,,,Active,10.0
5522,00-0034482,Owen Obasuyi,,DE,,,,,Active,4.0
5365,00-0034334,Troy Apke,,DB,,,,,Inactive,5.0
4452,00-0033450,Xavier Woodson,,OLB,,,,,Inactive,5.0
1830,00-0030871,Garrison Smith,,DT,,,,,Inactive,8.0
6657, 00-0035600,Freedom Akinmoladun,NYJ,DE,,,,,Active,3.0
2230,00-0031389,Lamarcus Joyner,,DB,,,,,Inactive,9.0
4058,00-0033870,Solomon Thomas,TEN,DT,2.0,LDT,,,Active,9.0
5542,00-0034181,Naashon Hughes,,ILB,,,,,Active,4.0
83,00-0026289,Tim Hightower,,RB,,,,,Inactive,12.0
5339,00-0034434,Kendrick Norton,,NT,,,,,Inactive,4.0
4552,00-0033635,Isaiah Irving,,LB,,,,,Inactive,5.0
2354,00-0031936,Mitch Morse,,C,,,,,Active,10.0
1184,00-0029254,Amini Silatolu,,G,,,,,Inactive,10.0
2024,00-0030668,Charcandrick West,,RB,,,,,Injured Reserve,8.0
5585,00-0033774,T.J. Mutcherson,,SS,,,,,Active,5.0
5002,00-0034746,Maurice Hurst,,DT,,,,,Active,8.0
58,00-0025418,Greg Olsen,,TE,,,,,Injured Reserve,14.0
3545,00-0032520,Rashod Hill,,T,,,,,Active,6.0
5131,00-0034440,Justin Jackson,,RB,,,,,Active,5.0
1636,00-0029878,MarQueis Gray,,TE,,,,,Inactive,7.0
3980,00-0033201,Cory Carter,,P,,,,,Active,5.0
3765,00-0032641,Donte Deayon,,CB,,,,,Active,6.0
1430,00-0030106,Chris Jones,,DT,,,,,Inactive,9.0
4632,00-0033693,Carroll Phillips,,DE,,,,,Active,5.0
4326,00-0033261,Bug Howard,,TE,,,,,Inactive,5.0
1123,00-0029683,Ronnie Hillman,,RB,,,,,Inactive,8.0
172,00-0024239,Johnathan Joseph,,CB,,,,,Injured Reserve,16.0
5198,00-0034671,Damon Webb,,SS,,,,,Active,4.0
5742,00-0034742,Blaine Woodson,,DE,,,,,Active,4.0
4097,00-0033525,Ryan Anderson,,LB,,,,,Active,5.0
6627, 00-0035409,Shy Tuttle,WAS,DT,2.0,NT,,,Active,7.0
4382,00-0033358,Izaah Lunsford,,DE,,,,,Active,5.0
3778,00-0032962,Darrell Greene,,G,,,,,Active,6.0
2351,00-0032057,Jaquiski Tartt,,DB,,,,,Active,7.0
5299,00-0034280,Greg Senat,,T,,,,,Active,5.0
3233,00-0033132,Kevin Byard,NE,DB,1.0,FS,,,Active,10.0
5933, 00-0035294,Bless Austin,,DB,,,,,Active,4.0
385,00-0026516,Britton Colquitt,,P,,,,,Active,13.0
2803,00-0031818,Bradley Marquez,,WR,,,,,Inactive,7.0
3467,00-0032669,Taylor Bertolet,,K,,,,,Inactive,7.0
2380,00-0032148,Garrett Grayson,,QB,,,,,Inactive,5.0
199, 00-0023177,Jon Condo,,LS,,,,,Active,17.0
3573,00-0032593,Brandon Wilds,,RB,,,,,Inactive,6.0
2402,00-0031940,Geneo Grissom,,DE,,,,,Inactive,7.0
5272,00-0034450,Greg Joseph,,K,,,,,Active,7.0
5839, 00-0034967,Rashan Gary,DAL,LB,1.0,LOLB,,,Active,7.0
70,00-0025415,Joe Staley,,T,,,,,Injured Reserve,15.0
1950,00-0031039,James Ferentz,,OL,,,,,Active,10.0
6595, 00-0035577,Devlin Hodges,,QB,,,,,Active,3.0
3262,00-0032971,Justin Simmons,,DB,,,,,Active,9.0
6102, 00-0035384,Sua Opeta,,G,,,,,Active,6.0
5853, 00-0035695,Trayvon Mullen,,CB,,,,,Active,6.0
5417,00-0034544,Marcus Edmond,,DB,,,,,Active,4.0
5754,00-0034788,Jaeden Graham,,TE,,,,,Inactive,4.0
4570,00-0033657,Kennan Gilchrist,,OLB,,,,,Active,5.0
3469,00-0032751,Cassanova McKinzy,,OLB,,,,,Active,6.0
846,00-0028015,Jurrell Casey,,DT,,,,,Injured Reserve,11.0
5032,00-0034364,Jordan Akins,,TE,,,,,Active,8.0
4080,00-0033891,Zay Jones,,WR,,,,,Active,9.0
4147,00-0033526,Samaje Perine,CIN,RB,2.0,RB,,,Active,9.0
5333,00-0034264,Jalyn Holmes,TEN,DE,,,,,Active,8.0
4997,00-0034679,Mark Walton,,RB,,,,,Active,4.0
3418,00-0032351,Mekale McKay,,WR,,,,,Active,6.0
5679,00-0034506,Ryan Carter,,CB,,,,,Active,4.0
5591,00-0034326,Robert McCray,,DE,,,,,Active,4.0
684,00-0021140,Julius Peppers,,DE,,,,,Injured Reserve,20.0
6123, 00-0035638,Greedy Williams,,CB,,,,,Active,4.0
4050,00-0033215,Cyril Grayson,,WR,,,,,Active,5.0
6452, 00-0035042,Jamie Gillan,,P,,,,,Active,7.0
6294, 00-0034999,Ty Summers,,LB,,,Questionable,Foot,Active,7.0
1621,00-0030313,Nick Becton,,T,,,,,Injured Reserve,7.0
2719,00-0031799,Anthony Harris,,DB,,,,,Active,8.0
3550,00-0032525,Jarrod Wilson,,DB,,,,,Active,6.0
1902,00-0031331,Pierre Desir,,CB,,,,,Active,8.0
5126,00-0034442,Austin Proehl,,WR,,,,,Active,4.0
2073,00-0030968,Keith Smith,,FB,,,,,Active,10.0
2014,00-0031022,Laurent Duvernay-Tardif,,OL,,,,,Active,9.0
5106,00-0034390,Tyrell Crosby,,OL,,,,,Active,4.0
272,00-0026164,Chris Johnson,,RB,,,,,Inactive,12.0
6585, 00-0035551,Tony Brooks-James,,RB,,,,,Active,3.0
2079,00-0031070,Nat Berhe,,FS,,,,,Inactive,8.0
5400,00-0034216,Trevon Mathis,,CB,,,,,Active,4.0
5720,00-0034713,Vontae Diggs,,OLB,,,,,Active,4.0
5778,00-0034866,Zaycoven Henderson,,DT,,,,,Active,4.0
1948,00-0031140,Anthony Denham,,TE,,,,,Inactive,8.0
6057, 00-0035223,Ulysees Gilbert,,LB,,,,,Active,4.0
6641, 00-0035211,Andrew Soroh,,DB,,,,,Active,3.0
1357,00-0030422,Dion Sims,,TE,,,,,Injured Reserve,9.0
5071,00-0034277,DeShon Elliott,PIT,DB,1.0,SS,IR,Undisclosed,Inactive,8.0
3213,00-0032462,Trevone Boykin,,QB,,,,,Inactive,6.0
6257, 00-0035437,Roderic Teamer,,DB,,,,,Active,5.0
77,00-0025503,Zak DeOssie,,LS,,,,,Active,15.0
6161, 00-0035546,L.J. Scott,,RB,,,,,Active,3.0
1956,00-0031085,Jay Prosch,,FB,,,,,Inactive,6.0
5069,00-0034404,Kylie Fitts,,LB,,,,,Active,4.0
5250,00-0034510,Robert Foster,,WR,,,,,Active,4.0
814,00-0027994,Shane Vereen,,RB,,,,,Injured Reserve,9.0
3044,00-0031647,Malcolm Bunche,,G,,,,,Active,7.0
2528,00-0032139,Ben Koyack,,TE,,,,,Active,7.0
5199,00-0034297,Byron Pringle,,WR,,,,,Active,6.0
2388,00-0032106,Craig Mager,,CB,,,,,Inactive,7.0
330,00-0023534,Dustin Colquitt,,P,,,,,Active,17.0
3339,00-0032789,Devante Bond,,LB,,,,,Active,7.0
6401, 00-0034927,T.J. Rahming,,WR,,,,,Active,3.0
2394,00-0032245,Sean Mannion,,QB,,,,,Active,9.0
3301,00-0033011,Connor McGovern,,OL,,,,,Active,8.0
4439,00-0033435,Breon Borders,,CB,,,,,Active,7.0
1789,00-0030706,Josh Andrews,,C,,,,,Active,9.0
2349,00-0032056,Hau'oli Kikaha,,DE,,,,,Inactive,5.0
5156,00-0034491,Andrew Vollert,,TE,,,,,Active,4.0
5568,00-0034308,Myles Humphrey,,DE,,,,,Active,4.0
5942, 00-0035531,Austin Bryant,,LB,,,,,Inactive,5.0
5825, 00-0034906,Eric Cotton,,DE,,,,,Active,3.0
2510,00-0031614,Obum Gwacham,,LB,,,,,Inactive,5.0
1526,00-0030576,Datone Jones,,DT,,,,,Active,9.0
5298,00-0034281,Bradley Bozeman,,OL,,,NA,Undisclosed,Active,8.0
1516,00-0030092,Sam Martin,CAR,P,,P,,,Active,13.0
1553,00-0030070,John Jenkins,BAL,DT,2.0,NT,,,Active,13.0
5945, 00-0035343,Jonathan Ledbetter,,DE,,,,,Active,5.0
4636,00-0033762,Lenard Tillery,,RB,,,,,Active,5.0
2317,00-0032143,Danny Shelton,,DT,,,,,Active,8.0
3388,00-0032803,Jalen Mills,,CB,,,,,Active,10.0
3457,00-0032621,Rashawn Scott,,WR,,,,,Inactive,6.0
3594,00-0032741,Peyton Barber,,RB,,,,,Active,6.0
6079, 00-0035158,Gary Johnson,,ILB,,,,,Active,3.0
3652,00-0033114,Mike Thomas,,WR,,,,,Active,7.0
111,00-0024243,Marcedes Lewis,,TE,,,,,Active,20.0
1582,00-0030457,Cornellius Carradine,,DE,,,,,Inactive,9.0
6131, 00-0035144,Mack Wilson,ARI,LB,1.0,RILB,,,Active,7.0
3678,00-0032569,Wil Lutz,DEN,K,1.0,K,,,Active,10.0
1984,00-0030821,Allen Hurns,MIA,WR,,,,,Active,8.0
6297, 00-0035001,George Asafo-Adjei,,OT,,,,,Active,3.0
6129, 00-0035674,Jerry Tillery,IND,DT,2.0,LDT,,,Active,7.0
6605, 00-0035479,Cortrelle Simpson,,WR,,,,,Inactive,3.0
4350,00-0033374,Ricky Ortiz,,FB,,,,,Active,5.0
5711,00-0034738,Brian Womac,,OLB,,,,,Active,4.0
5614,00-0034658,Nico Falah,,C,,,,,Active,4.0
4635,00-0033760,Justin Davis,,RB,,,,,Inactive,5.0
6184, 00-0035095,Derrek Thomas,,DB,,,,,Active,3.0
2084,00-0031241,Devon Kennard,,LB,,,,,Active,8.0
1662,00-0029942,Marcus Burley,,CB,,,,,Inactive,7.0
2449,00-0031588,Stefon Diggs,WAS,WR,2.0,RWR,,,Active,11.0
6540, 00-0035385,DeAndre Thompkins,GB,WR,,,,,Inactive,3.0
6418, 00-0035487,Tariq Cole,,G,,,,,Active,3.0
3426,00-0032875,Ken Crawley,,CB,,,,,Active,6.0
1134,00-0029699,Tony Bergstrom,,C,,,,,Active,10.0
2305,00-0029008,Charley Hughlett,,LS,,,,,Active,14.0
554,00-0027862,Tyson Alualu,,DE,,,,,Active,14.0
6258, 00-0035346,Nik Needham,,CB,,,,,Active,7.0
1575,00-0030287,Andre Ellington,,RB,,,,,Inactive,7.0
5139,00-0034339,Trey Quinn,,WR,,,,,Active,5.0
3043,00-0032004,Will Tye,,TE,,,,,Inactive,5.0
6001, 00-0035631,Drew Sample,CIN,TE,3.0,TE,,,Active,7.0
4123,00-0033901,Ethan Pocic,BAL,OL,,OL,,,Active,9.0
5590,00-0034330,Jordan Smallwood,,WR,,,,,Active,4.0
5858, 00-0035233,Andre Dillard,,T,,,,,Active,6.0
5726,00-0034720,Robert Spillane,NE,LB,1.0,LILB,,,Active,8.0
3179,00-0033151,Joshua Garnett,,G,,,,,Injured Reserve,6.0
3560,00-0032763,Austin Johnson,,DT,,,,,Active,10.0
719,00-0027265,Victor Cruz,,WR,,,,,Inactive,10.0
5910, 00-0034978,Ben Powers,DEN,G,,OL,,,Active,7.0
1817,00-0031325,Sammy Watkins,,WR,,,,,Active,9.0
5801,00-0034893,Kobe McCrary,,RB,,,,,Active,4.0
5475,00-0034128,Nate Wozniak,,T,,,,,Inactive,4.0
3824,00-0032864,Alex Ellis,,TE,,,,,Active,6.0
2259,00-0030993,Aaron Lynch,,LB,,,,,Inactive,8.0
4323,00-0033258,Darrell Daniels,,TE,,,,,Active,6.0
4591,00-0033675,Dymonte Thomas,,FS,,,,,Inactive,5.0
4154,00-0033942,Dorian Johnson,,G,,,,,Inactive,5.0
3396,00-0032959,Charone Peake,,WR,,,,,Inactive,6.0
168,00-0023096,Nick Novak,,K,,,,,Inactive,15.0
94,00-0024348,Kyle Williams,,DT,,,,,Injured Reserve,16.0
2859,00-0031636,Justin Hamilton,,DT,,,,,Active,7.0
1386,00-0030456,Giovani Bernard,,RB,,,,,Active,10.0
5935, 00-0035314,Jalen Jelks,,DE,,,,,Active,3.0
6222, 00-0034990,Ka'dar Hollman,,DB,,,,,Active,6.0
1713,00-0030551,Colton Schmidt,,P,,,,,Inactive,9.0
2532,00-0031960,Da'Ron Brown,,WR,,,,,Active,7.0
268,00-0023436,Alex Smith,,QB,,,,,Injured Reserve,17.0
3491,00-0032964,Byron Marshall,,RB,,,,,Inactive,6.0
3583,00-0032358,Tevaun Smith,,WR,,,,,Inactive,6.0
5327,00-0034731,Kahlil McKenzie,,DT,,,,,Active,5.0
3507,00-0032879,Landon Turner,,G,,,,,Inactive,6.0
5932, 00-0035323,Beau Benzschawel,,G,,,,,Active,3.0
2625,00-0031978,Jonathon Mincy,,FS,,,NA,,Inactive,7.0
6109, 00-0035125,Alec Ingold,LAC,FB,4.0,RB,,,Active,7.0
1418,00-0030521,Justin Hunter,,WR,,,,,Inactive,9.0
5860, 00-0035693,Johnathan Abram,,DB,,,,,Active,5.0
4261,00-0033520,Jeremy Clark,,FS,,,,,Inactive,5.0
371,00-0027022,Connor Barwin,,LB,,,,,Inactive,13.0
1835,00-0031425,Dominique Easley,,LB,,,,,Inactive,8.0
5863, 00-0035246,J.J. Arcega-Whiteside,,WR,,,,,Active,4.0
4077,00-0033872,Jamal Adams,MIN,SS,,LB,IR,Knee,Inactive,9.0
949,00-0028083,Jacquizz Rodgers,,RB,,,,,Inactive,11.0
208,00-0021206,Josh McCown,,QB,,,,,Active,20.0
2156,00-0031267,Antone Exum,,SS,,,,,Active,8.0
5184,00-0034122,Greg Gilmore,,DT,,,,,Active,4.0
1518,00-0030062,Darius Slay,,CB,,,NA,Undisclosed,Active,13.0
1029,00-0029567,Nick Foles,,QB,,,,,Active,11.0
2523,00-0032248,Bryce Hager,,LB,,,,,Inactive,7.0
5559,00-0034238,Warren Long,,OLB,,,,,Active,4.0
1343,00-0030114,Jordan Poyer,,DB,,,Questionable,Hamstring,Active,13.0
5426,00-0034082,McKay Murphy,,DT,,,NA,,Inactive,4.0
2205,00-0030807,Seantavius Jones,,WR,,,,,Inactive,6.0
4344,00-0033367,C.J. Board,,WR,,,,,Active,6.0
2130,00-0031360,Kyle Van Noy,MIN,LB,,,,,Active,12.0
5302,00-0034387,Bilal Nichols,,DT,,,Questionable,Knee,Active,8.0
4218,00-0033292,Trent Taylor,,WR,,,,,Active,9.0
6178, 00-0035148,Darwin Thompson,,RB,,,,,Active,4.0
1642,00-0030443,Levine Toilolo,NYG,TE,,,,,Inactive,9.0
1675,00-0030400,Marlon Brown,,WR,,,,,Injured Reserve,7.0
6542, 00-0035390,Anthony Rush,,DT,,,,,Active,4.0
3311,00-0032419,Joe Haeg,,T,,,,,Active,7.0
5527,00-0034224,Ramon Richards,,SS,,,,,Active,4.0
2751,00-0032098,Daniel Brown,,TE,,,,,Inactive,7.0
1750,00-0028907,Giorgio Tavecchio,,K,,,,,Inactive,10.0
2152,00-0031237,Teddy Bridgewater,,QB,,,NA,Personal,Active,12.0
3385,00-0032801,Daniel Braverman,,WR,,,,,Inactive,6.0
6708, 00-0035682,Kalani Vakameilalo,,DT,,,,,Active,3.0
5688,00-0034644,John Montelus,,G,,,,,Active,4.0
4107,00-0033548,Chidobe Awuzie,BAL,CB,1.0,RCB,,,Active,9.0
5855, 00-0035588,Garrett Bradbury,CHI,C,,OL,,,Active,7.0
2001,00-0031102,Kapri Bibbs,,RB,,,,,Inactive,8.0
3368,00-0032441,Aaron Burbridge,,WR,,,,,Inactive,6.0
5497,00-0034138,Jon Cunningham,,DT,,,,,Active,4.0
4631,00-0033692,Charlie Miller,,FS,,,,,Active,5.0
5392,00-0034074,Jack Heneghan,,QB,,,,,Active,4.0
6556, 00-0035191,Ronald Ollie,,DE,,,,,Active,3.0
5666,00-0034656,Matt Diaz,,OT,,,,,Active,4.0
1697,00-0030121,David King,,DE,,,,,Inactive,7.0
6398, 00-0034933,Ahmad Gooden,,LB,,,,,Active,3.0
4611,00-0033770,Justin Hardee,,CB,,,Questionable,Undisclosed,Active,8.0
894,00-0027956,Corey Liuget,,DT,,,,,Inactive,11.0
5189,00-0034173,Eddy Pineiro,SF,K,1.0,K,Questionable,Illness,Active,8.0
868,00-0028142,Virgil Green,,TE,,,,,Inactive,11.0
5989, 00-0035247,Trysten Hill,,DT,,,,,Active,5.0
252,00-0022455,Don Muhlbach,,LS,,,,,Active,18.0
1898,00-0031291,James Wright,,WR,,,,,Inactive,8.0
4681,00-0033815,Reggie Davis,,WR,,,,,Inactive,5.0
2140,00-0031001,Jeff Janis,,WR,,,,,Inactive,6.0
6651, 00-0035330,Anthony Pittman,,LB,,,,,Active,6.0
303,00-0026327,John Sullivan,,C,,,,,Inactive,14.0
5164,00-0034068,Simmie Cobbs,,WR,,,,,Inactive,4.0
4646,00-0033719,Shane Smith,,FB,,,,,Inactive,5.0
5546,00-0034188,Kyle Meadows,,OT,,,,,Inactive,4.0
6508, 00-0035049,Anthony Stubbs,,OLB,,,,,Active,3.0
3582,00-0032355,Chester Rogers,,WR,,,,,Active,6.0
6082, 00-0034945,Corbin Kaufusi,,OL,,,,,Active,3.0
5059,00-0034831,Rasheem Green,,DE,,,,,Active,6.0
5358,00-0034563,Anthony Manzo-Lewis,,TE,,,,,Active,4.0
2113,00-0031079,Pat O'Donnell,,P,,,,,Active,11.0
3224,00-0032389,Mackensie Alexander,,CB,,,,,Inactive,7.0
3212, 00-0032810,Kalan Reed,,CB,,,,,Inactive,6.0
5892, 00-0035685,David Montgomery,HOU,RB,1.0,RB,,,Active,7.0
5660,00-0034590,Frank Herron,,DE,,,,,Active,4.0
2559,00-0031968,E.J. Bibbs,,TE,,,,,Injured Reserve,5.0
6638, 00-0035180,Tommy Doles,,OT,,,,,Active,3.0
4627,00-0033688,Avery Gennesy,,G,,,,,Inactive,5.0
1836,00-0031067,Cam Fleming,,T,,,,,Active,11.0
2026,00-0031158,George Atkinson,,RB,,,,,Inactive,8.0
5353,00-0034225,Dimitri Flowers,,FB,,,,,Inactive,4.0
2105,00-0031127,Brandon Dunn,,NT,,,,,Active,8.0
4352,00-0033420,Donald Payne,,LB,,,,,Active,5.0
2477,00-0031599,Cameron Artis-Payne,,RB,,,,,Inactive,7.0
3521,00-0032714,Alex Balducci,,G,,,,,Inactive,6.0
6197, 00-0035727,Durval Queiroz Neto,MIA,G,,,,,Active,3.0
6084, 00-0035258,Hjalte Froholdt,ARI,G,,OL,,,Active,7.0
4220,00-0033954,Jayon Brown,,LB,,,,,Inactive,6.0
2141,00-0031019,Corey Linsley,,C,,,,,Active,10.0
6020, 00-0035115,Te'von Coney,,LB,,,,,Active,3.0
5749,00-0034776,Kyle Wilson,,OLB,,,,,Inactive,4.0
161,00-0030251,Wes Horton,,DE,,,,,Injured Reserve,9.0
1577,00-0030382,Kevin Minter,,LB,,,,,Active,9.0
1774,00-0030197,Deon Lacey,,LB,,,,,Active,9.0
3369,00-0032442,Elandon Roberts,,LB,,,,,Active,10.0
5157,00-0034477,Alec James,,DE,,,,,Active,4.0
6007, 00-0035268,Ryquell Armstead,,RB,,,,,Active,3.0
3783,00-0032841,Paul Turner,,WR,,,,,Inactive,6.0
2989, 00-0032297,Kitt O'Brien,,G,,,,,Active,7.0
1160,00-0029212,Tahir Whitehead,,LB,,,,,Active,10.0
4327,00-0033262,Colin Jeter,,TE,,,,,Inactive,5.0
6224, 00-0034991,Drew Forbes,,OG,,,,,Active,5.0
1287,00-0028787,Kai Forbath,,K,,,,,Inactive,11.0
909,00-0028620,Mark Herzlich,,LB,,,,,Inactive,9.0
5210,00-0034220,Korey Robertson,,WR,,,,,Active,4.0
3355,00-0032795,Cody Core,,WR,,,,,Active,6.0
2441,00-0032133,David Cobb,,RB,,,,,Inactive,5.0
2118,00-0031387,Eric Ebron,PIT,TE,,,,,Inactive,8.0
5689,00-0034638,Josh Fatu,,DT,,,,,Active,4.0
2000,00-0031354,Lamin Barrow,,LB,,,,,Inactive,6.0
2419,00-0031575,Jamil Douglas,,OL,,,,,Active,7.0
6290, 00-0035298,Scotty Miller,CHI,WR,,,,,Active,7.0
2546,00-0031628,Darryl Roberts,,CB,,,,,Active,7.0
5692,00-0034648,Ryan Santoso,,K,,,,,Active,4.0
6337, 00-0035451,Johnny Dwight,,NT,,,,,Active,3.0
6463, 00-0035064,Lawrence Marshall,,DL,,,,,Active,3.0
5127,00-0034577,Kyle Allen,BUF,QB,3.0,QB,,,Active,8.0
2667, 00-0031989,Harold Jones-Quartey,,SS,,,,,Inactive,5.0
5408,00-0034609,Sergio Bailey,,WR,,,,,Active,4.0
5285,00-0034073,Ross Dwelley,,TE,,,,,Active,8.0
5840, 00-0035642,Josh Hines-Allen,JAX,DE,1.0,RDE,,,Active,7.0
1603,00-0030089,Luke Willson,,TE,,,,,Injured Reserve,9.0
6213, 00-0035688,Trey Pipkins,LAC,T,,OL,Out,Knee,Active,7.0
207,00-0023894,Donald Penn,,OT,,,,,Injured Reserve,16.0
4280,00-0033971,Stevie Tu'ikolovatu,,NT,,,,,Active,5.0
5078,00-0034388,Davontae Harris,,CB,,,,,Active,5.0
4331,00-0033269,Rigoberto Sanchez,IND,P,,P,,,Active,9.0
1959,00-0031225,Julius Warmsley,,DT,,,,,Inactive,8.0
967,00-0027952,Robert Quinn,,LB,,,,,Active,12.0
4156,00-0033287,Nico Siragusa,,G,,,,,Inactive,5.0
4274,00-0033589,David Moore,CAR,WR,,,,,Active,9.0
2572,00-0031796,Justin Coleman,,CB,,,,,Active,8.0
395, 00-0027023,Michael Mitchell,,FS,,,,,Inactive,13.0
1472,00-0030572,D.J. Hayden,WAS,CB,,,,,Active,9.0
6235, 00-0035507,Kyle Phillips,,DT,,,,,Active,5.0
3748,00-0032680,Pace Murphy,,OT,,,,,Inactive,6.0
6541, 00-0035389,Keegan Render,,C,,,,,Active,3.0
1390,00-0030290,Cobi Hamilton,,WR,,,,,Inactive,9.0
6535, 00-0035322,Nate Becker,,TE,,,,,Inactive,3.0
2543,00-0032071,Trent Brown,HOU,OL,,OL,,,Active,11.0
2384,00-0032060,Eli Harold,,LB,,,,,Inactive,7.0
246,00-0023564,Darren Sproles,,RB,,,,,Injured Reserve,17.0
1453,00-0029799,Lerentee McCray,,DE,,,,,Active,9.0
4231,00-0033962,Caleb Brantley,,DE,,,,,Inactive,5.0
178,00-0022787,Matt Schaub,,QB,,,,,Injured Reserve,18.0
4612,00-0033771,Rickey Hatley,,DT,,,,,Inactive,5.0
2268,00-0031213,Rashaun Allen,,TE,,,,,Injured Reserve,6.0
3160,00-0033055,Jalen Ramsey,PIT,CB,1.0,NB,,,Active,10.0
4489,00-0033474,Gehrig Dieter,,WR,,,,,Active,5.0
5715,00-0034699,R.J. Prince,,OG,,,,,Active,4.0
3818,00-0032851,Pete Robertson,,OLB,,,,,Active,6.0
5149,00-0034153,Emmanuel Smith,,LB,,,,,Active,4.0
2098,00-0031330,Morgan Moses,NE,OL,,OL,,,Active,12.0
5463,00-0034200,Mark Thompson,,RB,,,,,Active,4.0
5563,00-0034246,Eddy Wilson,,DT,,,,,Active,4.0
2126,00-0031071,Caraun Reid,LAC,DT,,,,,Active,8.0
6618, 00-0035718,Isaiah Searight,,TE,,,,,Active,3.0
6488, 00-0035131,Kalil Morris,,DT,,,,,Active,3.0
3610,00-0032503,Givens Price,,G,,,,,Inactive,6.0
5046,00-0034838,Royce Freeman,,RB,,,,,Active,8.0
5930, 00-0035290,Jaquan Johnson,,DB,,,,,Active,4.0
1329,00-0028237,Chris Hogan,,WR,,,,,Injured Reserve,11.0
3305,00-0032779,Caleb Benenoch,,OL,,,,,Active,6.0
5662,00-0034594,A.J. Moore,,DB,,,,,Active,5.0
5553,00-0034231,Darius James,,G,,,,,Active,4.0
635,00-0027869,Mike Iupati,,G,,,,,Injured Reserve,12.0
5465,00-0034192,Nick Keizer,,TE,,,,,Injured Reserve,4.0
4854,00-0034054,River Cracraft,,WR,,,Questionable,Undisclosed,Inactive,9.0
1601,00-0030414,Spencer Ware,,RB,,,,,Inactive,9.0
4547,00-0033626,Nigel Williams,,DT,,,,,Active,5.0
3888,00-0033082,Lucas Patrick,WAS,G,,OL,,,Active,10.0
2328,00-0032221,Shane Ray,,LB,,,,,Active,9.0
5960, 00-0035386,T.J. Edwards,CHI,LB,1.0,LOLB,,,Active,7.0
2444,00-0031945,Martrell Spaight,,LB,,,,,Inactive,7.0
2053,00-0030923,Jeremiah Sirles,,G,,,,,Injured Reserve,8.0
6292, 00-0035149,Nick Allegretti,WAS,G,,OL,,,Active,7.0
4430,00-0033396,Jason Thompson,,SS,,,,,Active,5.0
5197,00-0034660,Rico Gafford,,WR,,,,,Active,4.0
4332,00-0033270,Garrett Sickels,,DE,,,,,Inactive,5.0
359,00-0026997,Alex Mack,,C,,,,,Active,13.0
3217,00-0033046,Jihad Ward,MIN,DE,,,,,Active,10.0
4878,00-0034052,Brandon Zylstra,,WR,,,,,Active,5.0
2040,00-0031167,Scott Simonson,,TE,,,,,Active,8.0
2761,00-0031688,Denzel Rice,,CB,,,,,Inactive,7.0
5229,00-0034093,Henre' Toliver,,DB,,,,,Inactive,4.0
5866, 00-0035532,Deionte Thompson,,DB,,,,,Active,4.0
5975, 00-0035309,Alize Mack,,TE,,,,,Active,4.0
5719,00-0034724,KeShun Freeman,,OLB,,,,,Active,4.0
627,00-0027691,Andre Roberts,,WR,,,,,Active,13.0
944,00-0028130,Matt Bosher,,P,,,,,Active,11.0
6705, 00-0035658,Taj McGowan,,RB,,,,,Active,3.0
5030,00-0034828,Harold Landry,NE,LB,1.0,ROLB,PUP,Undisclosed,Active,8.0
5927, 00-0035659,Terry McLaurin,WAS,WR,1.0,LWR,,,Active,7.0
6348, 00-0035202,Del'Shawn Phillips,LAC,LB,2.0,RILB,,,Active,7.0
6209, 00-0034922,Ishmael Hyman,,WR,,,,,Inactive,3.0
5974, 00-0035146,Trace McSorley,,QB,,,,,Active,5.0
3313,00-0032783,LeShaun Sims,,CB,,,,,Inactive,6.0
2563,00-0031931,Tony Washington,,OLB,,,,,Active,7.0
5618,00-0034666,Larry Rose,,RB,,,NA,,Inactive,4.0
4819,00-0034030,Keionta Davis,,DE,,,,,Inactive,5.0
4199,00-0033293,Aaron Jones,MIN,RB,1.0,RB,,,Active,9.0
2184,00-0031261,Tre Boston,,DB,,,,,Active,8.0
2595,00-0032006,Tim Semisch,,TE,,,,,Active,7.0
2015,00-0031297,Dee Ford,,DE,,,,,Active,8.0
4105,00-0033912,Jordan Willis,,DE,,,,,Active,6.0
5636,00-0034587,Abdullah Anderson,,DE,,,,,Active,7.0
1785,00-0030615,James Winchester,KC,LS,,LS,,,Active,13.0
4167,00-0033785,Zach Banner,PIT,T,,,,,Active,5.0
2427,00-0031576,Za'Darius Smith,ATL,LB,2.0,RDE,,,Active,11.0
6267, 00-0035224,Dravon Askew-Henry,,SS,,,,,Inactive,3.0
6449, 00-0035038,Dorian Baker,,WR,,,,,Active,3.0
6666, 00-0035549,Noah Dawkins,,LB,,,,,Active,3.0
6156, 00-0035217,Benny Snell,,RB,,,,,Active,4.0
4950,00-0034775,Christian Kirk,SF,WR,6.0,SWR,IR,Calf,Inactive,8.0
6134, 00-0035128,Gerald Willis,,NT,,,,,Active,3.0
2339,00-0032217,Donovan Smith,,T,,,,,Active,9.0
1777,00-0030216,Josh Hill,,TE,,,,,Injured Reserve,9.0
2389,00-0032129,Jordan Hicks,,LB,,,,,Active,10.0
1832,00-0031433,Billy Turner,,OL,,,,,Active,10.0
5667,00-0034664,Elijah Nkansah,,OL,,,,,Inactive,4.0
2507,00-0031612,Aaron Ripkowski,,FB,,,,,Inactive,5.0
5311,00-0034848,R.J. McIntosh,,DT,,,,,Active,5.0
2223,00-0031390,Charles Sims,,RB,,,,,Injured Reserve,6.0
4454,00-0033307,Kendrick Bourne,ARI,WR,3.0,SWR,,,Active,9.0
284,00-0024389,Delanie Walker,,TE,,,,,Active,16.0
2966,00-0031765,Nick Easton,,G,,,,,Active,7.0
4085,00-0033896,Adam Shaheen,,TE,,,,,Inactive,6.0
3621, 00-0032876,Jordan Williams-Lambert,,WR,,,,,Active,6.0
5589,00-0034321,Parker Cothren,,DT,,,,,Active,4.0
2385,00-0031563,Alex Carter,,CB,,,,,Inactive,7.0
5532,00-0034251,Daniel Ekuale,,DT,,,Questionable,Knee - ACL,Active,8.0
5029,00-0034751,Josh Jackson,,DB,,,,,Active,5.0
3219,00-0032766,Jason Spriggs,,OL,,,,,Active,6.0
4999,00-0034381,Josh Sweat,ARI,DE,1.0,ROLB,,,Active,8.0
5313,00-0034380,Will Richardson,,OL,,,,,Active,4.0
858,00-0027960,Anthony Castonzo,,T,,,,,Injured Reserve,11.0
1722,00-0029164,Mike Remmers,,T,,,,,Active,11.0
6154, 00-0035359,David Sills,TB,WR,7.0,RWR,IR,Undisclosed,Inactive,7.0
4101,00-0033913,Chris Wormley,,DT,,,,,Active,9.0
2731,00-0031743,Akeem Hunt,,RB,,,,,Inactive,5.0
2704,00-0031902,Jonathan Anderson,,LB,,,,,Inactive,7.0
5886, 00-0035529,Hakeem Butler,,TE,,,,,Active,7.0
5915, 00-0035527,Andy Isabella,,WR,,,,,Active,6.0
5900, 00-0035267,Shareef Miller,,LB,,,,,Active,3.0
5325,00-0034421,Peter Kalambayi,GB,LB,,,,,Active,4.0
6122, 00-0035629,Jonah Williams,,T,,,Questionable,Shoulder,Active,7.0
6450, 00-0035040,David Blough,,QB,,,,,Active,5.0
5489,00-0034556,Kameron Kelly,,FS,,,,,Active,4.0
5580,00-0034302,Frankie Luvu,WAS,LB,1.0,LILB,Out,Groin,Active,8.0
5721,00-0034721,Corey Bojorquez,CLE,P,,P,,,Active,8.0
2004,00-0031344,Cody Latimer,,WR,,,,,Inactive,8.0
2549,00-0032156,Trevor Siemian,,QB,,,,,Active,11.0
2147,00-0030761,Joe Thomas,,LB,,,,,Active,9.0
4995,00-0034365,Ian Thomas,LV,TE,3.0,TE,,,Active,8.0
269,00-0026345,Pierre Garcon,,WR,,,,,Inactive,14.0
1064,00-0028912,Vontaze Burfict,,LB,,,,,Active,10.0
6365, 00-0035367,Carson Meier,,TE,,,,,Active,3.0
6043, 00-0035513,Amani Bledsoe,,DE,,,,,Active,4.0
2082,00-0031035,Xavier Grimble,,TE,,,,,Active,8.0
1843,00-0031081,Zach Moore,,DE,,,,,Inactive,8.0
2513,00-0031956,Anthony Chickillo,,LB,,,,,Injured Reserve,7.0
5371,00-0034320,Kentavius Street,CHI,DT,2.0,RDT,,,Active,8.0
6063, 00-0035457,Tyron Billy-Johnson,,WR,,,,,Active,5.0
4018,00-0033897,Joe Mixon,,RB,,,,Foot,Active,9.0
2319,00-0031547,DeVante Parker,,WR,,,,,Active,9.0
5314,00-0034437,Logan Cooke,JAX,P,,P,,,Active,8.0
6319, 00-0035398,Tyree Kinnel,,SS,,,,,Active,3.0
4533,00-0033613,James Summers,,RB,,,,,Active,5.0
2329,00-0032222,D.J. Humphries,,OL,,,,,Active,11.0
2699,00-0031912,Cameron Meredith,,WR,,,,,Inactive,7.0
5317,00-0034435,Keion Crossen,,DB,,,,,Active,7.0
2694,00-0031929,Carlos Thompson,,LB,,,,,Injured Reserve,5.0
3639, 00-0032876,Duplicate Player,,WR,,,,,Inactive,3.0
4229,00-0033798,Mason Schreck,,TE,,,,,Active,6.0
5075,00-0034807,Ogbo Okoronkwo,SF,LB,,,,,Active,8.0
6438, 00-0034949,Kelvin McKnight,,WR,,,,,Active,3.0
3192,00-0033103,Artie Burns,,DB,,,Questionable,Knee - ACL,Active,10.0
175,00-0026176,Jordy Nelson,,WR,,,,,Injured Reserve,14.0
1557,00-0030469,Johnthan Banks,,CB,,,,,Inactive,7.0
5421,00-0034541,B.J. Clay,,CB,,,,,Active,4.0
2039,00-0031166,Seth Roberts,,WR,,,,,Inactive,8.0
5249,00-0034196,Andre Levrone,,WR,,,,,Active,4.0
2326,00-0032233,Cedric Ogbuehi,,T,,,,,Active,8.0
1214, 00-0029576,Blair Walsh,,K,,,,,Inactive,10.0
3008,00-0031876,Matt Wile,,P,,,,,Active,7.0
6324, 00-0034964,Malik Gant,,DB,,,,,Active,3.0
5565,00-0034171,Jason Cabinda,,FB,,,,,Active,6.0
4592,00-0033676,Elijah Wilkinson,ARI,OL,,OL,,,Active,9.0
4369,00-0033345,Kent Perkins,,OT,,,,,Inactive,5.0
5028,00-0034744,Duke Dawson,,CB,,,,,Active,5.0
4103,00-0033285,Daeshon Hall,,DE,,,,,Active,5.0
2229,00-0031395,Garrett Gilbert,,QB,,,,,Active,9.0
6741, 00-0035741,Josh Smith,,LB,,,,,Inactive,3.0
4626,00-0033687,Amba Etta-Tawo,,WR,,,,,Active,5.0
5275,00-0034207,Jeff Badet,,WR,,,,,Active,4.0
2031,00-0031346,Justin Ellis,,DT,,,,,Active,10.0
4099,00-0033549,Duke Riley,,LB,,,,,Active,8.0
5125,00-0034698,Damoun Patterson,,WR,,,,,Active,4.0
2017,00-0031015,Phillip Gaines,,CB,,,,,Active,8.0
5686,00-0034636,Amari Coleman,,CB,,,,,Active,4.0
3333,00-0033112,Temarrick Hemingway,WAS,TE,,,,,Active,6.0
6378, 00-0035486,Miles Brown,,NT,,,,,Active,3.0
5505,00-0034154,Jacob Tuioti-Mariner,,LB,,,,,Active,4.0
314,00-0024227,Haloti Ngata,,DT,,,,,Injured Reserve,16.0
3297,00-0032778,Tajae Sharpe,,WR,,,,,Inactive,6.0
1138,00-0029129,Rod Streater,,WR,,,,,Inactive,10.0
5276,00-0034214,Tyler Hoppes,,TE,,,,,Active,4.0
5807,00-0034898,Jaboree Williams,,OLB,,,,,Active,4.0
4239,00-0033581,De'Angelo Henderson,,RB,,,,,Inactive,5.0
1205,00-0028899,Rodney McLeod,,DB,,,,,Active,13.0
6656, 00-0035373,Connor Strachan,HOU,LB,,,,,Active,3.0
538,00-0027685,Emmanuel Sanders,,WR,,,,,Active,12.0
2042,00-0031258,Jeremiah Attaochu,,LB,,,,,Active,9.0
4197,00-0033466,Isaiah McKenzie,,WR,,,,,Active,8.0
5890, 00-0035657,Damien Harris,,RB,,,,,Active,5.0
6594, 00-0035408,Nick Moore,BAL,LS,,LS,,,Active,7.0
4354,00-0033377,Maurquice Shakir,,G,,,,,Inactive,5.0
1745,00-0028284,Patrick Scales,,LS,,,,,Active,14.0
4355,00-0033379,Tim White,,WR,,,,,Inactive,5.0
3364,00-0032438,Maurice Canady,,CB,,,,,Active,6.0
3161,00-0032950,Carson Wentz,MIN,QB,1.0,QB,,,Active,10.0
3735,00-0032735,Duke Thomas,,CB,,,,,Active,6.0
188,00-0022803,Eli Manning,,QB,,,,,Active,16.0
5111,00-0034426,Javon Wims,,WR,,,,,Active,5.0
5791,00-0034883,Gerald Holmes,,RB,,,,,Active,4.0
2086,00-0031238,Weston Richburg,,C,,,,,Injured Reserve,8.0
717,00-0027531,Chris Ivory,,RB,,,,,Inactive,12.0
1857,00-0030946,Kerry Hyder,,DE,,,,,Active,10.0
6103, 00-0034984,Kingsley Keke,,DE,,,,,Active,3.0
6002, 00-0035273,Qadree Ollison,,RB,,,,,Active,4.0
6689, 00-0035622,Bryant Jones,,NT,,,,,Active,3.0
3325,00-0032425,Antwione Williams,,OLB,,,,,Inactive,6.0
1115,00-0029050,Antwon Blake,,CB,,,,,Inactive,8.0
4776,00-0034002,Duplicate Player,,OT,,,,,Inactive,3.0
3334,00-0032788,D.J. White,,CB,,,,,Active,6.0
3767,00-0032646,Cedrick Lang,,G,,,,,Active,6.0
1404,00-0030556,Leon McFadden,,CB,,,,,Inactive,7.0
1079,00-0028924,Tashaun Gipson,,DB,,,,,Active,13.0
6286, 00-0034996,Tim Harris,,CB,,,,,Active,3.0
2445,00-0031584,Adrian Amos,,DB,,,,,Active,9.0
6316, 00-0035354,Juwan Foggie,,LB,,,,,Active,3.0
5042,00-0034363,Deadrin Senat,,DT,,,,,Active,6.0
223,00-0022921,Larry Fitzgerald,,WR,,,,,Inactive,18.0
331,00-0022942,Philip Rivers,,QB,,,,,Active,22.0
6709, 00-0035690,Abdul Beecham,,G,,,,,Active,3.0
6113, 00-0035225,Garrett Brumfield,,G,,,,,Active,3.0
4056,00-0033883,Jabrill Peppers,,DB,,,,,Active,9.0
5320,00-0034287,Kendall Donnerson,CAR,DE,,,,,Inactive,4.0
5168,00-0034551,Jordan Chunn,,RB,,,,,Inactive,4.0
3291,00-0032408,Blake Martinez,,LB,,,,,Active,8.0
5830, 00-0034902,Sam Eguavoen,,LB,,,,,Active,6.0
522,00-0027667,Vladimir Ducasse,,G,,,,,Inactive,12.0
509,00-0027678,John Jerry,,G,,,,,Active,12.0
3420,00-0032550,Alonzo Russell,,WR,,,,,Inactive,6.0
3642,00-0032729,Ufomba Kamalu,,OLB,,,,,Active,6.0
5831, 00-0034901,Bryant Mitchell,,WR,,,,,Inactive,3.0
5375,00-0034374,Jordan Whitehead,,DB,,,,,Active,7.0
5226,00-0034234,Poona Ford,LAR,DT,1.0,NT,,,Active,8.0
112,00-0022824,Andy Lee,,P,,,,,Active,19.0
4977,00-0034833,Isaiah Wynn,,OL,,,,,Active,7.0
4976,00-0034333,Daron Payne,WAS,DT,1.0,RDE,,,Active,8.0
5201,00-0034632,Terry Swanson,,RB,,,,,Active,4.0
1559,00-0030520,Mike Glennon,,QB,,,,,Active,10.0
1356,00-0030555,Dion Jordan,,DE,,,,,Inactive,9.0
4951,00-0034777,DJ Chark,,WR,,,,,Active,7.0
120,00-0016919,Adam Vinatieri,,K,,,,,Injured Reserve,26.0
5774,00-0034863,Cam Serigne,,TE,,,,,Active,4.0
2599,00-0032298,Bronson Hill,,RB,,,,,Inactive,7.0
6011, 00-0035289,Gardner Minshew,ARI,QB,2.0,QB,,,Active,7.0
1107,00-0029697,Coby Fleener,,TE,,,,,Inactive,8.0
5089,00-0034401,Mike White,,QB,,,,,Active,8.0
142,00-0021678,Tony Romo,,QB,,,,,Inactive,17.0
5584,00-0034260,Nick Callender,,G,,,,,Active,5.0
3296,00-0033080,Seth DeValve,,TE,,,,,Inactive,6.0
4453,00-0033306,Victor Bolden,,WR,,,,,Active,6.0
5640,00-0034534,Junior Joseph,,ILB,,,,,Active,4.0
3921, 00-0033149,Nick Truesdell,,TE,,,,,Active,6.0
6136, 00-0035264,Jarrett Stidham,DEN,QB,2.0,QB,,,Active,7.0
4288,00-0033529,Chase Roullier,,C,,,,,Active,6.0
6590, 00-0035552,Michael Colubiale,,TE,,,,,Inactive,3.0
5171,00-0034193,Kevin Rader,,TE,,,,,Inactive,6.0
6415, 00-0035364,Donnell Greene,,OT,,,,,Active,3.0
3492, 00-0032694,Jalin Marshall,,WR,,,,,Inactive,6.0
4942,00-0034747,Marcell Ateman,,WR,,,,,Active,5.0
5951, 00-0034980,Isaiah Johnson,,CB,,,,,Active,3.0
4146,00-0033839,Dede Westbrook,,WR,,,,,Active,5.0
6693, 00-0035627,Ketner Kupp,,LB,,,,,Active,3.0
2196,00-0030801,Brandon Coleman,,WR,,,,,Physically Unable to Perform,6.0
91,00-0021429,Carson Palmer,,QB,,,,,Injured Reserve,17.0
5116,00-0034433,Nick Bawden,,FB,,,,,Active,6.0
4242,00-0033301,Kofi Amichia,,G,,,,,Inactive,5.0
965,00-0028394,Jake McQuaide,,LS,,,,,Active,15.0
2428,00-0032188,Vince Mayle,,TE,,,,,Injured Reserve,5.0
5700,00-0034708,Robert Martin,,RB,,,,,Active,4.0
5857, 00-0035644,Noah Fant,NO,TE,2.0,TE,,,Active,7.0
3714,00-0032560,Charles Washington,,DB,,,,,Active,7.0
6730, 00-0035735,Jordan Ta'amu,,QB,,,,,Active,4.0
1528,00-0030104,Nate Palmer,,LB,,,,,Inactive,7.0
3562,00-0032479,Tyvis Powell,,SS,,,,,Active,6.0
5561,00-0034239,Brad Lundblade,,C,,,,,Active,4.0
757,00-0026964,Clinton McDonald,,DE,,,,,Active,13.0
4543, 00-0033628,Marcus Sayles,,CB,,,,,Active,5.0
6525, 00-0035093,Demetrius Knox,,G,,,,,Active,3.0
1572,00-0030527,Alec Ogletree,,LB,,,,,Active,9.0
702,00-0027777,Arthur Moats,,LB,,,,,Injured Reserve,10.0
491,00-0026035,Danny Amendola,,WR,,,,,Active,14.0
5154,00-0034487,Trent Sherfield,BUF,WR,,,,,Active,8.0
6735,00-0029981,Duplicate Player,,WR,,,NA,,Inactive,7.0
5118,00-0034416,Tanner Lee,,QB,,,,,Inactive,4.0
3347,00-0032431,Jake Rudock,,QB,,,,,Injured Reserve,6.0
859,00-0027987,Ben Ijalana,,T,,,,,Inactive,9.0
3273,00-0032400,Malcolm Mitchell,,WR,,,,,Inactive,6.0
6302, 00-0035316,Kaden Elliss,NO,LB,1.0,LILB,,,Active,7.0
6561, 00-0035424,Chris Brown,,G,,,,,Active,3.0
1519,00-0030065,Larry Warford,,G,,,,,Active,9.0
6296, 00-0035000,Quinton Bell,,LB,,,,,Active,7.0
6357, 00-0035194,Shawn Bane,,WR,,,,,Active,3.0
2395,00-0031938,Carl Davis,,DT,,,,,Active,10.0
5094,00-0034270,Ryan Izzo,,TE,,,,,Active,4.0
2472,00-0031596,David Mayo,,LB,,,,,Active,9.0
5647,00-0034502,Grant Haley,,DB,,,,,Inactive,5.0
5862, 00-0035713,Brian Burns,NYG,DE,1.0,LOLB,,,Active,7.0
2327,00-0032146,Bud Dupree,LAC,LB,2.0,LOLB,,,Active,11.0
5265,00-0034574,Nic Shimonek,,QB,,,,,Active,4.0
5012,00-0034753,Mark Andrews,BAL,TE,1.0,TE,,,Active,8.0
6229, 00-0035324,Malik Carney,,OLB,,,,,Inactive,3.0
5429,00-0034080,Jeremiah Kolone,,OL,,,,,Active,5.0
6074, 00-0035329,Donald Parham,,TE,,,,,Active,7.0
5093,00-0034405,Sam Jones,,G,,,,,Active,4.0
6308, 00-0035067,Ian Bunting,,TE,,,,,Active,4.0
497,00-0025825,Brett Kern,,P,,,,,Active,15.0
6409, 00-0034929,Quinn Bailey,,OT,,,,,Active,6.0
2093,00-0031068,Ryan Grant,,WR,,,,,Active,8.0
1828,00-0031208,Chris McCain,,DE,,,,,Injured Reserve,6.0
5501,00-0034228,Lord Hyeamang,,DT,,,,,Active,4.0
3202,00-0032392,Austin Hooper,ATL,TE,2.0,TE,,,Active,10.0
3336,00-0032341,Moritz Bohringer,,TE,,,,,Active,6.0
4427,00-0033393,Kenny Moore,,CB,,,,,Active,9.0
5805,00-0034896,Jacob Ohnesorge,,C,,,,,Active,4.0
391,00-0026968,Ryan Succop,,K,,,,,Active,14.0
1640,00-0029890,Mike Purcell,,NT,,,,,Active,11.0
4255,00-0033973,Elijah Lee,,LB,,,,,Active,6.0
6217, 00-0035276,Blake Cashman,MIN,LB,1.0,RILB,,,Active,7.0
6044, 00-0035061,Alex Bars,,OL,,,,,Active,4.0
1442,00-0029747,Chris Banjo,,DB,,,,,Inactive,10.0
5996, 00-0035404,Porter Gustin,,DE,,,,,Inactive,4.0
5502,00-0034230,Mychealon Thomas,,DE,,,,,Active,4.0
617,00-0027882,Patrick Robinson,,CB,,,,,Injured Reserve,12.0
2529,00-0031959,Marcus Murphy,,RB,,,,,Inactive,7.0
2240,00-0031366,Deone Bucannon,,LB,,,,,Inactive,8.0
6568, 00-0035504,Wyatt Miller,,OT,,,,,Active,3.0
6416, 00-0035378,Andrew Wingard,ARI,DB,1.0,FS,,,Active,7.0
5827, 00-0034903,Tevaughn Campbell,,CB,,,,,Active,5.0
4269,00-0033521,Keion Adams,,OLB,,,,,Inactive,5.0
2323,00-0032165,Marcus Peters,,CB,,,,,Active,8.0
6173, 00-0034941,Mitch Wishnowsky,NE,P,,,,,Active,7.0
3245,00-0033097,Shon Coleman,,OT,,,,,Active,6.0
6220, 00-0035286,Cole Holcomb,PIT,LB,2.0,RILB,,,Active,7.0
6322, 00-0035182,Xavier Ubosi,,WR,,,,,Inactive,3.0
4903,00-0030752,Jayrone Elliott,,LB,,,,,Active,8.0
2611,00-0032250,Kasen Williams,,WR,,,,,Inactive,5.0
803,00-0028454,Jonathan Freeny,,LB,,,,,Inactive,9.0
1066,00-0029215,George Iloka,,DB,,,,,Inactive,10.0
5604,00-0034455,Quincy Redmon,,CB,,,,,Inactive,4.0
2525,00-0031622,Bobby Hart,SEA,T,,,,,Active,11.0
4496,00-0033486,Jordan Sterns,,FS,,,,,Active,5.0
3190,00-0033147,Darron Lee,,LB,,,,,Active,6.0
1067,00-0029293,Marvin Jones,,WR,,,,,Active,11.0
323, 00-0026213,Jamaal Charles,,RB,,,,,Injured Reserve,14.0
2381,00-0032128,Chris Conley,,WR,,,,,Active,10.0
2253,00-0031186,Kenneth Acker,,CB,,,,,Injured Reserve,6.0
5178,00-0034496,Sean Chandler,,DB,,,,,Active,6.0
6152, 00-0035530,Khari Willis,,DB,,,,,Active,3.0
3532,00-0032902,Kenneth Farrow,,RB,,,,,Inactive,6.0
3000,00-0031914,Olsen Pierre,,DT,,,,,Active,7.0
972,00-0027943,Patrick Peterson,,CB,,,,,Active,13.0
676,00-0027029,LeSean McCoy,,RB,,,,,Injured Reserve,13.0
3403,00-0032455,Austin Blythe,,OL,,,,,Active,7.0
3633,00-0032463,Kyle Peko,,DT,,,,,Active,10.0
6553, 00-0035187,Austin Walter,,RB,,,,,Active,5.0
4142,00-0033934,Nazair Jones,,DT,,,,,Inactive,5.0
5980, 00-0035311,Myles Gaskin,,RB,,,,,Active,6.0
1903,00-0031228,Taylor Gabriel,,WR,,,,,Injured Reserve,8.0
4963,00-0034789,Minkah Fitzpatrick,NYJ,DB,1.0,SS,Out,Groin,Active,8.0
5008,00-0034798,Durham Smythe,BAL,TE,2.0,TE,,,Active,8.0
6445, 00-0035015,James O'Hagan,,C,,,,,Active,3.0
5785,00-0034870,James Butler,,RB,,,,,Active,4.0
6628, 00-0035548,Ventell Bryant,,WR,,,,,Active,3.0
2355,00-0032195,Ronald Darby,,CB,,,,,Active,10.0
4160,00-0033859,Josh Malone,,WR,,,,,Active,5.0
6269, 00-0035163,Kyle Shurmur,,QB,,,,,Active,3.0
6551, 00-0035157,Darius Harris,,LB,,,Questionable,Undisclosed,Active,7.0
5583,00-0034310,Craig James,,CB,,,,,Active,6.0
6105, 00-0035363,Joe Giles-Harris,CIN,LB,,,,,Active,7.0
5056,00-0034797,Jerome Baker,,LB,,,,,Active,8.0
1129, 00-0029524,Jeff Allen,,G,,,,,Active,10.0
5334,00-0034368,Josey Jewell,,LB,,,Questionable,Concussion,Active,7.0
3360,00-0032797,Jordan Lucas,,DB,,,,,Inactive,6.0
3283,00-0033085,Jerald Hawkins,,OT,,,,,Inactive,6.0
2437,00-0032132,Max Garcia,,OL,,,,,Active,9.0
5760,00-0034819,Josh Crockett,,WR,,,,,Active,4.0
4277,00-0033302,Adrian Colbert,,DB,,,,,Active,8.0
4692,00-0033829,Tyson Graham,,SS,,,,,Active,5.0
5112,00-0034432,Bo Scarbrough,,RB,,,,,Active,4.0
3680,00-0032573,Patrick Onwuasor,,LB,,,,,Active,6.0
2431,00-0032063,Mike Davis,,RB,,,,,Active,7.0
1936,00-0031113,William Poehls,,OT,,,,,Inactive,8.0
5800,00-0034890,Justin Stockton,,RB,,,,,Active,4.0
4450,00-0033446,Jordan Simmons,,G,,,,,Active,5.0
5343,00-0034793,Quentin Poling,NO,LB,,,,,Inactive,4.0
4607, 00-0033766,Zach Conque,,QB,,,,,Active,5.0
4299,00-0033229,Andreas Knappe,,OT,,,,,Active,5.0
6120, 00-0035231,Christian Wilkins,,DT,,,Questionable,Foot,Active,6.0
6204, 00-0034917,Cole Mazza,,LS,,,,,Active,3.0
6453, 00-0035045,D.J. Montgomery,IND,WR,7.0,,IR,Abdomen,Inactive,7.0
5587,00-0034315,Chris Warren,,RB,,,,,Active,4.0
5235,00-0034575,David Wells,,TE,,,,,Active,6.0
5705,00-0034705,John Franklin,,WR,,,,,Inactive,4.0
6073, 00-0035490,Ryan Pulley,,CB,,,,,Active,3.0
3177,00-0032966,Corey Coleman,,WR,,,,,Active,6.0
4075,00-0033880,Charles Harris,,LB,,,,,Active,8.0
6433, 00-0035122,Silas Stewart,,OLB,,,,,Active,3.0
5158,00-0034473,Dennis Gardeck,JAX,LB,1.0,LOLB,,,Active,8.0
1020,00-0028825,Terrelle Pryor,,WR,,,,,Inactive,11.0
5570,00-0034309,Chad Beebe,,WR,,,,,Active,4.0
6494, 00-0035094,Bryan Mone,,DT,,,,,Active,5.0
233, 00-0025708,Matt Moore,,QB,,,,,Inactive,15.0
6446, 00-0035013,Jon Hilliman,,RB,,,,,Active,3.0
749,00-0027125,Zach Miller,,TE,,,,,Inactive,11.0
4564,00-0033649,Kai Nacua,,DB,,,,,Active,5.0
3575,00-0032491,Bryson Albright,,OLB,,,,,Inactive,6.0
3440,00-0032658,Josh Woodrum,,QB,,,,,Active,6.0
5445,00-0034091,George Odum,HOU,DB,,,,,Active,8.0
4180,00-0033941,Rayshawn Jenkins,PIT,DB,2.0,SS,,,Active,9.0
326,00-0026144,Darren McFadden,,RB,,,,,Inactive,12.0
5732,00-0034693,Jared Machorro,,OT,,,,,Active,4.0
4806,00-0033268,Brandon Radcliff,,RB,,,,,Active,5.0
6133, 00-0035654,Chase Winovich,,DE,,,,,Active,4.0
318,00-0026142,Chris Long,,DE,,,,,Injured Reserve,14.0
5747,00-0034761,Kayaune Ross,,WR,,,,,Active,4.0
3207,00-0033066,Andrew Billings,ARI,DT,2.0,NT,Questionable,Knee,Active,10.0
3281,00-0033051,David Onyemata,NYJ,DT,1.0,LDE,,,Active,10.0
3691,00-0032546,Darius Hillary,,CB,,,,,Inactive,6.0
1031,00-0029419,Dennis Kelly,,T,,,,,Active,11.0
5301,00-0034265,Anthony Averett,,CB,,,,,Active,7.0
5072,00-0034809,Jamil Demby,,OL,,,,,Inactive,4.0
5780,00-0034865,Adam Reth,,DE,,,,,Active,4.0
5602,00-0034451,Claudy Mathieu,,DL,,,,,Active,4.0
4109,00-0033903,Josh Jones,,DB,,,,,Inactive,6.0
4198,00-0033572,Jamal Agnew,,WR,,,Questionable,Undisclosed,Active,8.0
5085,00-0034403,Christian Sam,,OLB,,,,,Inactive,4.0
784,00-0027547,Marcus Sherels,,CB,,,,,Active,12.0
3361,00-0032798,Harlan Miller,,CB,,,,,Inactive,6.0
6552, 00-0035031,Malik Henry,,WR,,,,,Active,3.0
4112,00-0033917,Tarell Basham,,DE,,,,,Active,6.0
2182,00-0031359,Kelvin Benjamin,,WR,,,,,Inactive,8.0
1485,00-0030544,Gavin Escobar,,TE,,,,,Inactive,9.0
2975,00-0031502,Jordan Berry,,P,,,,,Active,7.0
1773,00-0029112,Jacquies Smith,,DE,,,,,Inactive,10.0
6301, 00-0035669,Nick Scott,CAR,DB,1.0,FS,,,Active,7.0
3742,00-0032670,Brandon Chubb,,OLB,,,,,Active,6.0
5049,00-0034782,Harrison Phillips,NYJ,DT,1.0,RDE,,,Active,8.0
578,00-0027778,Sam Young,,OT,,,,,Injured Reserve,12.0
1874,00-0030697,Jamie Meder,,DT,,,,,Active,8.0
4431,00-0033397,Damarius Travis,,SS,,,,,Active,5.0
6256, 00-0035435,Rodney Randle,,CB,,,,,Active,4.0
2833,00-0031847,Josh Keyes,,LB,,,,,Inactive,7.0
5889, 00-0035256,Bryce Love,,RB,,,,,Inactive,3.0
5908, 00-0035632,Amani Hooker,TEN,DB,1.0,SS,,,Active,7.0
2482,00-0032154,Michael Bennett,,DT,,,,,Inactive,7.0
5661,00-0034593,Chris Lacy,,WR,,,,,Active,5.0
6439, 00-0035025,Hale Hentges,,TE,,,,,Injured Reserve,3.0
6243, 00-0035422,Chris Westry,,CB,,,,,Active,4.0
4155,00-0033511,Sean Harlow,,OL,,,,,Inactive,7.0
3238,00-0033123,Yannick Ngakoue,,DE,,,,,Active,8.0
6210, 00-0034968,Darnell Savage,,DB,,,,,Active,7.0
3503,00-0032626,Geronimo Allison,,WR,,,,,Active,6.0
4172,00-0033944,Ben Gedeon,,LB,,,,,Inactive,5.0
6529, 00-0035345,Chris Myarick,LV,TE,,,,,Active,7.0
4984,00-0034857,Josh Allen,BUF,QB,1.0,QB,,,Active,8.0
6566, 00-0035355,Blake Hance,LAR,OG,,,,,Active,7.0
1848,00-0031062,James White,,RB,,,,,Active,8.0
1131,00-0029688,Dontari Poe,,DT,,,,,Active,10.0
3276,00-0032401,De'Vondre Campbell,,LB,,,,,Active,9.0
6400, 00-0034939,Ryan Bee,ARI,DE,,,,,Active,3.0
6008, 00-0035084,Yosh Nijman,,T,,,,,Active,7.0
6216, 00-0035142,Ugo Amadi,,DB,,,,,Active,7.0
6587, 00-0035560,Quindarius Thagard,,DT,,,,,Active,3.0
5381,00-0034684,Johnny Townsend,,P,,,,,Active,4.0
4188,00-0033512,Damontae Kazee,,DB,,,,,Active,9.0
650,00-0025565,Nick Folk,ATL,K,1.0,K,,,Active,19.0
3595,00-0032745,Alan Cross,,FB,,,,,Inactive,6.0
202,00-0024270,Andrew Whitworth,LAR,OL,,,,,Active,16.0
947,00-0027944,Julio Jones,,WR,,,,,Active,13.0
3796,00-0032723,Norman Price,,OT,,,,,Inactive,6.0
1957,00-0031064,Tom Savage,,QB,,,,,Inactive,8.0
6261, 00-0035019,Reggie White,,WR,,,,,Active,3.0
545,00-0027743,Sherrick McManis,,DB,,,,,Inactive,12.0
6497, 00-0035174,Tenny Adewusi,,CB,,,,,Active,3.0
2055,00-0031334,Jason Verrett,,CB,,,,,Active,10.0
3181,00-0032382,Keanu Neal,,LB,,,,,Inactive,8.0
5541,00-0034186,Alex Light,,T,,,,,Inactive,4.0
6611, 00-0035412,Andrew Dowell,,LB,,,,,Active,5.0
3991,00-0033188,Alex Bazzie,,OLB,,,,,Active,5.0
1564,00-0029795,Benny Cunningham,,RB,,,,,Inactive,9.0
3668,00-0032599,Joshua Perkins,NYJ,TE,,,,,Active,6.0
1411,00-0030524,Landry Jones,,QB,,,,,Inactive,9.0
1933,00-0031442,Taylor Lewan,,OT,,,,,Inactive,9.0
3805,00-0032835,Jon Brown,,K,,,,,Active,6.0
6318, 00-0035396,Jordan Ellis,,RB,,,,,Active,3.0
6583, 00-0035555,Joshua Moon,,SS,,,,,Active,3.0
1048,00-0029615,Lamar Miller,,RB,,,,,Active,10.0
5010,00-0034159,Will Dissly,,TE,,,Questionable,Undisclosed,Active,8.0
3720,00-0032633,Reggie Gilbert,,LB,,,,,Active,6.0
6039, 00-0035537,Ty Johnson,BUF,RB,2.0,RB,Out,Hamstring,Active,7.0
5713,00-0034701,Mike Jones,,CB,,,,,Active,4.0
5328,00-0034278,Tremon Smith,HOU,DB,2.0,LCB,,,Active,8.0
6707, 00-0035675,Isaiah Langley,,DB,,,,,Active,3.0
4512,00-0033493,Francis Kallon,,DE,,,,,Active,5.0
5407,00-0034618,Ervin Philips,,RB,,,,,Active,4.0
3206,00-0033125,Joe Schobert,,LB,,,,,Active,6.0
6032, 00-0035120,Keelan Doss,,WR,,,,,Active,5.0
1672,00-0030041,Nickell Robey-Coleman,,CB,,,,,Active,10.0
4110,00-0033547,Zach Cunningham,,LB,,,Questionable,Hamstring,Active,9.0
5782,00-0034868,Erick Wren,,G,,,,,Active,4.0
6013, 00-0035288,Saquan Hampton,,DB,,,,,Active,3.0
2623,00-0031680,Robenson Therezie,,SS,,,,,Injured Reserve,5.0
813,00-0027955,Nate Solder,,T,,,,,Active,11.0
5865, 00-0035678,Dre'Mont Jones,NE,DE,1.0,LOLB,Questionable,Foot,Active,7.0
2784,00-0031755,Jameill Showers,,SS,,,,,Injured Reserve,5.0
2331,00-0032054,Breshad Perriman,,WR,,,,,Active,8.0
4965,00-0034344,Marcus Davenport,CHI,DE,,,,,Active,8.0
1864,00-0031338,Terrence Brooks,,DB,,,,,Active,8.0
4906,00-0034063,Kacy Rodgers,,SS,,,,,Active,4.0
6304, 00-0035541,Michael Dogbe,,DE,,,,,Active,4.0
6135, 00-0035284,D'Andre Walker,,LB,,,,,Inactive,3.0
5411,00-0034484,Matthew Oplinger,,OLB,,,,,Active,4.0
4442,00-0033438,Fadol Brown,,DE,,,,,Active,5.0
5905, 00-0035650,Justin Layne,,CB,,,,,Inactive,4.0
360,00-0026561,Ramon Foster,,G,,,,,Injured Reserve,13.0
6714, 00-0035714,Mazzi Wilkins,BAL,DB,,,,,Active,3.0
5422,00-0034547,Albert Havili,,DE,,,,,Active,4.0
5395,00-0034621,Shaun Wilson,,RB,,,,,Active,4.0
5464,00-0034201,De'Lance Turner,,RB,,,,,Active,4.0
4144,00-0033858,Jonnu Smith,GB,TE,2.0,TE,,,Active,9.0
6058, 00-0035536,Lamont Gaillard,,C,,,,,Active,3.0
3761,00-0032617,Lafayette Pitts,,DB,,,,,Active,6.0
2796,00-0031500,Efe Obada,,DE,,,,,Active,10.0
6557, 00-0035510,Jeff Smith,,WR,,,,,Active,5.0
5474,00-0034130,Linden Stephens,,DB,,,,,Active,4.0
3168,00-0032953,Christian Hackenberg,,QB,,,,,Injured Reserve,6.0
5239,00-0034144,Lamar Jordan,,QB,,,,,Active,4.0
6345, 00-0035204,Durrant Miles,,DE,,,,,Active,3.0
3891,00-0033086,Kyle Coleman,,FB,,,,,Active,6.0
5472,00-0034849,Tony Adams,,C,,,,,Active,4.0
3808,00-0032830,Rolan Milligan,IND,DB,,,,,Active,6.0
6,00-0025472,Brandon Mebane,,NT,,,,,Active,15.0
1101,00-0029413,Ben Jones,,C,,,,,Inactive,11.0
2430,00-0031577,Javorius Allen,,RB,,,,,Active,7.0
6239, 00-0035480,Malik Taylor,,WR,,,,,Active,6.0
3352,00-0032793,Blake Countess,,DB,,,,,Active,6.0
5483,00-0034185,Tyler Lancaster,,DT,,,,,Active,6.0
4451,00-0033449,Isaac Whitney,ARI,WR,,,,,Inactive,5.0
5528,00-0034255,Montrel Meander,,LB,,,,,Active,4.0
1308,00-0029492,Jamize Olawale,,FB,,,,,Inactive,10.0
908,00-0027957,Prince Amukamara,,DB,,,,,Active,11.0
6211, 00-0035646,Sione Takitaki,,LB,,,Questionable,Hamstring,Inactive,7.0
5286,00-0034608,Austin Allen,,QB,,,,,Active,4.0
5752,00-0034786,Sherman Badie,,RB,,,,,Active,4.0
4404,00-0033326,Aviante Collins,,T,,,,,Active,7.0
2778, 00-0031838,James Vaughters,,LB,,,,,Active,7.0
1539,00-0029792,Paul Worrilow,,LB,,,,,Active,9.0
1471,00-0030516,Brice Butler,,WR,,,,,Inactive,9.0
5393,00-0034077,Niles Scott,,DT,,,,,Active,4.0
5205,00-0034630,Kingsley Opara,,DL,,,,,Active,4.0
6528, 00-0035192,Joey Slye,TEN,K,1.0,K,,,Active,7.0
1368,00-0030083,Oday Aboushi,,G,,,,,Active,10.0
4959,00-0034067,Scott Daly,,LS,,,,,Active,8.0
5367,00-0034336,Shaun Dion Hamilton,,LB,,,,,Active,4.0
2446,00-0031585,MyCole Pruitt,,TE,,,,,Active,10.0
3193,00-0032384,Germain Ifedi,,OL,,,Questionable,Undisclosed,Active,10.0
6230, 00-0035452,Javier Edwards,,NT,,,,,Active,3.0
5045,00-0034348,Courtland Sutton,DEN,WR,1.0,LWR,,,Active,8.0
1893,00-0030781,Trey Hopkins,,C,,,,,Active,8.0
6509, 00-0035105,Marcus Applefield,,OT,,,,,Active,3.0
1977,00-0030652,Josh Walker,,G,,,,,Inactive,8.0
869,00-0028224,Chris Harris,,CB,,,,,Active,12.0
1379,00-0029892,Kyle Juszczyk,SF,FB,3.0,RB,,,Active,13.0
44,00-0024495,Ahmad Brooks,,LB,,,Sus,,Inactive,14.0
6591, 00-0035553,Charles Jones,,TE,,,,,Inactive,3.0
4760,00-0033996,Kareem Are,,G,,,,,Active,5.0
3912,00-0033140,Darnell Sankey,,ILB,,,,,Inactive,6.0
5684,00-0034650,JoJo Wicker,,DE,,,,,Active,4.0
3934,00-0033164,Troymaine Pope,,RB,,,,,Active,6.0
6665, 00-0035547,Jody Fortson,,TE,,,,,Active,6.0
4968,00-0034673,Tremaine Edmunds,NYG,LB,1.0,RILB,,,Active,8.0
3399,00-0032454,Jayron Kearse,,DB,,,,,Active,8.0
3144,00-0032320,Erik Harris,,DB,,,,,Active,8.0
2426,00-0031944,Doran Grant,,CB,,,,,Inactive,5.0
897,00-0028027,Shareece Wright,,CB,,,,,Inactive,11.0
2826,00-0031785,Troy Hill,,CB,,,,,Active,10.0
1086, 00-0029303,Billy Winn,,DT,,,,,Inactive,10.0
5120,00-0034423,Danny Etling,,QB,,,,,Active,5.0
1478,00-0030579,Menelik Watson,,G,,,,,Inactive,9.0
5479,00-0034516,Tre Herndon,,CB,,,,,Active,7.0
4536,00-0033627,Jason Croom,,TE,,,,,Active,5.0
1011,00-0026950,A.Q. Shipley,,C,,,,,Inactive,13.0
6189, 00-0035379,Zedrick Woods,,FS,,,,,Active,3.0
1686,00-0030294,Tony Jefferson,LAC,DB,1.0,SS,,,Active,13.0
6675, 00-0035561,Abraham Wallace,,FS,,,,,Active,3.0
2070,00-0030963,Dashaun Phillips,,CB,,,,,Inactive,6.0
3852,00-0033006,Jaydon Mickens,,WR,,,,,Active,8.0
5887, 00-0034976,Dru Samia,,OL,,,,,Active,3.0
713,00-0027736,Kendrick Lewis,,FS,,,,,Inactive,12.0
2332,00-0032239,Byron Jones,,CB,,,,,Active,8.0
730,00-0027325,LeGarrette Blount,,RB,,,,,Injured Reserve,12.0
1635,00-0029910,Timothy Wright,,TE,,,,,Inactive,7.0
6567, 00-0035400,Keaton Sutherland,,G,,,,,Inactive,6.0
5240,00-0034148,Daniel Marx,,FB,,,,,Active,4.0
4342,00-0033366,Quincy Adeboyejo,,WR,,,,,Inactive,5.0
4811,00-0033452,Austin Calitro,,LB,,,,,Active,6.0
5252,00-0034535,Ray Lawry,,RB,,,,,Active,4.0
4346,00-0033369,Omarius Bryant,,NT,,,,,Active,5.0
4513,00-0033494,Keith Kelsey,,ILB,,,,,Active,5.0
3394,00-0032452,Trevor Bates,,ILB,,,,,Inactive,6.0
2640,00-0031657,Isaiah Johnson,,FS,,,,,Inactive,7.0
334,00-0027027,Andy Levitre,,G,,,,,Injured Reserve,13.0
5036,00-0034361,Justin Reid,NO,DB,1.0,SS,,,Active,8.0
6272, 00-0034997,Gerri Green,,DE,,,,,Active,4.0
5624,00-0034509,Keith Ford,,RB,,,,,Inactive,4.0
6483, 00-0035111,Markus Jones,,OLB,,,,,Active,3.0
1074,00-0029592,Kevin Zeitler,,OG,,,Questionable,Quadriceps,Active,14.0
3166,00-0032968,Myles Jack,,LB,,,,,Active,8.0
5096,00-0034407,Ray-Ray McCloud,,WR,,,Questionable,Undisclosed,Inactive,8.0
5823, 00-0034909,Tristan Vizcaino,,K,,,,,Active,4.0
4098,00-0033923,Kareem Hunt,,RB,,,,,Active,9.0
4989,00-0034261,Austin Corbett,BUF,OL,,OL,,,Active,8.0
835,00-0027997,Greg Little,,WR,,,,,Inactive,9.0
6644, 00-0035392,Curtis Akins,,OLB,,,,,Active,3.0
5507,00-0034136,Secdrick Cooper,,S,,,,,Active,4.0
5969, 00-0035698,Chuma Edoga,BAL,OT,,,,,Active,7.0
3509,00-0032499,Glenn Gronkowski,,FB,,,,,Inactive,6.0
2005, 00-0031350,Corey Nelson,,LB,,,,,Active,8.0
5883, 00-0035244,Lonnie Johnson,,DB,,,Questionable,Leg,Active,7.0
1661, 00-0029940,T.J. Barnes,,DT,,,,,Inactive,7.0
2244,00-0031050,Kareem Martin,,LB,,,,,Active,8.0
5103,00-0034409,Dylan Cantrell,,TE,,,,,Active,4.0
3200,00-0032385,Sterling Shepard,NYJ,WR,,,,,Active,10.0
4089,00-0033895,Gerald Everett,,TE,,,,,Active,8.0
2671,00-0032087,Josh Lambo,,K,,,,,Active,7.0
6175, 00-0035596,Kerrith Whyte,GB,RB,,,,,Active,3.0
5306,00-0034812,Travin Howard,,LB,,,,,Active,5.0
3878,00-0033043,Austin Traylor,,TE,,,,,Inactive,6.0
2390,00-0032214,Tyler Kroft,,TE,,,,,Active,9.0
6273, 00-0035540,P.J. Johnson,LV,DT,,,,,Active,3.0
2341,00-0032209,T.J. Yeldon,,RB,,,,,Inactive,7.0
2424,00-0032246,Andrew Donnal,,T,,,,,Inactive,7.0
4718,00-0033854,Dare Ogunbowale,LV,RB,,,,,Active,9.0
6251, 00-0035429,Reggie Howard,,DT,,,,,Active,3.0
2798,00-0031509,Marcus Rush,,OLB,,,,,Inactive,7.0
1552,00-0030067,Terron Armstead,,T,,,,,Active,12.0
6027, 00-0035415,Nate Hall,,LB,,,,,Active,3.0
5779,00-0034864,Blake Jackson,,WR,,,,,Inactive,4.0
2172,00-0031279,Jake Matthews,ATL,T,,OL,,,Active,12.0
5816, 00-0035717,Nick Bosa,SF,DE,1.0,LDE,,,Active,7.0
2588,00-0031806,Malcolm Brown,,RB,,,,,Active,8.0
5712,00-0034695,Tyrice Beverette,,FS,,,,,Active,4.0
4166,00-0033563,Carlos Watkins,,DE,,,,,Active,9.0
6435, 00-0034946,George Aston,,FB,,,,,Active,3.0
5847, 00-0035683,Dexter Lawrence,CIN,DT,1.0,RDT,,,Active,7.0
886,00-0028063,Taiwan Jones,,RB,,,,,Active,12.0
5512,00-0034582,Brendan Mahon,,G,,,,,Inactive,4.0
3764,00-0032637,Andrew Adams,,DB,,,,,Active,8.0
5925, 00-0035302,Terry Beckner,,DT,,,NA,,Inactive,3.0
1083,00-0029253,Mitchell Schwartz,,T,,,,,Active,10.0
5764,00-0034821,Juante Baldwin,,CB,,,,,Active,4.0
4246,00-0033587,Jalen Myrick,,CB,,,,,Inactive,5.0
5453,00-0034117,Colton Jumper,,OLB,,,,,Active,4.0
5898, 00-0035686,Michael Deiter,DEN,OL,,OL,IR,Quadriceps,Inactive,7.0
3184,00-0033107,William Jackson,,CB,,,,,Inactive,7.0
3840,00-0032937,Max McCaffrey,,WR,,,,,Inactive,6.0
2686,00-0031922,Khari Lee,,TE,,,,,Inactive,7.0
4121,00-0033924,Eddie Vanderdoes,SF,DT,,,,,Active,5.0
444,00-0026990,Malcolm Jenkins,NO,SS,,,,,Active,13.0
5058,00-0034354,Kemoko Turay,,DE,,,,,Inactive,6.0
6307, 00-0035444,Jordan Kunaszyk,,LB,,,,,Inactive,5.0
6579, 00-0035172,Shakial Taylor,,CB,,,,,Active,3.0
799, 00-0028006,Kelvin Sheppard,,LB,,,,,Inactive,11.0
2524,00-0031621,Jake Rodgers,,T,,,,,Active,7.0
2215,00-0031180,Kadeem Edwards,,G,,,,,Inactive,8.0
138,00-0022924,Ben Roethlisberger,PIT,QB,,,,,Active,18.0
3592,00-0032749,Isaiah Johnson,,FS,,,,,Inactive,6.0
4526,00-0033604,Krishawn Hogan,,WR,,,,,Active,5.0
2112,00-0031095,Charles Leno,,T,,,,,Inactive,10.0
1912,00-0031375,Terrance West,,RB,,,,,Inactive,6.0
2589,00-0031843,Ryan Delaire,,DE,,,,,Inactive,7.0
2020,00-0031203,Cairo Santos,CHI,K,1.0,K,,,Active,12.0
1879,00-0030703,Sammy Seamster,,CB,,,,,Inactive,6.0
6110, 00-0035117,Lester Cotton,,G,,,,,Active,6.0
6727, 00-0035733,Joe Walker,,WR,,,,,Active,3.0
3204,00-0032393,C.J. Prosise,,RB,,,,,Active,6.0
2138,00-0031080,Demetri Goodson,,CB,,,,,Inactive,8.0
815,00-0028292,Nick Bellore,,LB,,,NA,Undisclosed,Active,15.0
4539,00-0033618,Greg Pyke,,G,,,,,Active,5.0
1860,00-0031031,Brent Qvale,,OT,,,,,Active,8.0
4203,00-0033570,Anthony Walker,,LB,,,,,Active,9.0
1342,00-0030507,Bennie Logan,,NT,,,,,Inactive,9.0
4435,00-0033455,Anthony Firkser,,TE,,,Questionable,Leg,Inactive,9.0
2062,00-0031348,Anthony Hitchens,KC,LB,,,,,Active,8.0
854, 00-0028152,Derek Newton,,T,,,,,Inactive,11.0
5174,00-0034121,Tegray Scales,,LB,,,,,Active,4.0
6360, 00-0035201,Chandler Miller,,C,,,,,Active,3.0
1988,00-0031369,Brandon Linder,JAX,OL,,,,,Active,8.0
779,00-0027495,George Johnson,,DE,,,,,Inactive,10.0
3332,00-0032956,Andy Janovich,,FB,,,,,Active,6.0
4654,00-0033729,Cameron Johnston,PIT,P,,P,,,Active,9.0
4717,00-0033853,Bryce Jones,,CB,,,,,Active,5.0
5200,00-0034290,Dee Liner,,DE,,,,,Active,4.0
5685,00-0034643,Chad Meredith,,OLB,,,,,Active,4.0
4472,00-0033426,Cole Gardner,,OT,,,,,Active,5.0
731,00-0027607,Ted Larsen,,OG,,,,,Active,12.0
1065,00-0029414,Orson Charles,,TE,,,,,Inactive,10.0
5939, 00-0035338,Terrill Hanks,,OLB,,,,,Active,3.0
6576, 00-0035503,Toa Lobendahn,,C,,,NA,,Inactive,3.0
4236,00-0033590,Joey Ivie,,DT,,,,,Active,5.0
1290,00-0029159,Jermaine Kearse,,WR,,,,,Injured Reserve,10.0
4337,00-0033279,Ethan Cooper,,C,,,,,Active,5.0
1806,00-0031173,Jaylen Watkins,,SS,,,,,Inactive,8.0
4398,00-0033413,De'Veon Smith,,RB,,,,,Inactive,5.0
1467,00-0030094,Eric Kush,,OL,,,,,Inactive,9.0
4534,00-0033614,Pasoni Tasini,,DE,,,,,Inactive,5.0
3451,00-0032726,Ka'imi Fairbairn,HOU,K,1.0,K,,,Active,10.0
3155,00-0032951,Laquon Treadwell,IND,WR,5.0,RWR,,,Active,10.0
1620,00-0030312,Jahleel Addae,,DB,,,,,Active,9.0
4292,00-0033220,Marcelis Branch,,SS,,,,,Active,5.0
6674, 00-0035558,Garrett McGhin,,OT,,,,,Active,4.0
6706, 00-0035673,Sione Teuhema,,OLB,,,,,Active,3.0
5936, 00-0035649,Nate Davis,,G,,,,,Active,5.0
6635, 00-0035407,Derrick Kelly,,OL,,,,,Active,4.0
4390,00-0033400,Matt Haack,,P,,,,,Active,9.0
2194,00-0031362,Trai Turner,,G,,,,,Active,10.0
6012, 00-0035594,Travis Homer,PIT,RB,,,,,Active,7.0
5867, 00-0035702,Dalton Risner,CIN,G,,OL,,,Active,7.0
560,00-0027874,Demaryius Thomas,,WR,,,,,Active,12.0
855,00-0027980,Brooks Reed,,LB,,,,,Inactive,11.0
2476,00-0031951,James O'Shaughnessy,,TE,,,,,Active,8.0
5130,00-0034686,Auden Tate,,WR,,,,,Active,5.0
181,00-0025430,Drew Stanton,,QB,,,,,Active,15.0
4349,00-0033373,Taquan Mizzell,NYG,RB,,,,,Inactive,5.0
913,00-0028202,Shaun Draughn,,RB,,,,,Inactive,9.0
1740,00-0028698,Ben Jacobs,,LB,,,,,Inactive,11.0
4457,00-0033310,J.P. Flynn,,G,,,,,Inactive,5.0
3353,00-0032794,Dan Vitale,,FB,,,,,Injured Reserve,6.0
2821,00-0031787,Jake Kumerow,,WR,,,,,Inactive,8.0
6681, 00-0035582,Riley Mayfield,,OT,,,,,Active,3.0
6593, 00-0035587,Spencer Schnell,,WR,,,,,Inactive,3.0
2816,00-0032034,Toby Johnson,,DT,,,,,Inactive,7.0
6359, 00-0035206,C.J. Worton,,WR,,,,,Active,3.0
4982,00-0034843,Mike Hughes,ATL,CB,1.0,LCB,,,Active,8.0
5588,00-0034313,Paul Butler,,TE,,,,,Inactive,5.0
5526,00-0034203,Darious Williams,,CB,,,NA,Undisclosed,Active,8.0
2321,00-0031548,Kevin Johnson,,CB,,,,,Injured Reserve,7.0
5054,00-0034778,Carlton Davis,NE,CB,1.0,LCB,Questionable,Neck,Active,8.0
5979, 00-0035533,Ryan Connelly,,LB,,,,,Active,5.0
4035,00-0033906,Alvin Kamara,NO,RB,2.0,RB,,,Active,9.0
5701,00-0034718,Connor Flagel,,DE,,,,,Active,4.0
1441,00-0030117,Kerwynn Williams,,RB,,,,,Inactive,7.0
1540,00-0030528,Robert Alford,,CB,,,,,Active,9.0
6036, 00-0034965,Ryan Davis,,WR,,,,,Active,3.0
5341,00-0034376,Taron Johnson,LV,CB,1.0,NB,,,Active,8.0
1291,00-0029479,Emmanuel Lamur,,LB,,,,,Inactive,10.0
5499,00-0034155,Salesi Uhatafe,,G,,,,,Active,4.0
2432,00-0032215,Damien Wilson,,LB,,,,,Active,9.0
1040,00-0029272,Nigel Bradham,,LB,,,,,Active,10.0
998,00-0028037,K.J. Wright,,LB,,,,,Active,11.0
1197,00-0029630,Michael Brockers,,DE,,,,,Active,11.0
5586,00-0034314,Henry Poggi,,FB,,,,,Active,4.0
6652, 00-0035333,Micah St. Andrew,,G,,,,,Active,3.0
4159,00-0033786,Ryan Glasgow,,DT,,,,,Injured Reserve,5.0
3803,00-0032813,Elijhaa Penny,,RB,,,,,Active,6.0
5709,00-0034737,Luis Perez,,QB,,,,,Active,6.0
3629,00-0032528,Justin Murray,,OL,,,,,Injured Reserve,8.0
4644,00-0033717,Travis Rudolph,,WR,,,,,Inactive,5.0
5034,00-0034824,Martinas Rankin,,OT,,,,,Inactive,4.0
5147,00-0034139,Emmanuel Ellerbee,ATL,LB,,,,,Inactive,4.0
4719, 00-0033855,Chris Thompson,,WR,,,Questionable,,Inactive,5.0
4658,00-0033734,Jamal Perry,,CB,,,,,Active,6.0
2653,00-0032089,Brian Parker,,TE,,,,,Inactive,7.0
5368,00-0034337,Greg Stroman,,CB,,,,,Active,7.0
503,00-0026858,Graham Gano,,K,,,Questionable,Neck,Active,17.0
2358,00-0032196,Jake Fisher,,T,,,,,Inactive,7.0
3851,00-0033005,Denver Kirkland,,G,,,,,Inactive,6.0
5113, 00-0034418,Cedrick Wilson,,WR,,,Questionable,Knee,Inactive,8.0
2633,00-0031531,Trey Williams,,RB,,,,,Injured Reserve,5.0
1179,00-0029257,Jerel Worthy,,DE,,,,,Inactive,10.0
957,00-0027962,Cameron Jordan,NO,DE,2.0,LOLB,,,Active,15.0
6121, 00-0035237,Jawaan Taylor,ATL,OL,,OL,,,Active,7.0
3444,00-0032627,James Burgess,,LB,,,,,Active,6.0
4793,00-0034012,Peli Anau,,DE,,,,,Active,5.0
3187,00-0032383,Ryan Kelly,,C,,,,,Active,10.0
825,00-0027965,Jimmy Smith,,CB,,,,,Active,11.0
5329,00-0034680,Armani Watts,,DB,,,,,Inactive,5.0
5613,00-0034461,Bruce Hector,,DE,,,,,Active,7.0
5784,00-0034872,Jonathan Celestin,,LB,,,,,Active,4.0
3827,00-0032870,Aldrick Rosas,,K,,,,,Active,6.0
3237,00-0033124,Will Redmond,,DB,,,,,Active,7.0
6602, 00-0035518,Braxton Hoyett,,DT,,,,,Active,3.0
412,00-0022531,Jason Peters,,OL,,,,,Active,21.0
1608,00-0030170,Rontez Miles,,FS,,,,,Active,9.0
6034, 00-0034998,Donnie Lewis,DEN,CB,,,,,Inactive,3.0
2459,00-0031594,Tony Lippett,,CB,,,,,Inactive,7.0
3362,00-0032436,Jeff Driskel,,QB,,,,,Active,10.0
5641,00-0034537,Chris Worley,,ILB,,,,,Inactive,4.0
3253,00-0033060,Leonte Carroo,,WR,,,,,Inactive,6.0
2707,00-0031915,John Timu,,LB,,,,,Inactive,5.0
4190,00-0033290,Jermaine Eluemunor,NYG,OL,,OL,,,Active,9.0
3292,00-0032409,Willie Henry,,DT,,,,,Active,6.0
1174,00-0029284,Mike Daniels,CIN,DT,,,,,Active,10.0
3254,00-0032892,Nick Vigil,,LB,,,,,Active,9.0
180,00-0026160,Aqib Talib,,CB,,,,,Injured Reserve,14.0
1829,00-0030621,Michael Ola,,T,,,,,Active,8.0
4588,00-0033672,Kyle Sloter,,QB,,,,,Active,5.0
2027,00-0031254,Denico Autry,,DE,,,,,Active,12.0
2228,00-0031394,E.J. Gaines,,CB,,,,,Inactive,8.0
1044,00-0029561,Cordy Glenn,,T,,,,,Active,10.0
4124,00-0033783,Ahkello Witherspoon,,CB,,,NA,Undisclosed,Active,9.0
6565, 00-0035515,Cody Conway,DEN,OL,,,,,Active,3.0
6155, 00-0035121,Jaylen Smith,,WR,,,,,Active,3.0
6086, 00-0035134,Tyler Roemer,,OT,,,,,Active,3.0
1223,00-0028903,Garrett Celek,,TE,,,,,Injured Reserve,10.0
3676,00-0032566,Trevon Coley,,DT,,,,,Active,7.0
936,00-0028198,Matt Asiata,,RB,,,,,Inactive,9.0
1643,00-0030023,Jordan Dangerfield,,SS,,,,,Inactive,9.0
5729,00-0031879,Quinterrius Eatmon,,OT,,,,,Active,7.0
333,00-0023682,Ryan Fitzpatrick,,QB,,,,,Active,17.0
2747,00-0031492,Jason Myers,SEA,K,1.0,K,,,Active,11.0
4947,00-0034762,Billy Price,,OL,,,,,Inactive,6.0
3257,00-0033119,Jacoby Brissett,ARI,QB,1.0,QB,,,Active,10.0
6518, 00-0035082,Greg Roberts,,DE,,,,,Active,3.0
5377,00-0034729,Jamarco Jones,,T,,,Questionable,Achilles,Active,8.0
4240,00-0033582,Jeremiah Ledbetter,,DE,,,,,Active,8.0
5230,00-0034084,Michael Badgley,,K,,,,,Active,7.0
1425,00-0030108,Ryan Griffin,,TE,,,,,Active,10.0
5918, 00-0035299,Rodney Anderson,,RB,,,,,Inactive,3.0
1232,00-0029273,Robert Turbin,,RB,,,,,Active,10.0
979,00-0028128,Colin Jones,,FS,,,,,Active,11.0
2539,00-0031627,Corey Robinson,,T,,,,,Inactive,7.0
3565,00-0032687,Keith Baxter,,CB,,,,,Active,6.0
5237,00-0034478,Chad Kanoff,,QB,,,,,Inactive,4.0
4030,00-0033887,Reuben Foster,,LB,,,,,Active,5.0
5145,00-0034149,Luke McNitt,,FB,,,,,Active,4.0
5904, 00-0035668,David Edwards,NO,OL,,OL,,,Active,7.0
3199,00-0032765,Michael Thomas,,WR,,,,,Active,8.0
2454,00-0031592,David Parry,,DT,,,,,Inactive,7.0
6321, 00-0035135,Tim Ward,,DE,,,,,Active,4.0
2818,00-0031363,Michael Palardy,,P,,,,,Active,11.0
6254, 00-0035542,Kemon Hall,,CB,,,Questionable,Undisclosed,Inactive,7.0
5656,00-0034459,Aaron Evans,,G,,,,,Active,4.0
6066, 00-0035381,Joey Alfieri,,OLB,,,,,Active,3.0
4186,00-0033789,T.J. Logan,,RB,,,,,Active,5.0
1975,00-0030854,Erik Swoope,,TE,,,,,Inactive,8.0
210,00-0025828,Wesley Woodyard,,LB,,,,,Active,14.0
4972,00-0034771,Mason Rudolph,PIT,QB,2.0,QB,,,Active,8.0
4400,00-0033415,Maurice Smith,,DB,,,,,Active,5.0
774,00-0027245,Vincent Rey,,LB,,,,,Inactive,12.0
4370, 00-0033346,Dustin Stanton,,G,,,,,Active,5.0
3604,00-0032485,Elie Bouka,,CB,,,,,Active,6.0
3210,00-0033098,Cardale Jones,,QB,,,,,Inactive,6.0
1459,00-0030523,Kayvon Webster,,CB,,,,,Active,9.0
3203,00-0033069,Braxton Miller,,WR,,,,,Inactive,6.0
6299, 00-0035598,Stephen Denmark,,CB,,,,,Active,3.0
312,00-0026293,Matthew Slater,,WR,,,,,Active,16.0
734,00-0027857,Trent Williams,SF,T,,OL,,,Active,16.0
3376,00-0032445,Ted Karras,CIN,OL,,OL,,,Active,10.0
6592, 00-0035569,Dontae Strickland,,RB,,,,,Active,3.0
989,00-0027963,James Carpenter,,T,,,,,Active,11.0
4899,00-0032338,Drew Ferris,,LS,,,,,Active,6.0
2439,00-0032169,Marcus Hardison,,DT,,,,,Inactive,5.0
2697,00-0032050,Corey Moore,,FS,,,,,Inactive,7.0
1127,00-0029577,Danny Trevathan,CHI,LB,,,,,Active,10.0
1530,00-0030113,Charles Johnson,,WR,,,,,Injured Reserve,7.0
3380,00-0032447,Devin Lucien,,WR,,,,,Active,6.0
3331,00-0032895,Jatavis Brown,,LB,,,,,Injured Reserve,6.0
5978, 00-0035538,Emeke Egbule,,LB,,,,,Active,4.0
5382,00-0034767,Nick Nelson,,CB,,,,,Active,4.0
5970, 00-0035500,Greg Dortch,BUF,WR,,,,,Active,7.0
1652,00-0029981,Terrell Sinkfield,,WR,3.0,SWR,,,Active,9.0
5924, 00-0035070,Emanuel Hall,,WR,,,,,Inactive,3.0
4761,00-0033997,Brady Sheldon,,LB,,,,,Active,5.0
6383, 00-0035113,Anree Saint-Amour,,DE,,,,,Active,3.0
5897, 00-0035470,Lukas Denis,,FS,,,,,Active,5.0
4191,00-0033571,Matt Milano,,LB,,,,,Active,9.0
6056, 00-0034982,Dre Greenlaw,SF,LB,1.0,ROLB,,,Active,7.0
5228,00-0034126,J.T. Barrett,,QB,,,,,Active,4.0
3465,00-0032661,Ben Braunecker,,TE,,,,,Active,6.0
5439,00-0034112,Austin Schlottmann,TEN,G,,OL,,,Active,8.0
1245,00-0029134,Beau Brinkley,,LS,,,,,Inactive,11.0
4865,00-0033196,Zach Triner,,LS,,,,,Active,9.0
2753,00-0031645,Rasheed Bailey,,WR,,,,,Active,7.0
6252, 00-0035434,Chris Peace,,OLB,,,,,Active,3.0
6202, 00-0035726,Jakob Johnson,,FB,,,,,Active,7.0
1267,00-0029709,Ty Nsekhe,,T,,,,,Active,12.0
2412,00-0031570,Justin Hardy,,WR,,,,,Active,7.0
266,00-0026283,Orlando Scandrick,,CB,,,,,Active,14.0
6558, 00-0035395,O'Shea Dugas,,T,,,,,Active,3.0
1803, 00-0031371,Marcus Smith,,DE,,,,,Inactive,8.0
2312,00-0031545,Kevin White,,WR,,,,,Active,8.0
5476,00-0034522,KC McDermott,,OL,,,,,Active,5.0
4606,00-0033765,Dylan Cole,,LB,,,,,Active,7.0
5769,00-0034850,Ro'Derrick Hoskins,,LB,,,,,Active,4.0
3014,00-0031821,Darrell Williams,,T,,,,,Inactive,5.0
4426,00-0033392,Harvey Langi,,LB,,,,,Active,6.0
1702,00-0030273,Lane Taylor,,OL,,,,,Active,9.0
1547,00-0030463,A.J. Klein,,LB,,,,,Active,11.0
6327, 00-0035506,Jamey Mosley,,OLB,,,,,Active,3.0
5986, 00-0035257,Christian Miller,,LB,,,,,Active,3.0
110,00-0024333,Stephen Gostkowski,,K,,,,,Inactive,16.0
6284, 00-0034993,Marcus Epps,PHI,DB,1.0,SS,,,Active,7.0
2307,00-0032268,Marcus Mariota,WAS,QB,2.0,QB,,,Active,11.0
3969,00-0033856,Leonard Fournette,,RB,,,,,Active,7.0
2123,00-0030725,Cornelius Lucas,,T,,,,,Active,12.0
1466,00-0030506,Travis Kelce,KC,TE,1.0,TE,,,Active,13.0
6149, 00-0035535,Darius Slayton,,WR,,,,,Active,7.0
5098,00-0034391,Siran Neal,SF,CB,2.0,FS,,,Active,8.0
6047, 00-0035002,Dillon Mitchell,,WR,,,,,Inactive,3.0
3515,00-0032653,K.J. Maye,,WR,,,,,Active,6.0
2234,00-0031386,Greg Robinson,,T,,,,,Active,8.0
3308,00-0032781,Matt Ioannidis,,DT,,,,,Active,7.0
5716,00-0034690,Brandon Smith,,OT,,,,,Active,4.0
2983,00-0032042,Curtis Riley,,DB,,,,,Inactive,7.0
6024, 00-0034951,Fred Johnson,PHI,T,,OL,,,Active,7.0
4149,00-0033948,Jamaal Williams,,RB,,,,,Active,8.0
3523,00-0032567,Anthony Fabiano,,C,,,,,Injured Reserve,6.0
2237,00-0030986,Ethan Westbrooks,NO,DT,,,,,Active,8.0
2214,00-0031273,Cameron Brate,,TE,,,,,Active,9.0
2413,00-0032130,Jalston Fowler,,FB,,,,,Inactive,7.0
6022, 00-0035005,Javon Patterson,,OL,,,,,Active,3.0
499,00-0026138,Connor Barth,,K,,,,,Inactive,12.0
4017,00-0033537,Deshaun Watson,CLE,QB,1.0,QB,,,Active,9.0
4464,00-0033319,Nick Mullens,JAX,QB,,,,,Active,9.0
3785, 00-0032660,Brandin Bryant,,DT,,,,,Active,7.0
6512, 00-0035072,Doyin Jibowu,,FS,,,,,Active,3.0
5310,00-0034772,Antonio Callaway,,WR,,,,,Active,5.0
701,00-0027675,Ed Dickson,,TE,,,,,Inactive,12.0
3228,00-0033053,Sean Davis,NE,DB,,,,,Active,6.0
5095,00-0034161,Daniel Carlson,NO,K,1.0,K,,,Active,8.0
1849,00-0031042,Jace Amaro,,TE,,,,,Inactive,8.0
902,00-0028114,Dwayne Harris,,WR,,,,,Inactive,11.0
4410,00-0033333,Horace Richardson,,CB,,,,,Active,5.0
1925,00-0031412,Stephon Tuitt,,DE,,,,,Active,8.0
365,00-0026901,Mike Wallace,,WR,,,,,Inactive,13.0
1667,00-0029958,Steven Terrell,,FS,,,,,Inactive,7.0
4637, 00-0033710,DaShaun Amos,,CB,,,,,Inactive,5.0
5363,00-0034417,Matt Pryor,ARI,T,,,,,Active,8.0
6517, 00-0035085,Randy Ramsey,,LB,,,,,Active,3.0
2505,00-0031610,Darren Waller,CAR,TE,1.0,TE,,,Active,11.0
2422,00-0032062,Blake Bell,,TE,,,,,Active,9.0
3016,00-0031512,Jermaine Whitehead,,FS,,,,,Active,7.0
146,00-0024061,Tramon Williams,,CB,,,,,Injured Reserve,16.0
1426,00-0030564,DeAndre Hopkins,,WR,,,,,Active,13.0
3614,00-0032881,Tommylee Lewis,,WR,,,,,Active,6.0
3838,00-0032933,Antonio Hamilton,,CB,,,,,Active,10.0
576,00-0027663,Sean Lee,,LB,,,,,Injured Reserve,12.0
3234,00-0033129,Carl Nassib,,DE,,,,,Active,7.0
5220,00-0034614,Godwin Igwebuike,,RB,,,,,Active,6.0
6680, 00-0035581,David Kenney,,OLB,,,,,Active,3.0
4651,00-0033725,Corey Clement,,RB,,,,,Active,6.0
6006, 00-0035278,Byron Cowart,WAS,DT,,,,,Active,7.0
6451, 00-0035039,Stephen Carlson,CHI,TE,,,,,Active,7.0
2149,00-0030629,Jeremy Vujnovich,,G,,,,,Active,8.0
6151, 00-0035243,Miles Sanders,,RB,,,,,Active,7.0
4750,00-0033992,Lance Lenoir,,WR,,,,,Active,6.0
3373,00-0032958,Will Parks,,DB,,,,,Active,7.0
3882,00-0033063,Zach Wood,NO,LS,,LS,Out,Calf,Inactive,10.0
4096,00-0033898,Justin Evans,,SS,,,,,Active,7.0
5236,00-0034642,Kyle Lewis,,WR,,,,,Active,4.0
4971,00-0034790,Derwin James,LAC,DB,1.0,NB,,,Active,8.0
4403,00-0033325,Dylan Bradley,,NT,,,,,Active,5.0
4996,00-0034369,Kyle Lauletta,,QB,,,,,Active,4.0
4958,00-0030332,Brett Maher,,K,,,,,Active,11.0
5372,00-0034384,D.J. Reed,DET,CB,1.0,RCB,,,Active,8.0
6148, 00-0035350,Preston Williams,,WR,,,,,Active,4.0
1349,00-0030526,E.J. Manuel,,QB,,,,,Inactive,7.0
5961, 00-0035505,Jalin Moore,,RB,,,,,Inactive,3.0
556, 00-0027658,Zane Beadles,,G,,,,,Inactive,12.0
3637,00-0032480,Eddie Yarbrough,MIN,DE,,,,,Active,6.0
5086,00-0034272,Marquez Valdes-Scantling,LAC,WR,,,,,Active,8.0
6740, 00-0035743,Brett Toth,SF,OL,,OL,IR,Concussion,Inactive,7.0
5633,00-0034595,Nyles Morgan,,ILB,,,,,Active,4.0
5015,00-0034834,Sam Hubbard,,DE,,,,,Active,7.0
2690,00-0031696,Zaire Anderson,,ILB,,,,,Inactive,7.0
5993, 00-0035670,Dakota Allen,,LB,,,,,Inactive,4.0
922,00-0028339,Mario Addison,,DE,,,,,Active,12.0
4133,00-0033927,John Johnson,,DB,,,,,Active,8.0
1433,00-0029822,Brandon McManus,,K,,,,,Active,13.0
289,00-0020531,Drew Brees,,QB,,,,,Injured Reserve,20.0
4117,00-0033920,Derek Rivers,,DE,,,,,Active,7.0
6311, 00-0035342,Patrick Laird,,RB,,,,,Active,5.0
5693,00-0034645,Beau Nunn,,G,,,,,Active,4.0
280,00-0025512,Jermon Bushrod,,G,,,,,Inactive,15.0
2531,00-0031624,Edmond Robinson,SEA,LB,,,,,Active,7.0
5434,00-0034098,Quin Blanding,,FS,,,,,Inactive,4.0
176,00-0026281,Gary Barnidge,,TE,,,,,Inactive,12.0
3391,00-0032450,Dwayne Washington,,RB,,,,,Active,8.0
1262,00-0029623,Alex Tanney,,QB,,,,,Injured Reserve,10.0
5861, 00-0035636,L.J. Collier,ARI,DE,2.0,LDE,,,Active,7.0
3382,00-0032448,Stephen Weatherly,,LB,,,,,Inactive,7.0
1728,00-0027282,Ben Garland,,OG,,,,,Active,12.0
1277,00-0029696,Chris Lewis-Harris,,CB,,,,,Inactive,8.0
4150,00-0033950,Wayne Gallman,,RB,,,,,Active,6.0
5315,00-0034428,Leon Jacobs,,LB,,,,,Active,4.0
901, 00-0027978,Bruce Carter,,LB,,,,,Inactive,11.0
742,00-0026839,Jermey Parnell,,T,,,,,Inactive,13.0
6033, 00-0035219,Isaiah Buggs,,DE,,,,,Active,5.0
1429,00-0030566,D.J. Swearinger,IND,DB,,,,,Active,9.0
5556,00-0034236,Jason Hall,,OLB,,,,,Active,4.0
4444, 00-0033440,Anthony Cioffi,,CB,,,,,Active,5.0
3280,00-0032404,Tyler Ervin,,RB,,,,,Inactive,6.0
5517,00-0034480,Mike Needham,,LB,,,,,Active,4.0
5402,00-0034223,Jonathan Wynn,,DE,,,,,Active,4.0
1236,00-0029048,Joe Banyard,,RB,,,,,Inactive,8.0
1818,00-0031307,Walt Aikens,,SS,,,,,Active,8.0
879,00-0027993,Rodney Hudson,,OL,,,,,Inactive,12.0
5193,00-0034591,J.C. Jackson,,DB,,,,,Active,6.0
856,00-0027949,J.J. Watt,,DE,,,,,Active,12.0
5850, 00-0035700,Josh Jacobs,GB,RB,4.0,RB,NA,Personal,Active,7.0
4086,00-0033782,DeMarcus Walker,,DE,,,,,Active,9.0
424,00-0027078,T.J. Lang,,G,,,,,Injured Reserve,13.0
5804,00-0034894,Julian Williams,,WR,,,,,Active,4.0
6614, 00-0035047,Jermaine Ponder,,CB,,,,,Active,3.0
1997,00-0030829,Josh Wells,,T,,,,,Active,10.0
5516,00-0034474,Frank Ginda,,OLB,,,,,Active,6.0
6076, 00-0035591,Justin Hollins,,LB,,,Questionable,Undisclosed,Inactive,6.0
707, 00-0025900,Chris Clark,,T,,,,,Active,14.0
3416,00-0032581,Cre'Von LeBlanc,,DB,,,,,Inactive,6.0
6338, 00-0035459,Ira Savage-Lewis,,NT,,,,,Active,3.0
899,00-0028660,Dan Bailey,,K,,,,,Active,11.0
6523, 00-0035156,Jack Fox,DET,P,,P,,,Active,7.0
6157, 00-0035260,Renell Wren,,DT,,,,,Active,5.0
5880, 00-0035639,Parris Campbell,,WR,,,NA,Undisclosed,Active,7.0
1177,00-0029408,Nick Perry,,LB,,,,,Inactive,10.0
6580, 00-0035517,A.T. Hall,,OT,,,,,Active,3.0
1203,00-0029681,Janoris Jenkins,,CB,,,,,Active,11.0
2792,00-0031754,Tim Scott,,FS,,,,,Inactive,7.0
2953,00-0031646,Brett Boyko,,OT,,,,,Inactive,7.0
4314,00-0033246,Johnny Mundt,PHI,TE,2.0,TE,,,Active,9.0
6293, 00-0035304,Cullen Gillaspia,,RB,,,,,Inactive,4.0
4094,00-0033542,Forrest Lamp,,OL,,,,,Inactive,5.0
362,00-0026957,David Johnson,,TE,,,,,Inactive,11.0
5141,00-0034881,James Crawford,,LB,,,,,Active,4.0
5560,00-0034237,Khalid Hill,,FB,,,,,Inactive,4.0
4675,00-0033738,Otha Peters,,ILB,,,,,Inactive,5.0
1580,00-0030504,Earl Watford,,OL,,,,,Active,9.0
3417,00-0032820,Terrance Smith,,LB,,,,,Active,6.0
1334,00-0030148,Damion Square,CIN,DT,,,,,Active,9.0
5506,00-0034157,Anthony Winbush,,DE,,,,,Active,4.0
862,00-0027948,Blaine Gabbert,,QB,,,,,Active,13.0
2892,00-0031900,Rodney Smith,,RB,,,,,Active,7.0
6208, 00-0034921,Elliott Fry,,K,,,,,Active,4.0
2168,00-0031285,Devonta Freeman,,RB,,,,,Active,8.0
2545,00-0032141,Geoff Swaim,,TE,,,,,Active,10.0
5511,00-0034580,Chris Frey,,LB,,,,,Active,4.0
4417,00-0033383,Cole Croston,,G,,,,,Inactive,5.0
4623,00-0033683,Tim Cook,,RB,,,,,Active,5.0
6126, 00-0034970,Irv Smith,,TE,,,Questionable,Ankle,Inactive,6.0
3758,00-0032620,A.J. Hendy,,SS,,,,,Inactive,6.0
3797,00-0032724,Bryce Treggs,,WR,,,,,Inactive,6.0
6474, 00-0035611,Brandon Hitner,,OT,,,,,Inactive,3.0
2830,00-0031848,Caushaud Lyons,,DT,,,,,Inactive,5.0
3931,00-0033161,Isaiah Williams,,OL,,,,,Active,6.0
4163,00-0033557,Jalen Reeves-Maybin,,LB,,,,,Active,9.0
4319,00-0033251,Zach Pascal,,WR,,,,,Active,8.0
6536, 00-0035334,Kevin Strong,,DE,,,,,Active,6.0
842,00-0028001,Marcus Gilbert,,OT,,,,,Injured Reserve,11.0
3295,00-0032412,Dean Lowry,NYG,DE,,,,,Active,10.0
657,00-0023441,Adam Jones,,CB,,,,,Injured Reserve,17.0
6588, 00-0035544,Tom Kennedy,DET,WR,4.0,RWR,,,Active,7.0
3786,00-0032466,George Fant,,OT,,,,,Active,10.0
836,00-0027975,Jabaal Sheard,,DE,,,,,Active,11.0
6298, 00-0035310,Chandler Cox,,FB,,,,,Inactive,3.0
1994,00-0031264,Chris Smith,,DE,,,,,Active,8.0
3247,00-0032391,Joe Thuney,CHI,OL,,OL,,,Active,10.0
2643,00-0031844,Deshazor Everett,WAS,DB,,,,,Active,7.0
3230,00-0032939,Vonn Bell,,DB,,,,,Active,9.0
4372,00-0033348,Jarveon Williams,,RB,,,,,Inactive,5.0
4265,00-0033975,Elijah Hood,,RB,,,,,Inactive,5.0
4205,00-0033468,Ukeme Eligwe,,LB,,,,,Inactive,5.0
2811,00-0031814,Matt Longacre,,LB,,,,,Inactive,7.0
366,00-0027006,Kenny Britt,,WR,,,,,Inactive,11.0
5063,00-0034677,Justin Jones,,DT,,,,,Inactive,7.0
2685,00-0031697,Jordan Taylor,,WR,,,,,Inactive,7.0
875,00-0028024,Allen Bailey,,DE,,,,,Active,11.0
1194,00-0029087,Leonard Johnson,,CB,,,,,Inactive,10.0
2128,00-0031284,Travis Swanson,,C,,,,,Injured Reserve,8.0
1006,00-0027573,Mitch Unrein,,DE,,,,,Inactive,10.0
3246,00-0032891,Daryl Worley,,CB,,,,,Active,9.0
3415,00-0032580,Jonathan Jones,PHI,DB,2.0,NB,,,Active,10.0
1916,00-0031373,Martavis Bryant,,WR,,,,,Active,10.0
4079,00-0033524,Kevin King,,CB,,,Questionable,Undisclosed,Active,8.0
5984, 00-0035520,Anthony Ratliff-Williams,,WR,,,,,Active,3.0
3188,00-0032759,Sheldon Rankins,HOU,DT,1.0,LDT,,,Active,10.0
4339,00-0033277,Kyle Kalis,,G,,,,,Inactive,5.0
4447,00-0033443,Rickey Jefferson,,SS,,,,,Active,5.0
3162,00-0032965,Ronnie Stanley,BAL,T,,OL,Questionable,Toe,Active,10.0
5468,00-0034340,Christian Scotland-Williamson,,TE,,,,,Active,7.0
5759,00-0034802,Nate Holley,,DB,,,,,Active,4.0
1312,00-0029319,Josh Bellamy,,WR,,,,,Active,10.0
2460,00-0032134,C.J. Uzomah,,TE,,,,,Active,10.0
5451,00-0034120,Curtis Mikell,,CB,,,,,Active,4.0
2560,00-0031665,Zach Zenner,,RB,,,,,Active,7.0
4598,00-0033752,Storm Norton,ATL,T,,OL,PUP,Foot,Active,9.0
2536,00-0031626,Brian Mihalik,,OT,,,,,Inactive,7.0
4138,00-0033930,Cameron Sutton,,CB,,,,,Active,8.0
2421,00-0032131,Rodney Gunter,,DE,,,,,Injured Reserve,7.0
4520,00-0033517,Travin Dural,,WR,,,,,Active,5.0
6426, 00-0035623,Chandler Brewer,,OL,,,,,Active,7.0
744,00-0027247,Mike Windt,,LS,,,,,Inactive,12.0
4393,00-0033403,Cameron Malveaux,,DE,,,,,Active,5.0
1971,00-0031339,Donte Moncrief,,WR,,,,,Active,8.0
5255,00-0034647,Teo Redding,,WR,,,,,Active,4.0
1358,00-0030390,Caleb Sturgis,,K,,,,,Inactive,9.0
996,00-0028092,Richard Sherman,,CB,,,,,Active,11.0
5001,00-0034383,Dalton Schultz,HOU,TE,1.0,TE,,,Active,8.0
2885,00-0031878,Robertson Daniel,,CB,,,,,Inactive,7.0
2679,00-0031870,Dean Marlowe,,DB,,,,,Active,9.0
1258,00-0029111,Derrick Shelby,,DE,,,,,Inactive,10.0
6430, 00-0035076,Curtis Bolton,,LB,,,,,Active,6.0
6423, 00-0035423,Daniel Wise,,DT,,,,,Active,4.0
6181, 00-0035259,Trevon Wesco,,TE,,,,,Active,5.0
4036,00-0033871,Corey Davis,,WR,,,,,Active,6.0
5806,00-0034899,John Wolford,,QB,,,,,Active,8.0
3404,00-0032456,Prince Charles Charles Iworah,,CB,,,,,Inactive,6.0
1213,00-0029606,Harrison Smith,MIN,DB,1.0,FS,,,Active,14.0
3191,00-0032888,Karl Joseph,,DB,,,,,Inactive,7.0
6004, 00-0035127,Andre James,,C,,,Questionable,Undisclosed,Active,7.0
3667,00-0032592,Sharrod Neasman,,DB,,,,,Active,6.0
6332, 00-0035130,Dylan Mabin,,CB,,,,,Active,4.0
4702,00-0033809,Jeremy Boykins,,CB,,,,,Active,5.0
5245,00-0034146,Troy Mangen,,TE,,,,,Active,4.0
600,00-0027768,Marshall Newhouse,,OL,,,,,Inactive,12.0
4029,00-0033893,Dalvin Cook,,RB,,,,,Active,8.0
579,00-0027885,Linval Joseph,,DT,,,,,Active,15.0
5394, 00-0034078,Terrell Williams,,FS,,,,,Active,4.0
795,00-0027941,Marcell Dareus,,DE,,,,,Active,11.0
5374,00-0034386,Justin Watson,,WR,,,,,Active,8.0
5159,00-0034481,Deatrick Nichols,,CB,,,,,Inactive,4.0
5047,00-0034158,Brian O'Neill,MIN,T,,OL,Questionable,Knee,Active,8.0
597,00-0027676,Morgan Burnett,,SS,,,,,Injured Reserve,12.0
2336,00-0032102,Stephone Anthony,,LB,,,,,Active,7.0
5508,00-0034145,Chris Lammons,,CB,,,Questionable,Foot,Active,8.0
1097,00-0029708,Kendall Wright,,WR,,,,,Inactive,10.0
445,00-0027114,Thomas Morstead,,P,,,,,Active,17.0
6118, 00-0035718,Quinnen Williams,DAL,DT,1.0,RDE,,,Active,7.0
2067,00-0031097,Terrance Mitchell,,DB,,,,,Active,10.0
1525,00-0030090,Micah Hyde,,DB,,,,,Active,12.0
4033,00-0033885,David Njoku,LAC,TE,2.0,TE,,,Active,9.0
5669,00-0034659,Sharif Finch,,LB,,,,,Inactive,4.0
4152,00-0033951,Marlon Mack,,RB,,,,,Active,7.0
3194,00-0032758,Vernon Hargreaves,,DB,,,,,Active,6.0
6471, 00-0035411,Larry Allen Jr.,,G,,,,,Inactive,1.0
5180,00-0034460,Danny Ezechukwu,,OLB,,,NA,,Inactive,4.0
4595,00-0033747,Dontez Ford,,WR,,,,,Active,5.0
6683, 00-0035575,D'Andre Payne,,CB,,,,,Active,3.0
4360,00-0033412,Fred Ross,,WR,,,,,Inactive,5.0
4670,00-0033706,Artavis Scott,,WR,,,,,Active,5.0
6441, 00-0035027,Duplicate Player,,NT,,,NA,,Inactive,1.0
3564,00-0032472,Tre Madden,,RB,,,,,Inactive,6.0
4267,00-0033972,Jylan Ware,,OT,,,,,Inactive,5.0
3692,00-0032549,Alex Redmond,NE,OG,,,,,Inactive,6.0
4643,00-0033716,Calvin Munson,,LB,,,,,Active,8.0
691, 00-0023645,Derek Anderson,,QB,,,,,Injured Reserve,17.0
2729,00-0031731,Corey Grant,,RB,,,,,Inactive,7.0
5849, 00-0035228,Kyler Murray,MIN,QB,2.0,QB,Out,Concussion,Active,7.0
5409,00-0034613,Tanner Hudson,CIN,TE,,,,,Active,8.0
1796,00-0031179,Taylor Hart,,T,,,,,Inactive,6.0
5037,00-0034774,Breeland Speaks,,DE,,,,,Active,6.0
6028, 00-0035220,Derwin Gray,,T,,,,,Active,3.0
6603, 00-0035055,Marquez Tucker,,OT,,,,,Active,3.0
6112, 00-0035724,Martez Ivey,,OT,,,,,Active,3.0
346,00-0027057,Brandon Tate,,WR,,,,,Inactive,13.0
2556,00-0031768,Terrence Magee,,RB,,,,,Inactive,5.0
587,00-0027215,Logan Paulsen,,TE,,,,,Active,12.0
2423,00-0031943,Ramik Wilson,,LB,,,,,Active,7.0
1770,00-0030050,Ray-Ray Armstrong,,LB,,,,,Active,9.0
4293,00-0033221,Daniel Brunskill,,OL,,,,,Active,9.0
368,00-0027136,Jason McCourty,,DB,,,,,Active,13.0
1215,00-0029572,Jarius Wright,,WR,,,,,Active,10.0
5410,00-0034617,Evan Perrizo,,DE,,,,,Active,4.0
4252,00-0033471,Isaiah Ford,,WR,,,,,Inactive,6.0
6124, 00-0035647,Montez Sweat,CHI,DE,1.0,LDE,,,Active,7.0
1940,00-0031263,Avery Williamson,,LB,,,,,Active,8.0
3300,00-0032940,DeAndre Washington,,RB,,,,,Inactive,6.0
3917,00-0033143,Kendal Thompson,,WR,,,,,Inactive,6.0
2115,00-0031048,Will Sutton,,DT,,,,,Inactive,6.0
1663,00-0029946,Abry Jones,,DT,,,,,Injured Reserve,9.0
1694,00-0029984,Ryan Allen,,P,,,,,Active,9.0
4991,00-0034347,James Daniels,,OL,,,,,Active,8.0
6549, 00-0035401,Damion Willis,,WR,,,,,Active,3.0
3895,00-0033094,Marvin Hall,,WR,,,,,Active,6.0
3354,00-0032897,Derek Watt,,FB,,,,,Active,7.0
2110,00-0034641,Christian Jones,,LB,,,,,Active,8.0
4341,00-0033274,Fish Smithson,,FS,,,,,Inactive,5.0
125,00-0026190,Calais Campbell,BAL,DE,2.0,LDE,,,Active,18.0
1482,00-0030278,Manti Te'o,,LB,,,,,Inactive,9.0
6745, 00-0035336,Duplicate Player,MIA,G,,,,,Inactive,0.0
6387, 00-0035621,Nsimba Webster,,WR,,,,,Active,6.0
5670,00-0034655,Nick DeLuca,,TE,,,,,Inactive,4.0
3605,00-0032496,Matthias Farley,,DB,,,,,Active,8.0
5309,00-0034441,Rod Taylor,,G,,,,,Active,4.0
1061,00-0029388,Deonte Thompson,,WR,,,,,Inactive,10.0
1807, 00-0029151,Matt Simms,,QB,,,,,Inactive,10.0
4139,00-0033937,Amara Darboh,,WR,,,,,Active,5.0
5846, 00-0035640,DK Metcalf,PIT,WR,1.0,LWR,,,Active,7.0
6468, 00-0035078,Matthew Eaton,,WR,,,,,Active,3.0
6336, 00-0035445,Jesse Aniebonam,,OLB,,,,,Active,3.0
1892,00-0031301,Jeremy Hill,,RB,,,,,Inactive,8.0
5387,00-0034069,Jerod Fernandez,,OLB,,,NA,,Inactive,4.0
74,00-0022247,Mike Adams,,FS,,,,,Injured Reserve,18.0
4841,00-0034045,Whitney Richardson,,DE,,,,,Active,5.0
4284,00-0033795,Brad Seaton,,OT,,,,,Active,5.0
322,00-0021547,Antonio Gates,,TE,,,,,Injured Reserve,19.0
3441,00-0032575,Matt Skura,,C,,,,,Active,8.0
1626,00-0029869,Will Compton,,LB,,,,,Active,9.0
583,00-0027865,Brandon Graham,,DE,,,,,Active,16.0
4067,00-0033539,Jarrad Davis,,LB,,,,,Active,7.0
3893, 00-0033092,Reece Horn,,WR,,,,,Active,6.0
4304,00-0033234,Chris Odom,,OLB,,,,,Inactive,6.0
1328,00-0029310,Cam Johnson,,DE,,,,,Inactive,8.0
3546,00-0032521,Mike Hilton,,CB,,,Questionable,Shoulder,Active,10.0
1298,00-0027539,Anthony Levine,BAL,DB,,,,,Active,12.0
6065, 00-0035672,Cody Barton,TEN,LB,1.0,MLB,,,Active,7.0
1103,00-0029643,Whitney Mercilus,GB,LB,,,,,Active,10.0
6667, 00-0035543,Jordan Agasiva,,G,,,,,Active,3.0
3236,00-0033131,Maliek Collins,CLE,DT,1.0,LDT,,,Active,10.0
6499, 00-0035175,Jhavonte Dean,,CB,,,,,Active,3.0
1809,00-0031016,Ross Cockrell,,CB,,,,,Active,8.0
2325,00-0031549,Nelson Agholor,,WR,,,,,Active,10.0
1567,00-0030525,Tavon Austin,,WR,,,,,Active,9.0
4980,00-0034674,Leighton Vander Esch,,LB,,,,,Active,6.0
3287,00-0032776,Deiondre' Hall,,SS,,,,,Inactive,6.0
5597,00-0034697,Brogan Roback,,QB,,,,,Active,4.0
6139, 00-0035671,Jace Sternberger,,TE,,,,,Active,4.0
2435,00-0031580,Shaq Mason,,OL,,,,,Active,10.0
4765,00-0033998,Chunky Clements,,NT,,,,,Inactive,5.0
3613, 00-0032511,Ronald Zamort,,CB,,,,,Inactive,6.0
6140, 00-0035255,Kendall Sheffield,,DB,,,Questionable,Undisclosed,Active,7.0
3543,00-0032911,Spencer Pulley,MIA,C,,,,,Active,6.0
6473, 00-0035420,Derrick Puni,,OT,,,,,Inactive,3.0
2598,00-0031793,Terrell Watson,,RB,,,,,Inactive,7.0
5326,00-0034425,Jermaine Kelly,,CB,,,,,Active,4.0
5921, 00-0035150,Kris Boyd,,CB,,,Questionable,Abdomen,Active,7.0
3377,00-0032799,Aaron Wallace,,OLB,,,,,Inactive,6.0
3038,00-0031734,Chris Reed,,G,,,,,Active,9.0
1629,00-0029886,LaAdrian Waddle,,T,,,,,Active,9.0
4345,00-0033368,Bam Bradley,,ILB,,,,,Inactive,5.0
2343,00-0031935,Preston Smith,,LB,,,,,Active,11.0
2604,00-0031996,Manasseh Garner,,WR,,,,,Inactive,7.0
2227,00-0031388,Aaron Donald,LAR,DT,1.0,LDE,,,Active,12.0
1700,00-0030196,Jeff Heath,,DB,,,,,Active,9.0
3729,00-0032652,Herb Waters,,WR,,,,,Inactive,6.0
4647,00-0033720,Colin Thompson,,TE,,,,,Active,6.0
2322,00-0032164,Arik Armstead,JAX,DE,1.0,RDT,,,Active,11.0
3834,00-0032926,K.J. Brent,,WR,,,,,Inactive,6.0
6530, 00-0035014,Mark McLaurin,,LB,,,,,Active,3.0
986, 00-0027945,Aldon Smith,,DE,,,,,Active,11.0
6427, 00-0035021,Ashton Dulin,IND,WR,4.0,SWR,Out,Ankle,Active,7.0
4165,00-0033560,Julien Davenport,,T,,,,,Active,7.0
5278,00-0034205,Jarvion Franklin,,RB,,,,,Active,4.0
1028,00-0029412,Vinny Curry,,DE,,,,,Active,11.0
75,00-0026206,Kendall Langford,,DE,,,,,Inactive,12.0
3306,00-0032780,Jordan Howard,,RB,,,,,Active,6.0
1494, 00-0030069,Damontre Moore,CAR,DE,,,,,Active,9.0
4114,00-0033902,Tanoh Kpassagnon,TEN,DE,,DL,IR,Undisclosed,Inactive,9.0
2515,00-0031618,Kristjan Sokoli,,DT,,,,,Inactive,5.0
5873, 00-0035590,Riley Ridley,,WR,,,,,Active,3.0
1421,00-0030593,Chance Warmack,,G,,,,,Inactive,9.0
5423,00-0034571,Trent Scott,WAS,T,,,,,Active,8.0
4661,00-0033697,Michael Davis,,CB,,,,,Active,9.0
6038, 00-0035578,Damian Prince,,OT,,,,,Active,3.0
5124,00-0034732,Alex McGough,,QB,,,,,Active,7.0
4741,00-0034011,Dan Arnold,,TE,,,,,Active,6.0
6713, 00-0035706,Jamarius Way,,WR,,,,,Active,3.0
1549,00-0030448,Kawann Short,,DT,,,,,Active,9.0
2806,00-0031815,Cameron Lynch,,LB,,,,,Inactive,7.0
6406, 00-0034924,Juwann Bushell-Beatty,,OT,,,,,Active,3.0
2688,00-0031928,Chad Slade,,OG,,,,,Active,7.0
1253,00-0029123,Marquette King,,P,,,,,Inactive,10.0
2517,00-0031619,Christian Covington,LAC,DT,,,,,Active,8.0
633,00-0027375,Tramaine Brock,,CB,,,,,Active,12.0
4230,00-0033791,Brandon Wilson,,DB,,,,,Active,6.0
5152,00-0034538,Mat Boesen,,DE,,,,,Active,4.0
2232,00-0031399,Demetrius Rhaney,,C,,,,,Inactive,8.0
2089,00-0030776,Kerry Wynn,,DE,,,,,Active,8.0
5531,00-0034250,Christian DiLauro,,T,,,,,Active,5.0
5000,00-0034681,Chase Edmonds,,RB,,,,,Active,8.0
5183,00-0034204,Ola Adeniyi,,LB,,,,,Active,4.0
4272,00-0033578,Sam Tevi,,OT,,,,,Active,5.0
3717,00-0032630,Joe Callahan,,QB,,,,,Inactive,6.0
3669,00-0032596,Brian Poole,IND,CB,,,,,Active,6.0
594,00-0027855,Ndamukong Suh,,DT,,,,,Active,13.0
2991,00-0031698,Dillon Day,,C,,,,,Inactive,7.0
6513, 00-0035066,Joe Lowery,,G,,,,,Active,3.0
4998,00-0034370,DaeSean Hamilton,,WR,,,,,Active,4.0
5990, 00-0034962,Terez Hall,,LB,,,,,Inactive,4.0
667,00-0026564,Steve McLendon,,DT,,,,,Active,13.0
4243,00-0033305,Malachi Dupre,,WR,,,,,Inactive,5.0
5241,00-0034132,Christian Blake,,WR,,,,,Active,4.0
5460,00-0034202,Kaare Vedvik,,K,,,,,Active,4.0
5954, 00-0035319,Jordan Brailford,,DE,,,,,Active,3.0
1965,00-0031105,Zach Kerr,,DE,,,,,Active,8.0
2602,00-0031972,Darius Jennings,,WR,,,,,Active,7.0
5297,00-0034285,Zach Sieler,MIA,DT,1.0,RDT,,,Active,8.0
3506,00-0032650,Ryan Malleck,,TE,,,,,Inactive,6.0
5623,00-0034511,Mike Love,,DE,,,,,Active,5.0
2009,00-0031353,Michael Schofield,,T,,,,,Active,10.0
6026, 00-0035455,Albert Huggins,,DT,,,,,Active,5.0
2334,00-0032208,Phillip Dorsett,,WR,,,,,Active,11.0
1987,00-0031431,Marqise Lee,,WR,,,,,Inactive,8.0
2345,00-0032218,Dorial Green-Beckham,,WR,,,,,Inactive,5.0
6562, 00-0035425,Blake Camper,,OT,,,,,Active,3.0
1402,00-0030553,Armonty Bryant,,DE,,,,,Inactive,7.0
2724,00-0031856,Brandon King,,LB,,,,,Active,7.0
2417,00-0031942,Arie Kouandjio,,G,,,,,Inactive,5.0
4158,00-0033784,Eddie Jackson,,DB,,,,,Active,8.0
1788,00-0031089,Beau Allen,,NT,,,,,Active,8.0
1126,00-0029682,Brock Osweiler,,QB,,,,,Injured Reserve,10.0
5493,00-0034573,Charvarius Ward,IND,CB,1.0,LCB,,,Active,8.0
6054, 00-0035446,Derrick Baity,,CB,,,,,Active,3.0
5767,00-0034840,Adonis Alexander,NO,DB,,,,,Inactive,4.0
1095,00-0029529,Coty Sensabaugh,,CB,,,,,Active,10.0
6233, 00-0035436,Matt Sokol,,TE,,,,,Active,7.0
2425,00-0032168,Josh Shaw,,SS,,,,,Inactive,7.0
625,00-0027256,Darian Stewart,,FS,,,,,Active,12.0
2438,00-0031581,Mark Glowinski,,G,,,,,Active,10.0
6174, 00-0035004,Chris Slayton,,DT,,,,,Active,5.0
6520, 00-0035075,Larry Williams,,G,,,,,Active,3.0
6067, 00-0035331,Ryan Pope,,OT,,,,,Active,3.0
1653,00-0029992,Josh Kline,,G,,,,,Active,9.0
1283,00-0029329,Neiko Thorpe,,CB,,,,,Active,10.0
4720,00-0033845,Dominique Hatfield,,CB,,,,,Inactive,5.0
4093,00-0033892,Marcus Maye,,DB,,,,,Active,9.0
6231, 00-0035161,John Lovett,,QB,,,,,Active,4.0
4245,00-0033592,Kyle Fuller,,OL,,,,,Active,6.0
1513,00-0030059,Ezekiel Ansah,,DE,,,,,Inactive,9.0
3309,00-0032782,Wendell Smallwood,WAS,RB,,,,,Active,6.0
3242,00-0033118,Kenyan Drake,,RB,,,,,Active,8.0
4500,00-0033500,Andrew Lauderdale,,OT,,,,,Active,5.0
5014,00-0034803,Joseph Noteboom,,OL,,,,,Active,8.0
6099, 00-0034923,B.J. Blunt,,ILB,,,,,Active,3.0
6466, 00-0035053,Daryle Banfield,,NT,,,,,Active,3.0
4237,00-0033586,Marquez White,,CB,,,,,Active,5.0
6620, 00-0035081,Javien Hamilton,,CB,,,,,Inactive,3.0
4401,00-0033417,Damore'ea Stringfellow,,WR,,,,,Active,5.0
5160,00-0034476,A.J. Howard,,SS,,,,,Active,4.0
6372, 00-0035494,Xavier Turner,,RB,,,,,Active,3.0
5033,00-0034781,Dorian O'Daniel,,LB,,,,,Active,4.0
5646,00-0034500,Tae Davis,,LB,,,,,Inactive,6.0
1834,00-0031218,Malcolm Butler,,CB,,,,,Inactive,8.0
1077,00-0029269,Travis Benjamin,,WR,,,,,Active,10.0
3371,00-0033049,Darius Jackson,,RB,,,,,Active,6.0
2251,00-0031260,Logan Thomas,,TE,,,,,Active,10.0
4234,00-0033591,Noah Brown,,WR,,,,,Active,9.0
5567,00-0034307,Janarion Grant,,WR,,,,,Inactive,4.0
5212,00-0034215,Hercules Mata'afa,,DE,,,,,Active,4.0
5843, 00-0035525,Devin Bush,CHI,LB,1.0,MLB,,,Active,7.0
1185,00-0029205,Travaris Cadet,,RB,,,,,Inactive,10.0
5385,00-0034472,Alec Bloom,,TE,,,,,Active,4.0
663,00-0022943,Benjamin Watson,,TE,,,,,Injured Reserve,18.0
918,00-0028093,Niles Paul,,TE,,,,,Injured Reserve,11.0
6744,00-0033733,Greg Ward,,WR,,,,,Active,7.0
