week,player_name,market,strike,side,edge,entry_price,model_prob,market_prob,settled_yes,won,profit_per_unit_stake,profit_abs,stake
3,Tez Johnson,anytime_td,1.0,yes,0.0481,0.09,0.1331,0.085,0,0,-1.0,-0.09,0.09
3,Kyle Williams,anytime_td,1.0,no,-0.0518,0.93,0.0232,0.075,0,1,0.07526881720430102,0.06999999999999995,0.93
3,Kyle Williams,receiving_yards,40.0,no,-0.0635,0.92,0.0265,0.09,0,1,0.08695652173913039,0.07999999999999996,0.92
3,Kyle Williams,receiving_yards,25.0,no,-0.0942,0.78,0.1308,0.225,1,0,-1.0,-0.78,0.78
3,Kyle Williams,receiving_yards,15.0,no,-0.0463,0.65,0.3187,0.365,1,0,-1.0,-0.65,0.65
3,Josh Downs,receiving_yards,100.0,no,-0.0382,0.91,0.0618,0.1,0,1,0.09890109890109887,0.08999999999999997,0.91
3,Josh Downs,receiving_yards,90.0,no,-0.0546,0.87,0.0854,0.14,0,1,0.14942528735632185,0.13,0.87
3,Josh Downs,receiving_yards,80.0,no,-0.0775,0.81,0.1175,0.195,0,1,0.23456790123456783,0.18999999999999995,0.81
3,Josh Downs,receiving_yards,70.0,no,-0.124,0.72,0.161,0.285,1,0,-1.0,-0.72,0.72
3,Josh Downs,receiving_yards,60.0,no,-0.1607,0.63,0.2193,0.38,1,0,-1.0,-0.63,0.63
3,Josh Downs,receiving_yards,50.0,no,-0.2184,0.49,0.2966,0.515,1,0,-1.0,-0.49,0.49
3,Josh Downs,receiving_yards,40.0,no,-0.2225,0.39,0.3975,0.62,1,0,-1.0,-0.39,0.39
3,Travis Homer,anytime_td,1.0,no,-0.0572,0.94,0.0078,0.065,0,1,0.06382978723404262,0.06000000000000005,0.94
3,LaJohntay Wester,anytime_td,1.0,no,-0.1843,0.81,0.0107,0.195,0,1,0.23456790123456783,0.18999999999999995,0.81
3,LaJohntay Wester,receiving_yards,40.0,no,-0.2088,0.81,0.0012,0.21,0,1,0.23456790123456783,0.18999999999999995,0.81
3,LaJohntay Wester,receiving_yards,15.0,no,-0.3887,0.46,0.1613,0.55,0,1,1.173913043478261,0.54,0.46
3,DeVonta Smith,anytime_td,1.0,yes,0.063,0.35,0.408,0.345,0,0,-1.0,-0.35,0.35
3,DeVonta Smith,receiving_yards,90.0,yes,0.0913,0.34,0.4113,0.32,0,0,-1.0,-0.34,0.34
3,DeVonta Smith,receiving_yards,80.0,yes,0.0625,0.44,0.4725,0.41,0,0,-1.0,-0.44,0.44
3,DeVonta Smith,receiving_yards,120.0,yes,0.1292,0.16,0.2642,0.135,0,0,-1.0,-0.16,0.16
3,DeVonta Smith,receiving_yards,110.0,yes,0.1173,0.21,0.3073,0.19,0,0,-1.0,-0.21,0.21
3,DeVonta Smith,receiving_yards,100.0,yes,0.1112,0.27,0.3562,0.245,0,0,-1.0,-0.27,0.27
3,Tank Bigsby,anytime_td,1.0,yes,0.2466,0.12,0.3616,0.115,0,0,-1.0,-0.12,0.12
3,Cody White,anytime_td,1.0,no,-0.0438,0.95,0.0112,0.055,1,0,-1.0,-0.95,0.95
3,D'Andre Swift,anytime_td,1.0,yes,0.1733,0.38,0.5483,0.375,0,0,-1.0,-0.38,0.38
3,D'Andre Swift,receiving_yards,25.0,yes,0.1343,0.22,0.3343,0.2,0,0,-1.0,-0.22,0.22
3,D'Andre Swift,receiving_yards,15.0,yes,0.1633,0.4,0.5383,0.375,0,0,-1.0,-0.4,0.4
3,D'Andre Swift,rushing_yards,100.0,no,-0.0541,0.87,0.0859,0.14,0,1,0.14942528735632185,0.13,0.87
3,D'Andre Swift,rushing_yards,90.0,no,-0.0861,0.81,0.1139,0.2,0,1,0.23456790123456783,0.18999999999999995,0.81
3,D'Andre Swift,rushing_yards,80.0,no,-0.1243,0.74,0.1507,0.275,1,0,-1.0,-0.74,0.74
3,D'Andre Swift,rushing_yards,70.0,no,-0.1715,0.64,0.1985,0.37,1,0,-1.0,-0.64,0.64
3,D'Andre Swift,rushing_yards,60.0,no,-0.2347,0.51,0.2603,0.495,1,0,-1.0,-0.51,0.51
3,D'Andre Swift,rushing_yards,50.0,no,-0.2754,0.4,0.3396,0.615,1,0,-1.0,-0.4,0.4
3,D'Andre Swift,rushing_yards,40.0,no,-0.2954,0.27,0.4396,0.735,1,0,-1.0,-0.27,0.27
3,Kyle Monangai,anytime_td,1.0,yes,0.1102,0.27,0.3752,0.265,0,0,-1.0,-0.27,0.27
3,Kyle Monangai,rushing_yards,70.0,no,-0.0587,0.87,0.0813,0.14,0,1,0.14942528735632185,0.13,0.87
3,Kyle Monangai,rushing_yards,60.0,no,-0.0898,0.8,0.1202,0.21,0,1,0.24999999999999994,0.19999999999999996,0.8
3,Kyle Monangai,rushing_yards,40.0,no,-0.2254,0.52,0.2596,0.485,0,1,0.923076923076923,0.48,0.52
3,Kyle Monangai,rushing_yards,30.0,no,-0.2472,0.39,0.3778,0.625,1,0,-1.0,-0.39,0.39
3,Demond Claiborne,anytime_td,1.0,no,-0.0467,0.95,0.0083,0.055,0,1,0.052631578947368474,0.050000000000000044,0.95
3,Case Keenum,anytime_td,1.0,no,-0.0541,0.94,0.0109,0.065,1,0,-1.0,-0.94,0.94
3,Case Keenum,passing_yards,275.0,no,-0.07,0.95,0.0,0.07,0,1,0.052631578947368474,0.050000000000000044,0.95
3,Case Keenum,passing_yards,250.0,no,-0.095,0.92,0.0,0.095,0,1,0.08695652173913039,0.07999999999999996,0.92
3,DeeJay Dallas,anytime_td,1.0,no,-0.0873,0.91,0.0077,0.095,0,1,0.09890109890109887,0.08999999999999997,0.91
3,Emeka Egbuka,receiving_yards,50.0,no,-0.0709,0.51,0.4241,0.495,1,0,-1.0,-0.51,0.51
3,Emeka Egbuka,receiving_yards,40.0,no,-0.0669,0.42,0.5281,0.595,1,0,-1.0,-0.42,0.42
3,Saquon Barkley,anytime_td,1.0,yes,0.0405,0.5,0.5355,0.495,0,0,-1.0,-0.5,0.5
3,Saquon Barkley,receiving_yards,25.0,yes,0.1326,0.27,0.3826,0.25,0,0,-1.0,-0.27,0.27
3,Saquon Barkley,rushing_yards,90.0,no,-0.0507,0.71,0.2543,0.305,0,1,0.4084507042253522,0.29000000000000004,0.71
3,Saquon Barkley,rushing_yards,80.0,no,-0.097,0.61,0.308,0.405,1,0,-1.0,-0.61,0.61
3,Saquon Barkley,rushing_yards,70.0,no,-0.1286,0.51,0.3714,0.5,1,0,-1.0,-0.51,0.51
3,Saquon Barkley,rushing_yards,60.0,no,-0.1796,0.39,0.4454,0.625,1,0,-1.0,-0.39,0.39
3,Saquon Barkley,rushing_yards,50.0,no,-0.2045,0.28,0.5305,0.735,1,0,-1.0,-0.28,0.28
3,Saquon Barkley,rushing_yards,40.0,no,-0.2035,0.18,0.6265,0.83,1,0,-1.0,-0.18,0.18
3,Chris Bell,anytime_td,1.0,no,-0.0943,0.89,0.0207,0.115,0,1,0.12359550561797751,0.10999999999999999,0.89
3,Chris Bell,receiving_yards,70.0,no,-0.05,0.96,0.0,0.05,0,1,0.041666666666666706,0.040000000000000036,0.96
3,Chris Bell,receiving_yards,60.0,no,-0.08,0.93,0.0,0.08,1,0,-1.0,-0.93,0.93
3,Chris Bell,receiving_yards,50.0,no,-0.14,0.87,0.0,0.14,1,0,-1.0,-0.87,0.87
3,Chris Bell,receiving_yards,40.0,no,-0.2196,0.79,0.0004,0.22,1,0,-1.0,-0.79,0.79
3,Chris Bell,receiving_yards,15.0,no,-0.5174,0.43,0.0626,0.58,1,0,-1.0,-0.43,0.43
3,Jadarian Price,anytime_td,2.0,no,-0.0711,0.93,0.0039,0.075,0,1,0.07526881720430102,0.06999999999999995,0.93
3,Jadarian Price,anytime_td,1.0,no,-0.2497,0.64,0.1153,0.365,0,1,0.5625,0.36,0.64
3,Jadarian Price,receiving_yards,25.0,no,-0.164,0.84,0.001,0.165,0,1,0.19047619047619052,0.16000000000000003,0.84
3,Jadarian Price,rushing_yards,90.0,no,-0.0607,0.84,0.1043,0.165,0,1,0.19047619047619052,0.16000000000000003,0.84
3,Jadarian Price,rushing_yards,80.0,no,-0.0938,0.78,0.1312,0.225,0,1,0.282051282051282,0.21999999999999997,0.78
3,Jadarian Price,rushing_yards,70.0,no,-0.1496,0.69,0.1654,0.315,0,1,0.4492753623188407,0.31000000000000005,0.69
3,Jadarian Price,rushing_yards,60.0,no,-0.2061,0.59,0.2089,0.415,0,1,0.6949152542372882,0.41000000000000003,0.59
3,Jadarian Price,rushing_yards,50.0,no,-0.2904,0.45,0.2646,0.555,0,1,1.2222222222222223,0.55,0.45
3,Jadarian Price,rushing_yards,40.0,no,-0.3386,0.33,0.3364,0.675,0,1,2.03030303030303,0.6699999999999999,0.33
3,Jadarian Price,rushing_yards,30.0,no,-0.345,0.23,0.43,0.775,0,1,3.3478260869565215,0.77,0.23
3,Jadarian Price,rushing_yards,25.0,no,-0.3575,0.16,0.4875,0.845,0,1,5.25,0.84,0.16
3,Kayshon Boutte,anytime_td,1.0,no,-0.1012,0.79,0.1138,0.215,0,1,0.2658227848101265,0.20999999999999996,0.79
3,Kayshon Boutte,receiving_yards,35.0,no,-0.2416,0.47,0.2934,0.535,0,1,1.1276595744680853,0.53,0.47
3,Tony Pollard,anytime_td,2.0,no,-0.0426,0.93,0.0324,0.075,0,1,0.07526881720430102,0.06999999999999995,0.93
3,Tony Pollard,anytime_td,1.0,no,-0.0615,0.63,0.3135,0.375,0,1,0.5873015873015873,0.37,0.63
3,Tony Pollard,receiving_yards,25.0,no,-0.0464,0.87,0.0886,0.135,0,1,0.14942528735632185,0.13,0.87
3,Tony Pollard,rushing_yards,90.0,no,-0.0488,0.82,0.1362,0.185,0,1,0.2195121951219513,0.18000000000000005,0.82
3,Tony Pollard,rushing_yards,80.0,no,-0.0983,0.73,0.1767,0.275,0,1,0.36986301369863017,0.27,0.73
3,Tony Pollard,rushing_yards,70.0,no,-0.0967,0.68,0.2283,0.325,1,0,-1.0,-0.68,0.68
3,Tony Pollard,rushing_yards,60.0,no,-0.2113,0.5,0.2937,0.505,1,0,-1.0,-0.5,0.5
3,Tony Pollard,rushing_yards,50.0,no,-0.2594,0.37,0.3756,0.635,1,0,-1.0,-0.37,0.37
3,Tony Pollard,rushing_yards,40.0,no,-0.2484,0.28,0.4766,0.725,1,0,-1.0,-0.28,0.28
3,Tony Pollard,rushing_yards,30.0,no,-0.2066,0.2,0.5984,0.805,1,0,-1.0,-0.2,0.2
3,Brock Wright,anytime_td,1.0,yes,0.0733,0.07,0.1383,0.065,0,0,-1.0,-0.07,0.07
3,Derius Davis,anytime_td,1.0,no,-0.0418,0.95,0.0132,0.055,0,1,0.052631578947368474,0.050000000000000044,0.95
3,Malik Washington,anytime_td,1.0,yes,0.0416,0.22,0.2566,0.215,0,0,-1.0,-0.22,0.22
3,Malik Washington,receiving_yards,100.0,yes,0.0631,0.05,0.1031,0.04,0,0,-1.0,-0.05,0.05
3,Malik Washington,receiving_yards,80.0,yes,0.082,0.1,0.177,0.095,0,0,-1.0,-0.1,0.1
3,Malik Washington,receiving_yards,70.0,yes,0.0754,0.16,0.2304,0.155,0,0,-1.0,-0.16,0.16
3,Malik Washington,receiving_yards,60.0,yes,0.0631,0.25,0.2981,0.235,0,0,-1.0,-0.25,0.25
3,Malik Washington,receiving_yards,50.0,yes,0.0479,0.35,0.3829,0.335,1,1,1.8571428571428574,0.65,0.35
3,Brock Purdy,anytime_td,1.0,no,-0.1033,0.76,0.1417,0.245,0,1,0.3157894736842105,0.24,0.76
3,Brock Purdy,passing_yards,350.0,yes,0.1249,0.06,0.1799,0.055,0,0,-1.0,-0.06,0.06
3,Brock Purdy,passing_yards,300.0,yes,0.1407,0.19,0.3207,0.18,0,0,-1.0,-0.19,0.19
3,Brock Purdy,passing_yards,275.0,yes,0.1249,0.29,0.4049,0.28,1,1,2.4482758620689657,0.71,0.29
3,Brock Purdy,passing_yards,250.0,yes,0.0687,0.43,0.4937,0.425,1,1,1.3255813953488373,0.5700000000000001,0.43
3,Brock Purdy,passing_yards,200.0,no,-0.047,0.29,0.668,0.715,1,0,-1.0,-0.29,0.29
3,Brock Purdy,passing_yards,175.0,no,-0.0798,0.18,0.7452,0.825,1,0,-1.0,-0.18,0.18
3,Brock Purdy,passing_yards,150.0,no,-0.0932,0.1,0.8118,0.905,1,0,-1.0,-0.1,0.1
3,Brock Purdy,rushing_yards,40.0,yes,0.0638,0.12,0.1788,0.115,0,0,-1.0,-0.12,0.12
3,Brock Purdy,rushing_yards,30.0,yes,0.0586,0.23,0.2836,0.225,1,1,3.3478260869565215,0.77,0.23
3,C.J. Stroud,passing_yards,350.0,yes,0.1617,0.06,0.2167,0.055,0,0,-1.0,-0.06,0.06
3,C.J. Stroud,passing_yards,325.0,yes,0.1705,0.12,0.2855,0.115,0,0,-1.0,-0.12,0.12
3,C.J. Stroud,passing_yards,300.0,yes,0.1882,0.18,0.3632,0.175,0,0,-1.0,-0.18,0.18
3,C.J. Stroud,passing_yards,275.0,yes,0.152,0.3,0.447,0.295,0,0,-1.0,-0.3,0.3
3,C.J. Stroud,passing_yards,250.0,yes,0.0983,0.44,0.5333,0.435,0,0,-1.0,-0.44,0.44
3,C.J. Stroud,passing_yards,175.0,no,-0.0616,0.18,0.7684,0.83,0,1,4.555555555555556,0.8200000000000001,0.18
3,C.J. Stroud,passing_yards,150.0,no,-0.086,0.09,0.829,0.915,1,0,-1.0,-0.09,0.09
3,C.J. Stroud,rushing_yards,10.0,no,-0.0366,0.47,0.4984,0.535,1,0,-1.0,-0.47,0.47
3,Jelani Woods,anytime_td,1.0,no,-0.0472,0.95,0.0078,0.055,0,1,0.052631578947368474,0.050000000000000044,0.95
3,CJ Donaldson,anytime_td,1.0,no,-0.0549,0.94,0.0101,0.065,0,1,0.06382978723404262,0.06000000000000005,0.94
3,Cam Skattebo,receiving_yards,40.0,yes,0.0482,0.09,0.1282,0.08,1,1,10.111111111111112,0.91,0.09
3,Cam Skattebo,receiving_yards,25.0,yes,0.0793,0.23,0.2993,0.22,1,1,3.3478260869565215,0.77,0.23
3,Cam Skattebo,receiving_yards,15.0,yes,0.0932,0.42,0.5032,0.41,1,1,1.3809523809523812,0.5800000000000001,0.42
3,Cam Skattebo,rushing_yards,110.0,no,-0.0405,0.93,0.0345,0.075,0,1,0.07526881720430102,0.06999999999999995,0.93
3,Cam Skattebo,rushing_yards,100.0,no,-0.0565,0.9,0.0485,0.105,0,1,0.11111111111111108,0.09999999999999998,0.9
3,Cam Skattebo,rushing_yards,90.0,no,-0.1072,0.83,0.0678,0.175,0,1,0.20481927710843378,0.17000000000000004,0.83
3,Cam Skattebo,rushing_yards,80.0,no,-0.1603,0.75,0.0947,0.255,0,1,0.3333333333333333,0.25,0.75
3,Cam Skattebo,rushing_yards,70.0,no,-0.2232,0.65,0.1318,0.355,0,1,0.5384615384615384,0.35,0.65
3,Cam Skattebo,rushing_yards,60.0,no,-0.2923,0.53,0.1827,0.475,1,0,-1.0,-0.53,0.53
3,Cam Skattebo,rushing_yards,50.0,no,-0.3428,0.41,0.2522,0.595,1,0,-1.0,-0.41,0.41
3,Cam Skattebo,rushing_yards,40.0,no,-0.3691,0.29,0.3459,0.715,1,0,-1.0,-0.29,0.29
3,Cam Skattebo,rushing_yards,30.0,no,-0.3548,0.18,0.4702,0.825,1,0,-1.0,-0.18,0.18
3,Malik Nabers,receiving_yards,130.0,yes,0.0432,0.06,0.0882,0.045,0,0,-1.0,-0.06,0.06
3,Malik Nabers,receiving_yards,100.0,yes,0.0393,0.14,0.1743,0.135,0,0,-1.0,-0.14,0.14
3,Malik Nabers,receiving_yards,50.0,no,-0.0444,0.47,0.4956,0.54,0,1,1.1276595744680853,0.53,0.47
3,Malik Nabers,receiving_yards,40.0,no,-0.0435,0.37,0.5965,0.64,0,1,1.7027027027027026,0.63,0.37
3,Malik Nabers,receiving_yards,25.0,no,-0.0386,0.2,0.7664,0.805,1,0,-1.0,-0.2,0.2
3,George Holani,anytime_td,1.0,yes,0.0934,0.16,0.2484,0.155,0,0,-1.0,-0.16,0.16
3,Terrance Ferguson,anytime_td,2.0,no,-0.0409,0.96,0.0041,0.045,0,1,0.041666666666666706,0.040000000000000036,0.96
3,Terrance Ferguson,anytime_td,1.0,no,-0.1672,0.72,0.1178,0.285,0,1,0.38888888888888895,0.28,0.72
3,Terrance Ferguson,receiving_yards,90.0,no,-0.1352,0.87,0.0098,0.145,0,1,0.14942528735632185,0.13,0.87
3,Terrance Ferguson,receiving_yards,80.0,no,-0.1976,0.79,0.0174,0.215,0,1,0.2658227848101265,0.20999999999999996,0.79
3,Terrance Ferguson,receiving_yards,70.0,no,-0.2543,0.73,0.0307,0.285,0,1,0.36986301369863017,0.27,0.73
3,Terrance Ferguson,receiving_yards,50.0,no,-0.3921,0.52,0.0929,0.485,0,1,0.923076923076923,0.48,0.52
3,Terrance Ferguson,receiving_yards,40.0,no,-0.4512,0.4,0.1588,0.61,0,1,1.4999999999999998,0.6,0.4
3,Xavier Smith,anytime_td,1.0,no,-0.0362,0.93,0.0388,0.075,0,1,0.07526881720430102,0.06999999999999995,0.93
3,Dareke Young,anytime_td,1.0,no,-0.0439,0.95,0.0111,0.055,0,1,0.052631578947368474,0.050000000000000044,0.95
3,Jalen Hurts,anytime_td,2.0,no,-0.0647,0.93,0.0103,0.075,0,1,0.07526881720430102,0.06999999999999995,0.93
3,Jalen Hurts,anytime_td,1.0,no,-0.1915,0.63,0.1835,0.375,1,0,-1.0,-0.63,0.63
3,Jalen Hurts,passing_yards,350.0,yes,0.0402,0.04,0.0702,0.03,0,0,-1.0,-0.04,0.04
3,Jalen Hurts,passing_yards,325.0,yes,0.0375,0.09,0.1125,0.075,0,0,-1.0,-0.09,0.09
3,Jalen Hurts,passing_yards,275.0,yes,0.0394,0.22,0.2444,0.205,0,0,-1.0,-0.22,0.22
3,Jalen Hurts,passing_yards,225.0,no,-0.0379,0.54,0.4321,0.47,0,1,0.8518518518518517,0.45999999999999996,0.54
3,Jalen Hurts,passing_yards,200.0,no,-0.0543,0.43,0.5357,0.59,0,1,1.3255813953488373,0.5700000000000001,0.43
3,Jalen Hurts,passing_yards,175.0,no,-0.0831,0.29,0.6369,0.72,0,1,2.4482758620689657,0.71,0.29
3,Jalen Hurts,passing_yards,150.0,no,-0.1257,0.15,0.7293,0.855,1,0,-1.0,-0.15,0.15
3,Jalen Hurts,rushing_yards,40.0,no,-0.041,0.79,0.174,0.215,0,1,0.2658227848101265,0.20999999999999996,0.79
3,Jalen Hurts,rushing_yards,30.0,no,-0.1073,0.62,0.2777,0.385,0,1,0.6129032258064516,0.38,0.62
3,Jalen Hurts,rushing_yards,25.0,no,-0.1501,0.51,0.3499,0.5,1,0,-1.0,-0.51,0.51
3,Jalen Hurts,rushing_yards,20.0,no,-0.1603,0.42,0.4397,0.6,1,0,-1.0,-0.42,0.42
3,Jalen Hurts,rushing_yards,15.0,no,-0.1594,0.31,0.5506,0.71,1,0,-1.0,-0.31,0.31
3,Jalen Hurts,rushing_yards,10.0,no,-0.1343,0.19,0.6857,0.82,1,0,-1.0,-0.19,0.19
3,Jacob Cowing,anytime_td,1.0,no,-0.0918,0.9,0.0132,0.105,0,1,0.11111111111111108,0.09999999999999998,0.9
3,Cooper Kupp,anytime_td,1.0,yes,0.0811,0.17,0.2461,0.165,1,1,4.88235294117647,0.83,0.17
3,Cooper Kupp,receiving_yards,50.0,no,-0.0388,0.85,0.1162,0.155,0,1,0.17647058823529416,0.15000000000000002,0.85
3,Cooper Kupp,receiving_yards,40.0,no,-0.0379,0.78,0.1921,0.23,1,0,-1.0,-0.78,0.78
3,Cooper Kupp,receiving_yards,25.0,no,-0.044,0.58,0.386,0.43,1,0,-1.0,-0.58,0.58
3,Troy Franklin,anytime_td,1.0,yes,0.1765,0.09,0.2615,0.085,0,0,-1.0,-0.09,0.09
3,KhaDarel Hodge,anytime_td,1.0,no,-0.0438,0.93,0.0312,0.075,0,1,0.07526881720430102,0.06999999999999995,0.93
3,Sam Darnold,passing_yards,325.0,yes,0.0358,0.07,0.1008,0.065,1,1,13.285714285714283,0.9299999999999999,0.07
3,Sam Darnold,passing_yards,300.0,yes,0.0407,0.12,0.1557,0.115,1,1,7.333333333333334,0.88,0.12
3,Sam Darnold,passing_yards,225.0,no,-0.0711,0.52,0.4139,0.485,1,0,-1.0,-0.52,0.52
3,Sam Darnold,passing_yards,200.0,no,-0.116,0.37,0.519,0.635,1,0,-1.0,-0.37,0.37
3,Sam Darnold,passing_yards,175.0,no,-0.1423,0.24,0.6227,0.765,1,0,-1.0,-0.24,0.24
3,Sam Darnold,passing_yards,150.0,no,-0.1468,0.14,0.7182,0.865,1,0,-1.0,-0.14,0.14
3,Sam Darnold,rushing_yards,25.0,yes,0.1715,0.1,0.2665,0.095,0,0,-1.0,-0.1,0.1
3,Sam Darnold,rushing_yards,20.0,yes,0.1968,0.17,0.3518,0.155,0,0,-1.0,-0.17,0.17
3,Konata Mumpfield,anytime_td,1.0,no,-0.0464,0.89,0.0686,0.115,1,0,-1.0,-0.89,0.89
3,RJ Harvey,anytime_td,1.0,yes,0.1301,0.23,0.3551,0.225,0,0,-1.0,-0.23,0.23
3,RJ Harvey,receiving_yards,15.0,no,-0.1075,0.46,0.4475,0.555,1,0,-1.0,-0.46,0.46
3,RJ Harvey,rushing_yards,25.0,no,-0.0681,0.62,0.3169,0.385,0,1,0.6129032258064516,0.38,0.62
3,RJ Harvey,rushing_yards,20.0,no,-0.0895,0.51,0.4055,0.495,0,1,0.9607843137254901,0.49,0.51
3,RJ Harvey,rushing_yards,10.0,no,-0.0931,0.26,0.6569,0.75,0,1,2.846153846153846,0.74,0.26
3,J.K. Dobbins,anytime_td,1.0,yes,0.0446,0.35,0.3896,0.345,0,0,-1.0,-0.35,0.35
3,J.K. Dobbins,rushing_yards,80.0,no,-0.0597,0.82,0.1303,0.19,0,1,0.2195121951219513,0.18000000000000005,0.82
3,J.K. Dobbins,rushing_yards,70.0,no,-0.1053,0.73,0.1747,0.28,0,1,0.36986301369863017,0.27,0.73
3,J.K. Dobbins,rushing_yards,60.0,no,-0.1368,0.64,0.2332,0.37,0,1,0.5625,0.36,0.64
3,J.K. Dobbins,rushing_yards,50.0,no,-0.1854,0.51,0.3096,0.495,0,1,0.9607843137254901,0.49,0.51
3,J.K. Dobbins,rushing_yards,40.0,no,-0.2268,0.38,0.4082,0.635,1,0,-1.0,-0.38,0.38
3,J.K. Dobbins,rushing_yards,30.0,no,-0.2371,0.24,0.5329,0.77,1,0,-1.0,-0.24,0.24
3,Tory Horton,anytime_td,1.0,no,-0.0366,0.92,0.0484,0.085,0,1,0.08695652173913039,0.07999999999999996,0.92
3,Tory Horton,receiving_yards,50.0,no,-0.045,0.97,0.0,0.045,0,1,0.03092783505154642,0.030000000000000027,0.97
3,Tory Horton,receiving_yards,40.0,no,-0.055,0.95,0.0,0.055,1,0,-1.0,-0.95,0.95
3,Tory Horton,receiving_yards,25.0,no,-0.1492,0.86,0.0008,0.15,1,0,-1.0,-0.86,0.86
3,Tory Horton,receiving_yards,15.0,no,-0.2107,0.78,0.0243,0.235,1,0,-1.0,-0.78,0.78
3,Matthew Hibner,anytime_td,1.0,no,-0.0541,0.94,0.0109,0.065,1,0,-1.0,-0.94,0.94
3,Jared Wayne,anytime_td,1.0,no,-0.0637,0.9,0.0413,0.105,0,1,0.11111111111111108,0.09999999999999998,0.9
3,Jared Wayne,receiving_yards,60.0,no,-0.0396,0.94,0.0304,0.07,0,1,0.06382978723404262,0.06000000000000005,0.94
3,Jared Wayne,receiving_yards,50.0,no,-0.0506,0.9,0.0594,0.11,0,1,0.11111111111111108,0.09999999999999998,0.9
3,Jared Wayne,receiving_yards,40.0,no,-0.0514,0.84,0.1136,0.165,0,1,0.19047619047619052,0.16000000000000003,0.84
3,Jared Wayne,receiving_yards,25.0,no,-0.0619,0.66,0.2831,0.345,0,1,0.515151515151515,0.33999999999999997,0.66
3,Antonio Williams,anytime_td,1.0,no,-0.0841,0.9,0.0209,0.105,0,1,0.11111111111111108,0.09999999999999998,0.9
3,Antonio Williams,receiving_yards,50.0,no,-0.073,0.93,0.002,0.075,0,1,0.07526881720430102,0.06999999999999995,0.93
3,Antonio Williams,receiving_yards,40.0,no,-0.122,0.88,0.008,0.13,0,1,0.13636363636363635,0.12,0.88
3,Antonio Williams,receiving_yards,25.0,no,-0.2386,0.72,0.0564,0.295,0,1,0.38888888888888895,0.28,0.72
3,Antonio Williams,receiving_yards,15.0,no,-0.3232,0.51,0.1768,0.5,1,0,-1.0,-0.51,0.51
3,Ben Sinnott,anytime_td,1.0,no,-0.0372,0.92,0.0478,0.085,0,1,0.08695652173913039,0.07999999999999996,0.92
3,Rashee Rice,anytime_td,2.0,yes,0.0592,0.09,0.1442,0.085,0,0,-1.0,-0.09,0.09
3,Rashee Rice,anytime_td,1.0,yes,0.2075,0.39,0.5925,0.385,0,0,-1.0,-0.39,0.39
3,Rashee Rice,receiving_yards,90.0,yes,0.1962,0.13,0.3112,0.115,0,0,-1.0,-0.13,0.13
3,Rashee Rice,receiving_yards,80.0,yes,0.2001,0.18,0.3701,0.17,1,1,4.555555555555556,0.8200000000000001,0.18
3,Rashee Rice,receiving_yards,70.0,yes,0.1926,0.25,0.4376,0.245,1,1,3.0,0.75,0.25
3,Rashee Rice,receiving_yards,60.0,yes,0.1641,0.36,0.5141,0.35,1,1,1.777777777777778,0.64,0.36
3,Rashee Rice,receiving_yards,50.0,yes,0.1242,0.48,0.5992,0.475,1,1,1.0833333333333335,0.52,0.48
3,Rashee Rice,receiving_yards,40.0,yes,0.1013,0.6,0.6913,0.59,1,1,0.6666666666666667,0.4,0.6
3,Rashee Rice,receiving_yards,25.0,yes,0.0596,0.78,0.8346,0.775,1,1,0.282051282051282,0.21999999999999997,0.78
3,Rashee Rice,receiving_yards,120.0,yes,0.1456,0.05,0.1806,0.035,0,0,-1.0,-0.05,0.05
3,Rashee Rice,receiving_yards,110.0,yes,0.1673,0.06,0.2173,0.05,0,0,-1.0,-0.06,0.06
3,Rashee Rice,receiving_yards,100.0,yes,0.1806,0.09,0.2606,0.08,0,0,-1.0,-0.09,0.09
3,Travis Kelce,anytime_td,2.0,no,-0.0494,0.93,0.0256,0.075,0,1,0.07526881720430102,0.06999999999999995,0.93
3,Travis Kelce,anytime_td,1.0,no,-0.0936,0.63,0.2814,0.375,1,0,-1.0,-0.63,0.63
3,Travis Kelce,receiving_yards,90.0,yes,0.2232,0.15,0.3632,0.14,0,0,-1.0,-0.15,0.15
3,Travis Kelce,receiving_yards,80.0,yes,0.2088,0.22,0.4238,0.215,0,0,-1.0,-0.22,0.22
3,Travis Kelce,receiving_yards,70.0,yes,0.2018,0.3,0.4918,0.29,0,0,-1.0,-0.3,0.3
3,Travis Kelce,receiving_yards,60.0,yes,0.1821,0.39,0.5671,0.385,0,0,-1.0,-0.39,0.39
3,Travis Kelce,receiving_yards,50.0,yes,0.1536,0.5,0.6486,0.495,1,1,1.0,0.5,0.5
3,Travis Kelce,receiving_yards,40.0,yes,0.0795,0.66,0.7345,0.655,1,1,0.515151515151515,0.33999999999999997,0.66
3,Travis Kelce,receiving_yards,25.0,yes,0.0383,0.83,0.8633,0.825,1,1,0.20481927710843378,0.17000000000000004,0.83
3,Travis Kelce,receiving_yards,100.0,yes,0.2148,0.1,0.3098,0.095,0,0,-1.0,-0.1,0.1
3,Xavier Worthy,anytime_td,2.0,no,-0.0392,0.95,0.0158,0.055,0,1,0.052631578947368474,0.050000000000000044,0.95
3,Xavier Worthy,anytime_td,1.0,no,-0.0903,0.69,0.2247,0.315,0,1,0.4492753623188407,0.31000000000000005,0.69
3,Xavier Worthy,receiving_yards,90.0,yes,0.0507,0.08,0.1207,0.07,0,0,-1.0,-0.08,0.08
3,Xavier Worthy,receiving_yards,80.0,yes,0.0451,0.12,0.1601,0.115,0,0,-1.0,-0.12,0.12
3,Xavier Worthy,receiving_yards,100.0,yes,0.0456,0.05,0.0906,0.045,0,0,-1.0,-0.05,0.05
3,Jordan Addison,receiving_yards,70.0,no,-0.054,0.85,0.111,0.165,1,0,-1.0,-0.85,0.85
3,Jordan Addison,receiving_yards,60.0,no,-0.0701,0.78,0.1599,0.23,1,0,-1.0,-0.78,0.78
3,Jordan Addison,receiving_yards,50.0,no,-0.1015,0.68,0.2285,0.33,1,0,-1.0,-0.68,0.68
3,Jordan Addison,receiving_yards,40.0,no,-0.1318,0.55,0.3232,0.455,1,0,-1.0,-0.55,0.55
3,Jordan Addison,receiving_yards,25.0,no,-0.1369,0.34,0.5281,0.665,1,0,-1.0,-0.34,0.34
3,De'Von Achane,receiving_yards,50.0,yes,0.1558,0.18,0.3308,0.175,0,0,-1.0,-0.18,0.18
3,De'Von Achane,receiving_yards,40.0,yes,0.1436,0.3,0.4336,0.29,0,0,-1.0,-0.3,0.3
3,De'Von Achane,receiving_yards,25.0,yes,0.0944,0.55,0.6344,0.54,0,0,-1.0,-0.55,0.55
3,De'Von Achane,receiving_yards,15.0,yes,0.0701,0.73,0.7951,0.725,0,0,-1.0,-0.73,0.73
3,De'Von Achane,rushing_yards,60.0,no,-0.3044,0.5,0.2006,0.505,0,1,1.0,0.5,0.5
3,Evan Engram,anytime_td,1.0,no,-0.1033,0.82,0.0817,0.185,0,1,0.2195121951219513,0.18000000000000005,0.82
3,Evan Engram,receiving_yards,40.0,yes,0.048,0.22,0.263,0.215,0,0,-1.0,-0.22,0.22
3,Evan Engram,receiving_yards,25.0,yes,0.0496,0.43,0.4646,0.415,0,0,-1.0,-0.43,0.43
3,Pat Bryant,anytime_td,1.0,no,-0.053,0.84,0.112,0.165,1,0,-1.0,-0.84,0.84
3,Pat Bryant,receiving_yards,40.0,no,-0.1417,0.72,0.1433,0.285,1,0,-1.0,-0.72,0.72
3,Pat Bryant,receiving_yards,25.0,no,-0.1796,0.51,0.3204,0.5,1,0,-1.0,-0.51,0.51
3,Pat Bryant,receiving_yards,15.0,no,-0.171,0.31,0.524,0.695,1,0,-1.0,-0.31,0.31
3,Kimani Vidal,anytime_td,1.0,yes,0.3145,0.07,0.3795,0.065,0,0,-1.0,-0.07,0.07
3,Ty Johnson,anytime_td,1.0,no,-0.0586,0.85,0.0964,0.155,0,1,0.17647058823529416,0.15000000000000002,0.85
3,AJ Barner,anytime_td,1.0,yes,0.0387,0.22,0.2537,0.215,0,0,-1.0,-0.22,0.22
3,AJ Barner,receiving_yards,25.0,no,-0.0358,0.6,0.3742,0.41,1,0,-1.0,-0.6,0.6
3,AJ Barner,receiving_yards,15.0,no,-0.0507,0.38,0.5743,0.625,1,0,-1.0,-0.38,0.38
3,Jaxon Smith-Njigba,anytime_td,2.0,no,-0.0473,0.89,0.0677,0.115,1,0,-1.0,-0.89,0.89
3,Jaxon Smith-Njigba,anytime_td,1.0,no,-0.0408,0.53,0.4342,0.475,1,0,-1.0,-0.53,0.53
3,Jaxon Smith-Njigba,receiving_yards,80.0,no,-0.0563,0.4,0.5487,0.605,1,0,-1.0,-0.4,0.4
3,Jaxon Smith-Njigba,receiving_yards,70.0,no,-0.0667,0.33,0.6133,0.68,1,0,-1.0,-0.33,0.33
3,Jaxon Smith-Njigba,receiving_yards,60.0,no,-0.0839,0.24,0.6811,0.765,1,0,-1.0,-0.24,0.24
3,Jaxon Smith-Njigba,receiving_yards,50.0,no,-0.0744,0.18,0.7506,0.825,1,0,-1.0,-0.18,0.18
3,Jaxon Smith-Njigba,receiving_yards,180.0,yes,0.0857,0.07,0.1457,0.06,0,0,-1.0,-0.07,0.07
3,Jaxon Smith-Njigba,receiving_yards,170.0,yes,0.0833,0.09,0.1683,0.085,0,0,-1.0,-0.09,0.09
3,Jaxon Smith-Njigba,receiving_yards,160.0,yes,0.0891,0.11,0.1941,0.105,0,0,-1.0,-0.11,0.11
3,Jaxon Smith-Njigba,receiving_yards,150.0,yes,0.1083,0.12,0.2233,0.115,0,0,-1.0,-0.12,0.12
3,Jaxon Smith-Njigba,receiving_yards,140.0,yes,0.0963,0.17,0.2563,0.16,0,0,-1.0,-0.17,0.17
3,Jaxon Smith-Njigba,receiving_yards,130.0,yes,0.0685,0.23,0.2935,0.225,0,0,-1.0,-0.23,0.23
3,Jaxon Smith-Njigba,receiving_yards,120.0,yes,0.0501,0.29,0.3351,0.285,1,1,2.4482758620689657,0.71,0.29
3,Jaxon Smith-Njigba,receiving_yards,110.0,yes,0.0413,0.35,0.3813,0.34,1,1,1.8571428571428574,0.65,0.35
3,Jackson Hawes,anytime_td,1.0,no,-0.0498,0.93,0.0252,0.075,0,1,0.07526881720430102,0.06999999999999995,0.93
3,Emanuel Wilson,anytime_td,1.0,yes,0.1685,0.27,0.4335,0.265,0,0,-1.0,-0.27,0.27
3,Emanuel Wilson,rushing_yards,80.0,yes,0.1611,0.07,0.2211,0.06,0,0,-1.0,-0.07,0.07
3,Emanuel Wilson,rushing_yards,70.0,yes,0.1768,0.1,0.2718,0.095,0,0,-1.0,-0.1,0.1
3,Emanuel Wilson,rushing_yards,60.0,yes,0.1986,0.14,0.3336,0.135,0,0,-1.0,-0.14,0.14
3,Emanuel Wilson,rushing_yards,50.0,yes,0.1935,0.22,0.4085,0.215,0,0,-1.0,-0.22,0.22
3,Emanuel Wilson,rushing_yards,40.0,yes,0.1585,0.35,0.4985,0.34,0,0,-1.0,-0.35,0.35
3,Emanuel Wilson,rushing_yards,30.0,yes,0.1057,0.51,0.6057,0.5,0,0,-1.0,-0.51,0.51
3,Emanuel Wilson,rushing_yards,25.0,yes,0.0811,0.59,0.6661,0.585,0,0,-1.0,-0.59,0.59
3,Emanuel Wilson,rushing_yards,20.0,yes,0.061,0.68,0.731,0.67,0,0,-1.0,-0.68,0.68
3,Jacory Croskey-Merritt,anytime_td,1.0,no,-0.0353,0.73,0.2397,0.275,0,1,0.36986301369863017,0.27,0.73
3,Jacory Croskey-Merritt,rushing_yards,90.0,no,-0.0402,0.95,0.0148,0.055,0,1,0.052631578947368474,0.050000000000000044,0.95
3,Jacory Croskey-Merritt,rushing_yards,70.0,no,-0.1057,0.86,0.0393,0.145,0,1,0.16279069767441862,0.14,0.86
3,Jacory Croskey-Merritt,rushing_yards,60.0,no,-0.1561,0.79,0.0639,0.22,0,1,0.2658227848101265,0.20999999999999996,0.79
3,Jacory Croskey-Merritt,rushing_yards,50.0,no,-0.2214,0.68,0.1036,0.325,0,1,0.47058823529411753,0.31999999999999995,0.68
3,Jacory Croskey-Merritt,rushing_yards,40.0,no,-0.3075,0.53,0.1675,0.475,0,1,0.8867924528301886,0.47,0.53
3,Jacory Croskey-Merritt,rushing_yards,25.0,no,-0.3738,0.29,0.3412,0.715,1,0,-1.0,-0.29,0.29
3,Jacory Croskey-Merritt,rushing_yards,20.0,no,-0.3543,0.22,0.4307,0.785,1,0,-1.0,-0.22,0.22
3,Will Kacmarek,anytime_td,1.0,no,-0.0547,0.94,0.0103,0.065,0,1,0.06382978723404262,0.06000000000000005,0.94
3,Tyler Warren,anytime_td,1.0,yes,0.0499,0.28,0.3249,0.275,0,0,-1.0,-0.28,0.28
3,Tyler Warren,receiving_yards,45.0,no,-0.1963,0.5,0.3087,0.505,1,0,-1.0,-0.5,0.5
3,Jonathan Taylor,anytime_td,1.0,yes,0.0983,0.56,0.6533,0.555,0,0,-1.0,-0.56,0.56
3,Jonathan Taylor,receiving_yards,25.0,no,-0.0681,0.58,0.3669,0.435,0,1,0.7241379310344829,0.42000000000000004,0.58
3,Jonathan Taylor,receiving_yards,20.0,no,-0.0654,0.48,0.4596,0.525,0,1,1.0833333333333335,0.52,0.48
3,Jonathan Taylor,receiving_yards,15.0,no,-0.0748,0.37,0.5702,0.645,0,1,1.7027027027027026,0.63,0.37
3,Jonathan Taylor,rushing_yards,90.0,no,-0.1002,0.6,0.3048,0.405,0,1,0.6666666666666667,0.4,0.6
3,Jonathan Taylor,rushing_yards,80.0,no,-0.1435,0.5,0.3615,0.505,0,1,1.0,0.5,0.5
3,Jonathan Taylor,rushing_yards,70.0,no,-0.1831,0.4,0.4269,0.61,0,1,1.4999999999999998,0.6,0.4
3,Jonathan Taylor,rushing_yards,60.0,no,-0.2138,0.29,0.5012,0.715,1,0,-1.0,-0.29,0.29
3,Jonathan Taylor,rushing_yards,50.0,no,-0.2205,0.2,0.5845,0.805,1,0,-1.0,-0.2,0.2
3,Jonathan Taylor,rushing_yards,100.0,no,-0.0641,0.69,0.2559,0.32,0,1,0.4492753623188407,0.31000000000000005,0.69
3,Germie Bernard,anytime_td,1.0,no,-0.0365,0.89,0.0785,0.115,0,1,0.12359550561797751,0.10999999999999999,0.89
3,Kameron Johnson,anytime_td,1.0,no,-0.0393,0.96,0.0057,0.045,0,1,0.041666666666666706,0.040000000000000036,0.96
3,Dyami Brown,anytime_td,1.0,yes,0.0429,0.09,0.1279,0.085,0,0,-1.0,-0.09,0.09
3,Jaylin Noel,anytime_td,1.0,no,-0.0586,0.85,0.0964,0.155,0,1,0.17647058823529416,0.15000000000000002,0.85
3,Jaylin Noel,receiving_yards,80.0,no,-0.0547,0.95,0.0103,0.065,0,1,0.052631578947368474,0.050000000000000044,0.95
3,Jaylin Noel,receiving_yards,70.0,no,-0.09,0.9,0.02,0.11,0,1,0.11111111111111108,0.09999999999999998,0.9
3,Jaylin Noel,receiving_yards,60.0,no,-0.1217,0.85,0.0383,0.16,0,1,0.17647058823529416,0.15000000000000002,0.85
3,Jaylin Noel,receiving_yards,50.0,no,-0.1678,0.77,0.0722,0.24,0,1,0.2987012987012987,0.22999999999999998,0.77
3,Jaylin Noel,receiving_yards,40.0,no,-0.1969,0.68,0.1331,0.33,0,1,0.47058823529411753,0.31999999999999995,0.68
3,Jaylin Noel,receiving_yards,25.0,no,-0.2331,0.46,0.3119,0.545,0,1,1.173913043478261,0.54,0.46
3,Jaylin Noel,receiving_yards,15.0,no,-0.1954,0.3,0.5096,0.705,1,0,-1.0,-0.3,0.3
3,Woody Marks,anytime_td,1.0,yes,0.0833,0.26,0.3383,0.255,1,1,2.846153846153846,0.74,0.26
3,Woody Marks,receiving_yards,15.0,no,-0.0645,0.61,0.3355,0.4,0,1,0.639344262295082,0.39,0.61
3,Woody Marks,rushing_yards,80.0,yes,0.0421,0.05,0.0871,0.045,0,0,-1.0,-0.05,0.05
3,Woody Marks,rushing_yards,60.0,yes,0.0664,0.11,0.1714,0.105,0,0,-1.0,-0.11,0.11
3,Woody Marks,rushing_yards,50.0,yes,0.0639,0.18,0.2389,0.175,0,0,-1.0,-0.18,0.18
3,Woody Marks,rushing_yards,40.0,yes,0.0411,0.3,0.3311,0.29,0,0,-1.0,-0.3,0.3
3,Woody Marks,rushing_yards,25.0,no,-0.0443,0.43,0.5307,0.575,0,1,1.3255813953488373,0.5700000000000001,0.43
3,Woody Marks,rushing_yards,20.0,no,-0.0483,0.34,0.6167,0.665,0,1,1.9411764705882348,0.6599999999999999,0.34
3,Dohnte Meyers,anytime_td,1.0,no,-0.0852,0.91,0.0098,0.095,0,1,0.09890109890109887,0.08999999999999997,0.91
3,Xavier Hutchinson,anytime_td,1.0,no,-0.0404,0.8,0.1646,0.205,0,1,0.24999999999999994,0.19999999999999996,0.8
3,Xavier Hutchinson,receiving_yards,40.0,no,-0.1969,0.53,0.2781,0.475,1,0,-1.0,-0.53,0.53
3,Foster Moreau,anytime_td,1.0,no,-0.0512,0.93,0.0238,0.075,1,0,-1.0,-0.93,0.93
3,Drew Sample,anytime_td,1.0,no,-0.036,0.91,0.059,0.095,0,1,0.09890109890109887,0.08999999999999997,0.91
3,Drew Sample,receiving_yards,25.0,yes,0.0453,0.11,0.1403,0.095,0,0,-1.0,-0.11,0.11
3,Dalton Schultz,anytime_td,1.0,no,-0.0896,0.72,0.1954,0.285,0,1,0.38888888888888895,0.28,0.72
3,Colbie Young,anytime_td,1.0,no,-0.0421,0.95,0.0129,0.055,0,1,0.052631578947368474,0.050000000000000044,0.95
3,Tetairoa McMillan,anytime_td,1.0,no,-0.0382,0.69,0.2768,0.315,0,1,0.4492753623188407,0.31000000000000005,0.69
3,Tetairoa McMillan,receiving_yards,90.0,no,-0.0818,0.75,0.1732,0.255,0,1,0.3333333333333333,0.25,0.75
3,Tetairoa McMillan,receiving_yards,80.0,no,-0.1046,0.68,0.2204,0.325,0,1,0.47058823529411753,0.31999999999999995,0.68
3,Tetairoa McMillan,receiving_yards,70.0,no,-0.1409,0.59,0.2791,0.42,0,1,0.6949152542372882,0.41000000000000003,0.59
3,Tetairoa McMillan,receiving_yards,60.0,no,-0.1738,0.48,0.3512,0.525,0,1,1.0833333333333335,0.52,0.48
3,Tetairoa McMillan,receiving_yards,50.0,no,-0.1765,0.39,0.4385,0.615,0,1,1.564102564102564,0.61,0.39
3,Tetairoa McMillan,receiving_yards,40.0,no,-0.1829,0.28,0.5421,0.725,0,1,2.571428571428571,0.72,0.28
3,Tetairoa McMillan,receiving_yards,25.0,no,-0.1501,0.13,0.7249,0.875,0,1,6.692307692307692,0.87,0.13
3,Tetairoa McMillan,receiving_yards,100.0,no,-0.0495,0.82,0.1355,0.185,0,1,0.2195121951219513,0.18000000000000005,0.82
3,David Montgomery,anytime_td,2.0,no,-0.0381,0.89,0.0769,0.115,0,1,0.12359550561797751,0.10999999999999999,0.89
3,David Montgomery,receiving_yards,25.0,no,-0.072,0.84,0.093,0.165,0,1,0.19047619047619052,0.16000000000000003,0.84
3,David Montgomery,receiving_yards,15.0,no,-0.1011,0.66,0.2439,0.345,1,0,-1.0,-0.66,0.66
3,David Montgomery,rushing_yards,80.0,no,-0.048,0.83,0.127,0.175,0,1,0.20481927710843378,0.17000000000000004,0.83
3,David Montgomery,rushing_yards,70.0,no,-0.0989,0.74,0.1661,0.265,0,1,0.35135135135135137,0.26,0.74
3,David Montgomery,rushing_yards,60.0,no,-0.1429,0.65,0.2171,0.36,0,1,0.5384615384615384,0.35,0.65
3,David Montgomery,rushing_yards,50.0,no,-0.2215,0.5,0.2835,0.505,0,1,1.0,0.5,0.5
3,David Montgomery,rushing_yards,40.0,no,-0.2655,0.37,0.3695,0.635,0,1,1.7027027027027026,0.63,0.37
3,David Montgomery,rushing_yards,30.0,no,-0.2795,0.25,0.4805,0.76,1,0,-1.0,-0.25,0.25
3,David Montgomery,rushing_yards,25.0,no,-0.2777,0.18,0.5473,0.825,1,0,-1.0,-0.18,0.18
3,DK Metcalf,receiving_yards,90.0,yes,0.0452,0.17,0.2002,0.155,0,0,-1.0,-0.17,0.17
3,DK Metcalf,receiving_yards,50.0,no,-0.0707,0.46,0.4743,0.545,0,1,1.173913043478261,0.54,0.46
3,DK Metcalf,receiving_yards,40.0,no,-0.0485,0.39,0.5765,0.625,0,1,1.564102564102564,0.61,0.39
3,DK Metcalf,receiving_yards,25.0,no,-0.0526,0.21,0.7524,0.805,1,0,-1.0,-0.21,0.21
3,DK Metcalf,receiving_yards,100.0,yes,0.0493,0.12,0.1593,0.11,0,0,-1.0,-0.12,0.12
3,Chuba Hubbard,anytime_td,2.0,no,-0.0398,0.85,0.1152,0.155,0,1,0.17647058823529416,0.15000000000000002,0.85
3,Chuba Hubbard,anytime_td,1.0,yes,0.0469,0.5,0.5419,0.495,0,0,-1.0,-0.5,0.5
3,Chuba Hubbard,receiving_yards,50.0,no,-0.0407,0.95,0.0193,0.06,0,1,0.052631578947368474,0.050000000000000044,0.95
3,Chuba Hubbard,receiving_yards,40.0,no,-0.0687,0.89,0.0463,0.115,0,1,0.12359550561797751,0.10999999999999999,0.89
3,Chuba Hubbard,receiving_yards,25.0,no,-0.1218,0.72,0.1632,0.285,1,0,-1.0,-0.72,0.72
3,Chuba Hubbard,receiving_yards,15.0,no,-0.1513,0.5,0.3537,0.505,1,0,-1.0,-0.5,0.5
3,Chuba Hubbard,rushing_yards,130.0,no,-0.0381,0.92,0.0469,0.085,0,1,0.08695652173913039,0.07999999999999996,0.92
3,Chuba Hubbard,rushing_yards,120.0,no,-0.0435,0.9,0.0615,0.105,0,1,0.11111111111111108,0.09999999999999998,0.9
3,Chuba Hubbard,rushing_yards,110.0,no,-0.0796,0.85,0.0804,0.16,0,1,0.17647058823529416,0.15000000000000002,0.85
3,Chuba Hubbard,rushing_yards,100.0,no,-0.1202,0.78,0.1048,0.225,0,1,0.282051282051282,0.21999999999999997,0.78
3,Chuba Hubbard,rushing_yards,90.0,no,-0.1586,0.71,0.1364,0.295,0,1,0.4084507042253522,0.29000000000000004,0.71
3,Chuba Hubbard,rushing_yards,80.0,no,-0.2031,0.63,0.1769,0.38,1,0,-1.0,-0.63,0.63
3,Chuba Hubbard,rushing_yards,70.0,no,-0.2664,0.51,0.2286,0.495,1,0,-1.0,-0.51,0.51
3,Chuba Hubbard,rushing_yards,60.0,no,-0.311,0.4,0.294,0.605,1,0,-1.0,-0.4,0.4
3,Chuba Hubbard,rushing_yards,50.0,no,-0.3341,0.3,0.3759,0.71,1,0,-1.0,-0.3,0.3
3,Chuba Hubbard,rushing_yards,40.0,no,-0.318,0.21,0.477,0.795,1,0,-1.0,-0.21,0.21
3,Denzel Boston,anytime_td,2.0,no,-0.0426,0.96,0.0024,0.045,0,1,0.041666666666666706,0.040000000000000036,0.96
3,Denzel Boston,anytime_td,1.0,no,-0.1931,0.72,0.0919,0.285,0,1,0.38888888888888895,0.28,0.72
3,Denzel Boston,receiving_yards,80.0,no,-0.0762,0.83,0.0988,0.175,0,1,0.20481927710843378,0.17000000000000004,0.83
3,Denzel Boston,receiving_yards,70.0,no,-0.1193,0.76,0.1307,0.25,0,1,0.3157894736842105,0.24,0.76
3,Denzel Boston,receiving_yards,60.0,no,-0.157,0.68,0.173,0.33,0,1,0.47058823529411753,0.31999999999999995,0.68
3,Denzel Boston,receiving_yards,50.0,no,-0.2264,0.55,0.2286,0.455,0,1,0.818181818181818,0.44999999999999996,0.55
3,Denzel Boston,receiving_yards,40.0,no,-0.2731,0.43,0.3019,0.575,1,0,-1.0,-0.43,0.43
3,Denzel Boston,receiving_yards,25.0,no,-0.2885,0.26,0.4565,0.745,1,0,-1.0,-0.26,0.26
3,Denzel Boston,receiving_yards,15.0,no,-0.2759,0.13,0.5991,0.875,1,0,-1.0,-0.13,0.13
3,Denzel Boston,receiving_yards,100.0,no,-0.0387,0.91,0.0563,0.095,0,1,0.09890109890109887,0.08999999999999997,0.91
3,Quinshon Judkins,anytime_td,2.0,no,-0.05,0.9,0.055,0.105,0,1,0.11111111111111108,0.09999999999999998,0.9
3,Quinshon Judkins,anytime_td,1.0,no,-0.0382,0.57,0.3968,0.435,0,1,0.7543859649122808,0.43000000000000005,0.57
3,Quinshon Judkins,receiving_yards,40.0,yes,0.0722,0.11,0.1772,0.105,0,0,-1.0,-0.11,0.11
3,Quinshon Judkins,receiving_yards,25.0,yes,0.098,0.27,0.363,0.265,0,0,-1.0,-0.27,0.27
3,Quinshon Judkins,receiving_yards,15.0,yes,0.0818,0.49,0.5668,0.485,0,0,-1.0,-0.49,0.49
3,Quinshon Judkins,rushing_yards,90.0,no,-0.1298,0.8,0.0752,0.205,0,1,0.24999999999999994,0.19999999999999996,0.8
3,Quinshon Judkins,rushing_yards,80.0,no,-0.1811,0.72,0.1039,0.285,0,1,0.38888888888888895,0.28,0.72
3,Quinshon Judkins,rushing_yards,70.0,no,-0.242,0.62,0.143,0.385,1,0,-1.0,-0.62,0.62
3,Quinshon Judkins,rushing_yards,60.0,no,-0.2989,0.51,0.1961,0.495,1,0,-1.0,-0.51,0.51
3,Quinshon Judkins,rushing_yards,50.0,no,-0.3673,0.37,0.2677,0.635,1,0,-1.0,-0.37,0.37
3,Quinshon Judkins,rushing_yards,40.0,no,-0.377,0.27,0.363,0.74,1,0,-1.0,-0.27,0.27
3,Quinshon Judkins,rushing_yards,30.0,no,-0.3573,0.16,0.4877,0.845,1,0,-1.0,-0.16,0.16
3,Quinshon Judkins,rushing_yards,120.0,no,-0.0369,0.94,0.0281,0.065,0,1,0.06382978723404262,0.06000000000000005,0.94
3,Quinshon Judkins,rushing_yards,110.0,no,-0.0659,0.9,0.0391,0.105,0,1,0.11111111111111108,0.09999999999999998,0.9
3,Quinshon Judkins,rushing_yards,100.0,no,-0.0907,0.86,0.0543,0.145,0,1,0.16279069767441862,0.14,0.86
3,Myles Price,anytime_td,1.0,no,-0.0495,0.95,0.0055,0.055,0,1,0.052631578947368474,0.050000000000000044,0.95
3,Jameis Winston,anytime_td,1.0,no,-0.0575,0.87,0.0775,0.135,0,1,0.14942528735632185,0.13,0.87
3,Jameis Winston,passing_yards,200.0,yes,0.0788,0.5,0.5738,0.495,0,0,-1.0,-0.5,0.5
3,Jameis Winston,rushing_yards,10.0,no,-0.0436,0.64,0.3214,0.365,1,0,-1.0,-0.64,0.64
3,Najee Harris,rushing_yards,20.0,no,-0.2217,0.56,0.2233,0.445,1,0,-1.0,-0.56,0.56
3,Najee Harris,rushing_yards,15.0,no,-0.251,0.45,0.314,0.565,1,0,-1.0,-0.45,0.45
3,Calvin Ridley,anytime_td,1.0,yes,0.0439,0.1,0.1389,0.095,0,0,-1.0,-0.1,0.1
3,Calvin Ridley,receiving_yards,40.0,yes,0.168,0.16,0.313,0.145,0,0,-1.0,-0.16,0.16
3,Calvin Ridley,receiving_yards,25.0,yes,0.2204,0.31,0.5154,0.295,0,0,-1.0,-0.31,0.31
3,Calvin Ridley,receiving_yards,15.0,yes,0.209,0.48,0.684,0.475,0,0,-1.0,-0.48,0.48
3,Elic Ayomanor,anytime_td,1.0,yes,0.1137,0.13,0.2387,0.125,0,0,-1.0,-0.13,0.13
3,Elic Ayomanor,receiving_yards,50.0,yes,0.2505,0.09,0.3305,0.08,0,0,-1.0,-0.09,0.09
3,Elic Ayomanor,receiving_yards,40.0,yes,0.2685,0.17,0.4335,0.165,0,0,-1.0,-0.17,0.17
3,Elic Ayomanor,receiving_yards,25.0,yes,0.3165,0.32,0.6315,0.315,0,0,-1.0,-0.32,0.32
3,Elic Ayomanor,receiving_yards,15.0,yes,0.3001,0.49,0.7851,0.485,0,0,-1.0,-0.49,0.49
3,Wan'Dale Robinson,receiving_yards,70.0,yes,0.1516,0.1,0.2416,0.09,0,0,-1.0,-0.1,0.1
3,Wan'Dale Robinson,receiving_yards,60.0,yes,0.1481,0.17,0.3031,0.155,0,0,-1.0,-0.17,0.17
3,Wan'Dale Robinson,receiving_yards,50.0,yes,0.1239,0.26,0.3789,0.255,1,1,2.846153846153846,0.74,0.26
3,Wan'Dale Robinson,receiving_yards,40.0,yes,0.1216,0.36,0.4716,0.35,1,1,1.777777777777778,0.64,0.36
3,Wan'Dale Robinson,receiving_yards,25.0,yes,0.0418,0.61,0.6468,0.605,1,1,0.639344262295082,0.39,0.61
3,Chimere Dike,anytime_td,1.0,yes,0.1454,0.07,0.2104,0.065,0,0,-1.0,-0.07,0.07
3,Rashid Shaheed,receiving_yards,50.0,no,-0.0493,0.75,0.2057,0.255,0,1,0.3333333333333333,0.25,0.75
3,Rashid Shaheed,receiving_yards,40.0,no,-0.0576,0.65,0.2974,0.355,0,1,0.5384615384615384,0.35,0.65
3,Rashid Shaheed,receiving_yards,25.0,no,-0.0635,0.44,0.5015,0.565,0,1,1.272727272727273,0.56,0.44
3,Stefon Diggs,receiving_yards,70.0,no,-0.0432,0.89,0.0718,0.115,0,1,0.12359550561797751,0.10999999999999999,0.89
3,Stefon Diggs,receiving_yards,60.0,no,-0.0837,0.82,0.1063,0.19,0,1,0.2195121951219513,0.18000000000000005,0.82
3,Stefon Diggs,receiving_yards,50.0,no,-0.1282,0.72,0.1568,0.285,0,1,0.38888888888888895,0.28,0.72
3,Stefon Diggs,receiving_yards,40.0,no,-0.1845,0.59,0.2305,0.415,0,1,0.6949152542372882,0.41000000000000003,0.59
3,Stefon Diggs,receiving_yards,25.0,no,-0.2388,0.36,0.4062,0.645,1,0,-1.0,-0.36,0.36
3,Stefon Diggs,receiving_yards,15.0,no,-0.2201,0.2,0.5849,0.805,1,0,-1.0,-0.2,0.2
3,Terry McLaurin,receiving_yards,60.0,no,-0.0596,0.71,0.2354,0.295,1,0,-1.0,-0.71,0.71
3,Terry McLaurin,receiving_yards,50.0,no,-0.0752,0.62,0.3148,0.39,1,0,-1.0,-0.62,0.62
3,Terry McLaurin,receiving_yards,40.0,no,-0.1031,0.49,0.4169,0.52,1,0,-1.0,-0.49,0.49
3,Terry McLaurin,receiving_yards,25.0,no,-0.0914,0.3,0.6186,0.71,1,0,-1.0,-0.3,0.3
3,Terry McLaurin,receiving_yards,15.0,no,-0.0634,0.16,0.7816,0.845,1,0,-1.0,-0.16,0.16
3,Marcus Mariota,passing_yards,300.0,yes,0.0416,0.04,0.0716,0.03,0,0,-1.0,-0.04,0.04
3,Marcus Mariota,passing_yards,250.0,yes,0.088,0.11,0.193,0.105,0,0,-1.0,-0.11,0.11
3,Marcus Mariota,passing_yards,225.0,yes,0.0949,0.2,0.2849,0.19,0,0,-1.0,-0.2,0.2
3,Marcus Mariota,passing_yards,200.0,yes,0.0787,0.32,0.3937,0.315,0,0,-1.0,-0.32,0.32
3,Marcus Mariota,passing_yards,175.0,yes,0.0466,0.47,0.5116,0.465,1,1,1.1276595744680853,0.53,0.47
3,Marcus Mariota,passing_yards,125.0,no,-0.0406,0.23,0.7344,0.775,1,0,-1.0,-0.23,0.23
3,Marcus Mariota,rushing_yards,60.0,no,-0.0485,0.95,0.0065,0.055,0,1,0.052631578947368474,0.050000000000000044,0.95
3,Marcus Mariota,rushing_yards,40.0,no,-0.1552,0.82,0.0348,0.19,0,1,0.2195121951219513,0.18000000000000005,0.82
3,Marcus Mariota,rushing_yards,30.0,no,-0.2795,0.65,0.0805,0.36,0,1,0.5384615384615384,0.35,0.65
3,Marcus Mariota,rushing_yards,25.0,no,-0.3476,0.54,0.1224,0.47,0,1,0.8518518518518517,0.45999999999999996,0.54
3,Marcus Mariota,rushing_yards,20.0,no,-0.3889,0.43,0.1861,0.575,0,1,1.3255813953488373,0.5700000000000001,0.43
3,Keenan Allen,receiving_yards,70.0,no,-0.0531,0.9,0.0569,0.11,0,1,0.11111111111111108,0.09999999999999998,0.9
3,Keenan Allen,receiving_yards,60.0,no,-0.0936,0.83,0.0864,0.18,1,0,-1.0,-0.83,0.83
3,Keenan Allen,receiving_yards,40.0,no,-0.1963,0.61,0.1987,0.395,1,0,-1.0,-0.61,0.61
3,Keenan Allen,receiving_yards,15.0,no,-0.2396,0.22,0.5504,0.79,1,0,-1.0,-0.22,0.22
3,Rachaad White,anytime_td,1.0,yes,0.057,0.2,0.252,0.195,1,1,4.0,0.8,0.2
3,Rachaad White,receiving_yards,50.0,no,-0.0418,0.94,0.0282,0.07,0,1,0.06382978723404262,0.06000000000000005,0.94
3,Rachaad White,receiving_yards,40.0,no,-0.0674,0.88,0.0576,0.125,0,1,0.13636363636363635,0.12,0.88
3,Rachaad White,receiving_yards,25.0,no,-0.1533,0.69,0.1667,0.32,0,1,0.4492753623188407,0.31000000000000005,0.69
3,Rachaad White,receiving_yards,15.0,no,-0.201,0.47,0.334,0.535,0,1,1.1276595744680853,0.53,0.47
3,Rachaad White,rushing_yards,60.0,no,-0.0427,0.95,0.0123,0.055,0,1,0.052631578947368474,0.050000000000000044,0.95
3,Rachaad White,rushing_yards,50.0,no,-0.0456,0.94,0.0244,0.07,0,1,0.06382978723404262,0.06000000000000005,0.94
3,Rachaad White,rushing_yards,40.0,no,-0.0963,0.86,0.0487,0.145,0,1,0.16279069767441862,0.14,0.86
3,Rachaad White,rushing_yards,30.0,no,-0.1672,0.74,0.0978,0.265,1,0,-1.0,-0.74,0.74
3,Rachaad White,rushing_yards,25.0,no,-0.2157,0.65,0.1393,0.355,1,0,-1.0,-0.65,0.65
3,Rachaad White,rushing_yards,20.0,no,-0.2857,0.52,0.1993,0.485,1,0,-1.0,-0.52,0.52
3,Rachaad White,rushing_yards,15.0,no,-0.3182,0.4,0.2868,0.605,1,0,-1.0,-0.4,0.4
3,Rachaad White,rushing_yards,10.0,no,-0.3229,0.27,0.4171,0.74,1,0,-1.0,-0.27,0.27
3,Laquon Treadwell,anytime_td,1.0,no,-0.0897,0.9,0.0153,0.105,0,1,0.11111111111111108,0.09999999999999998,0.9
3,Laquon Treadwell,receiving_yards,50.0,no,-0.14,0.87,0.0,0.14,0,1,0.14942528735632185,0.13,0.87
3,Laquon Treadwell,receiving_yards,40.0,no,-0.2049,0.8,0.0001,0.205,0,1,0.24999999999999994,0.19999999999999996,0.8
3,Laquon Treadwell,receiving_yards,15.0,no,-0.4517,0.47,0.0833,0.535,1,0,-1.0,-0.47,0.47
3,Seth McGowan,anytime_td,1.0,no,-0.0628,0.93,0.0122,0.075,0,1,0.07526881720430102,0.06999999999999995,0.93
3,Daniel Jones,passing_yards,300.0,yes,0.0557,0.09,0.1407,0.085,0,0,-1.0,-0.09,0.09
3,Daniel Jones,passing_yards,275.0,yes,0.0397,0.18,0.2097,0.17,0,0,-1.0,-0.18,0.18
3,Daniel Jones,passing_yards,200.0,no,-0.0743,0.43,0.5007,0.575,1,0,-1.0,-0.43,0.43
3,Daniel Jones,passing_yards,175.0,no,-0.118,0.28,0.607,0.725,1,0,-1.0,-0.28,0.28
3,Daniel Jones,passing_yards,150.0,no,-0.1391,0.16,0.7059,0.845,1,0,-1.0,-0.16,0.16
3,Daniel Jones,rushing_yards,25.0,no,-0.0781,0.85,0.0769,0.155,0,1,0.17647058823529416,0.15000000000000002,0.85
3,Daniel Jones,rushing_yards,20.0,no,-0.1075,0.77,0.1275,0.235,0,1,0.2987012987012987,0.22999999999999998,0.77
3,Daniel Jones,rushing_yards,15.0,no,-0.1336,0.66,0.2114,0.345,0,1,0.515151515151515,0.33999999999999997,0.66
3,Daniel Jones,rushing_yards,10.0,no,-0.1644,0.49,0.3506,0.515,0,1,1.0408163265306123,0.51,0.49
3,Makai Lemon,anytime_td,1.0,no,-0.1594,0.83,0.0156,0.175,0,1,0.20481927710843378,0.17000000000000004,0.83
3,Makai Lemon,receiving_yards,60.0,no,-0.1399,0.88,0.0001,0.14,0,1,0.13636363636363635,0.12,0.88
3,Makai Lemon,receiving_yards,50.0,no,-0.2245,0.79,0.0005,0.225,0,1,0.2658227848101265,0.20999999999999996,0.79
3,Makai Lemon,receiving_yards,25.0,no,-0.5249,0.45,0.0301,0.555,1,0,-1.0,-0.45,0.45
3,Makai Lemon,receiving_yards,15.0,no,-0.5688,0.31,0.1262,0.695,1,0,-1.0,-0.31,0.31
3,Johnny Mundt,anytime_td,1.0,no,-0.0814,0.9,0.0236,0.105,0,1,0.11111111111111108,0.09999999999999998,0.9
3,Dontayvion Wicks,receiving_yards,60.0,no,-0.0457,0.68,0.2793,0.325,0,1,0.47058823529411753,0.31999999999999995,0.68
3,Dontayvion Wicks,receiving_yards,50.0,no,-0.0509,0.61,0.3541,0.405,0,1,0.639344262295082,0.39,0.61
3,Dontayvion Wicks,receiving_yards,40.0,no,-0.0936,0.47,0.4464,0.54,0,1,1.1276595744680853,0.53,0.47
3,Dontayvion Wicks,receiving_yards,25.0,no,-0.0729,0.33,0.6221,0.695,1,0,-1.0,-0.33,0.33
3,Dontayvion Wicks,receiving_yards,15.0,no,-0.0422,0.22,0.7628,0.805,1,0,-1.0,-0.22,0.22
3,Rome Odunze,anytime_td,1.0,yes,0.1218,0.18,0.2968,0.175,0,0,-1.0,-0.18,0.18
3,Rome Odunze,receiving_yards,90.0,yes,0.1739,0.05,0.2089,0.035,0,0,-1.0,-0.05,0.05
3,Rome Odunze,receiving_yards,50.0,yes,0.2903,0.22,0.4853,0.195,0,0,-1.0,-0.22,0.22
3,Rome Odunze,receiving_yards,40.0,yes,0.2769,0.33,0.5869,0.31,1,1,2.03030303030303,0.6699999999999999,0.33
3,Rome Odunze,receiving_yards,25.0,yes,0.2246,0.54,0.7596,0.535,1,1,0.8518518518518517,0.45999999999999996,0.54
3,Rome Odunze,receiving_yards,15.0,yes,0.2021,0.7,0.8771,0.675,1,1,0.42857142857142866,0.30000000000000004,0.7
3,Kalif Raymond,anytime_td,1.0,no,-0.0865,0.86,0.0585,0.145,1,0,-1.0,-0.86,0.86
3,Kalif Raymond,receiving_yards,25.0,no,-0.0871,0.51,0.4129,0.5,1,0,-1.0,-0.51,0.51
3,Colston Loveland,receiving_yards,90.0,no,-0.0409,0.94,0.0291,0.07,0,1,0.06382978723404262,0.06000000000000005,0.94
3,Colston Loveland,receiving_yards,80.0,no,-0.05,0.93,0.045,0.095,0,1,0.07526881720430102,0.06999999999999995,0.93
3,Colston Loveland,receiving_yards,70.0,no,-0.0756,0.88,0.0694,0.145,0,1,0.13636363636363635,0.12,0.88
3,Colston Loveland,receiving_yards,60.0,no,-0.1086,0.8,0.1064,0.215,0,1,0.24999999999999994,0.19999999999999996,0.8
3,Colston Loveland,receiving_yards,50.0,no,-0.1628,0.69,0.1622,0.325,0,1,0.4492753623188407,0.31000000000000005,0.69
3,Colston Loveland,receiving_yards,40.0,no,-0.1949,0.58,0.2451,0.44,0,1,0.7241379310344829,0.42000000000000004,0.58
3,Colston Loveland,receiving_yards,25.0,no,-0.2107,0.37,0.4443,0.655,1,0,-1.0,-0.37,0.37
3,Colston Loveland,receiving_yards,15.0,no,-0.143,0.22,0.642,0.785,1,0,-1.0,-0.22,0.22
3,Cole Kmet,receiving_yards,10.0,yes,0.1458,0.51,0.6408,0.495,0,0,-1.0,-0.51,0.51
3,Gunnar Helm,receiving_yards,25.0,no,-0.0594,0.59,0.3606,0.42,0,1,0.6949152542372882,0.41000000000000003,0.59
3,Gunnar Helm,receiving_yards,15.0,no,-0.0568,0.39,0.5632,0.62,0,1,1.564102564102564,0.61,0.39
3,Carnell Tate,anytime_td,1.0,no,-0.1654,0.81,0.0296,0.195,0,1,0.23456790123456783,0.18999999999999995,0.81
3,Carnell Tate,receiving_yards,90.0,no,-0.0525,0.93,0.0225,0.075,0,1,0.07526881720430102,0.06999999999999995,0.93
3,Carnell Tate,receiving_yards,80.0,no,-0.0862,0.89,0.0338,0.12,0,1,0.12359550561797751,0.10999999999999999,0.89
3,Carnell Tate,receiving_yards,70.0,no,-0.1194,0.84,0.0506,0.17,0,1,0.19047619047619052,0.16000000000000003,0.84
3,Carnell Tate,receiving_yards,60.0,no,-0.1691,0.76,0.0759,0.245,0,1,0.3157894736842105,0.24,0.76
3,Carnell Tate,receiving_yards,50.0,no,-0.2313,0.66,0.1137,0.345,1,0,-1.0,-0.66,0.66
3,Carnell Tate,receiving_yards,40.0,no,-0.3148,0.52,0.1702,0.485,1,0,-1.0,-0.52,0.52
3,Carnell Tate,receiving_yards,25.0,no,-0.3732,0.32,0.3118,0.685,1,0,-1.0,-0.32,0.32
3,Carnell Tate,receiving_yards,15.0,no,-0.3389,0.2,0.4661,0.805,1,0,-1.0,-0.2,0.2
3,Carnell Tate,receiving_yards,100.0,no,-0.04,0.95,0.015,0.055,0,1,0.052631578947368474,0.050000000000000044,0.95
3,Cam Ward,anytime_td,1.0,no,-0.0385,0.85,0.1165,0.155,0,1,0.17647058823529416,0.15000000000000002,0.85
3,Cam Ward,passing_yards,300.0,yes,0.0572,0.04,0.0872,0.03,0,0,-1.0,-0.04,0.04
3,Cam Ward,passing_yards,275.0,yes,0.0729,0.08,0.1429,0.07,0,0,-1.0,-0.08,0.08
3,Cam Ward,passing_yards,250.0,yes,0.0936,0.13,0.2186,0.125,0,0,-1.0,-0.13,0.13
3,Cam Ward,passing_yards,225.0,yes,0.0984,0.22,0.3134,0.215,0,0,-1.0,-0.22,0.22
3,Cam Ward,passing_yards,200.0,yes,0.0575,0.37,0.4225,0.365,0,0,-1.0,-0.37,0.37
3,Cam Ward,passing_yards,125.0,no,-0.0443,0.21,0.7507,0.795,1,0,-1.0,-0.21,0.21
3,Cam Ward,rushing_yards,40.0,no,-0.0535,0.93,0.0265,0.08,0,1,0.07526881720430102,0.06999999999999995,0.93
3,Cam Ward,rushing_yards,30.0,no,-0.0785,0.86,0.0665,0.145,0,1,0.16279069767441862,0.14,0.86
3,Cam Ward,rushing_yards,25.0,no,-0.1,0.8,0.105,0.205,0,1,0.24999999999999994,0.19999999999999996,0.8
3,Cam Ward,rushing_yards,20.0,no,-0.1295,0.71,0.1655,0.295,0,1,0.4084507042253522,0.29000000000000004,0.71
3,Cam Ward,rushing_yards,15.0,no,-0.1452,0.6,0.2598,0.405,0,1,0.6666666666666667,0.4,0.6
3,Cam Ward,rushing_yards,10.0,no,-0.1595,0.44,0.4055,0.565,0,1,1.272727272727273,0.56,0.44
3,Isaiah Likely,receiving_yards,60.0,no,-0.0428,0.74,0.2272,0.27,0,1,0.35135135135135137,0.26,0.74
3,Isaiah Likely,receiving_yards,50.0,no,-0.0727,0.64,0.2973,0.37,0,1,0.5625,0.36,0.64
3,Isaiah Likely,receiving_yards,40.0,no,-0.1077,0.51,0.3873,0.495,0,1,0.9607843137254901,0.49,0.51
3,Isaiah Likely,receiving_yards,25.0,no,-0.1409,0.3,0.5691,0.71,0,1,2.3333333333333335,0.7,0.3
3,Isaiah Likely,receiving_yards,15.0,no,-0.1195,0.16,0.7255,0.845,0,1,5.25,0.84,0.16
3,Malachi Fields,anytime_td,1.0,no,-0.1047,0.87,0.0303,0.135,0,1,0.14942528735632185,0.13,0.87
3,Malachi Fields,receiving_yards,80.0,no,-0.0371,0.96,0.0079,0.045,0,1,0.041666666666666706,0.040000000000000036,0.96
3,Malachi Fields,receiving_yards,70.0,no,-0.0453,0.95,0.0147,0.06,0,1,0.052631578947368474,0.050000000000000044,0.95
3,Malachi Fields,receiving_yards,60.0,no,-0.0778,0.9,0.0272,0.105,0,1,0.11111111111111108,0.09999999999999998,0.9
3,Malachi Fields,receiving_yards,50.0,no,-0.115,0.84,0.05,0.165,0,1,0.19047619047619052,0.16000000000000003,0.84
3,Malachi Fields,receiving_yards,40.0,no,-0.1543,0.76,0.0907,0.245,0,1,0.3157894736842105,0.24,0.76
3,Malachi Fields,receiving_yards,25.0,no,-0.2205,0.57,0.2145,0.435,0,1,0.7543859649122808,0.43000000000000005,0.57
3,Malachi Fields,receiving_yards,15.0,no,-0.2492,0.4,0.3658,0.615,1,0,-1.0,-0.4,0.4
3,AJ Dillon,rushing_yards,20.0,no,-0.062,0.64,0.303,0.365,0,1,0.5625,0.36,0.64
3,AJ Dillon,rushing_yards,15.0,no,-0.0847,0.52,0.4003,0.485,1,0,-1.0,-0.52,0.52
3,AJ Dillon,rushing_yards,10.0,no,-0.1027,0.38,0.5323,0.635,1,0,-1.0,-0.38,0.38
3,Darnell Mooney,anytime_td,1.0,yes,0.0674,0.11,0.1724,0.105,0,0,-1.0,-0.11,0.11
3,Darnell Mooney,receiving_yards,80.0,yes,0.046,0.05,0.091,0.045,0,0,-1.0,-0.05,0.05
3,Darnell Mooney,receiving_yards,70.0,yes,0.0762,0.06,0.1262,0.05,0,0,-1.0,-0.06,0.06
3,Darnell Mooney,receiving_yards,60.0,yes,0.0793,0.1,0.1743,0.095,0,0,-1.0,-0.1,0.1
3,Darnell Mooney,receiving_yards,50.0,yes,0.1143,0.13,0.2393,0.125,0,0,-1.0,-0.13,0.13
3,Darnell Mooney,receiving_yards,40.0,yes,0.131,0.2,0.326,0.195,0,0,-1.0,-0.2,0.2
3,Darnell Mooney,receiving_yards,25.0,yes,0.1273,0.39,0.5073,0.38,0,0,-1.0,-0.39,0.39
3,Darnell Mooney,receiving_yards,15.0,yes,0.1298,0.54,0.6648,0.535,1,1,0.8518518518518517,0.45999999999999996,0.54
3,Jauan Jennings,anytime_td,1.0,yes,0.1332,0.13,0.2582,0.125,0,0,-1.0,-0.13,0.13
3,Jauan Jennings,receiving_yards,50.0,yes,0.0522,0.08,0.1272,0.075,0,0,-1.0,-0.08,0.08
3,Jauan Jennings,receiving_yards,40.0,yes,0.0599,0.14,0.1949,0.135,0,0,-1.0,-0.14,0.14
3,Jauan Jennings,receiving_yards,25.0,yes,0.06,0.31,0.365,0.305,0,0,-1.0,-0.31,0.31
3,Jauan Jennings,receiving_yards,15.0,yes,0.0407,0.51,0.5457,0.505,0,0,-1.0,-0.51,0.51
3,Corey Kiner,anytime_td,1.0,yes,0.1277,0.04,0.1627,0.035,0,0,-1.0,-0.04,0.04
3,Courtland Sutton,receiving_yards,80.0,no,-0.0482,0.91,0.0518,0.1,0,1,0.09890109890109887,0.08999999999999997,0.91
3,Courtland Sutton,receiving_yards,70.0,no,-0.0709,0.86,0.0791,0.15,0,1,0.16279069767441862,0.14,0.86
3,Courtland Sutton,receiving_yards,60.0,no,-0.125,0.76,0.12,0.245,0,1,0.3157894736842105,0.24,0.76
3,Courtland Sutton,receiving_yards,50.0,no,-0.1345,0.7,0.1805,0.315,0,1,0.42857142857142866,0.30000000000000004,0.7
3,Courtland Sutton,receiving_yards,40.0,no,-0.1817,0.56,0.2683,0.45,1,0,-1.0,-0.56,0.56
3,Courtland Sutton,receiving_yards,15.0,no,-0.1456,0.21,0.6594,0.805,1,0,-1.0,-0.21,0.21
3,Jake Ferguson,anytime_td,1.0,yes,0.0504,0.26,0.3054,0.255,1,1,2.846153846153846,0.74,0.26
3,Jake Ferguson,receiving_yards,50.0,yes,0.0577,0.18,0.2327,0.175,0,0,-1.0,-0.18,0.18
3,Jake Ferguson,receiving_yards,40.0,yes,0.0424,0.29,0.3274,0.285,0,0,-1.0,-0.29,0.29
3,Keon Coleman,anytime_td,1.0,yes,0.1465,0.19,0.3315,0.185,0,0,-1.0,-0.19,0.19
3,Davante Adams,anytime_td,2.0,no,-0.0351,0.9,0.0699,0.105,0,1,0.11111111111111108,0.09999999999999998,0.9
3,Davante Adams,receiving_yards,110.0,no,-0.0507,0.82,0.1343,0.185,1,0,-1.0,-0.82,0.82
3,Davante Adams,receiving_yards,100.0,no,-0.0866,0.75,0.1684,0.255,1,0,-1.0,-0.75,0.75
3,Davante Adams,receiving_yards,90.0,no,-0.0995,0.7,0.2105,0.31,1,0,-1.0,-0.7,0.7
3,Davante Adams,receiving_yards,80.0,no,-0.143,0.6,0.262,0.405,1,0,-1.0,-0.6,0.6
3,Davante Adams,receiving_yards,70.0,no,-0.1756,0.51,0.3244,0.5,1,0,-1.0,-0.51,0.51
3,Davante Adams,receiving_yards,60.0,no,-0.2009,0.41,0.3991,0.6,1,0,-1.0,-0.41,0.41
3,Davante Adams,receiving_yards,40.0,no,-0.1961,0.23,0.5889,0.785,1,0,-1.0,-0.23,0.23
3,Blake Corum,anytime_td,1.0,yes,0.0364,0.26,0.2914,0.255,0,0,-1.0,-0.26,0.26
3,Blake Corum,rushing_yards,70.0,no,-0.0382,0.78,0.1868,0.225,0,1,0.282051282051282,0.21999999999999997,0.78
3,Blake Corum,rushing_yards,60.0,no,-0.078,0.68,0.247,0.325,0,1,0.47058823529411753,0.31999999999999995,0.68
3,Blake Corum,rushing_yards,50.0,no,-0.1301,0.55,0.3249,0.455,0,1,0.818181818181818,0.44999999999999996,0.55
3,Blake Corum,rushing_yards,40.0,no,-0.1806,0.4,0.4244,0.605,0,1,1.4999999999999998,0.6,0.4
3,Blake Corum,rushing_yards,30.0,no,-0.1964,0.26,0.5486,0.745,0,1,2.846153846153846,0.74,0.26
3,Kyren Williams,anytime_td,1.0,yes,0.0599,0.51,0.5649,0.505,0,0,-1.0,-0.51,0.51
3,Kyren Williams,receiving_yards,40.0,no,-0.0626,0.93,0.0274,0.09,1,0,-1.0,-0.93,0.93
3,Kyren Williams,receiving_yards,25.0,no,-0.1208,0.77,0.1192,0.24,1,0,-1.0,-0.77,0.77
3,Kyren Williams,receiving_yards,15.0,no,-0.1395,0.58,0.2955,0.435,1,0,-1.0,-0.58,0.58
3,Kyren Williams,rushing_yards,90.0,yes,0.0584,0.16,0.2084,0.15,0,0,-1.0,-0.16,0.16
3,Kyren Williams,rushing_yards,50.0,no,-0.099,0.43,0.476,0.575,1,0,-1.0,-0.43,0.43
3,Kyren Williams,rushing_yards,40.0,no,-0.0997,0.33,0.5753,0.675,1,0,-1.0,-0.33,0.33
3,Kyren Williams,rushing_yards,30.0,no,-0.1375,0.18,0.6875,0.825,1,0,-1.0,-0.18,0.18
3,Kyren Williams,rushing_yards,100.0,yes,0.0577,0.12,0.1677,0.11,0,0,-1.0,-0.12,0.12
3,Jaylen Waddle,anytime_td,1.0,no,-0.0956,0.71,0.1994,0.295,0,1,0.4084507042253522,0.29000000000000004,0.71
3,Jaylen Waddle,receiving_yards,90.0,no,-0.0545,0.78,0.1705,0.225,0,1,0.282051282051282,0.21999999999999997,0.78
3,Jaylen Waddle,receiving_yards,80.0,no,-0.0923,0.7,0.2127,0.305,0,1,0.42857142857142866,0.30000000000000004,0.7
3,Jaylen Waddle,receiving_yards,70.0,no,-0.1205,0.62,0.2645,0.385,0,1,0.6129032258064516,0.38,0.62
3,Jaylen Waddle,receiving_yards,60.0,no,-0.177,0.5,0.328,0.505,0,1,1.0,0.5,0.5
3,Jaylen Waddle,receiving_yards,50.0,no,-0.195,0.41,0.405,0.6,0,1,1.4390243902439028,0.5900000000000001,0.41
3,Jaylen Waddle,receiving_yards,40.0,no,-0.2023,0.31,0.4977,0.7,0,1,2.225806451612903,0.69,0.31
3,Jaylen Waddle,receiving_yards,25.0,no,-0.1816,0.17,0.6684,0.85,0,1,4.88235294117647,0.83,0.17
3,Ladd McConkey,receiving_yards,80.0,no,-0.0371,0.73,0.2429,0.28,0,1,0.36986301369863017,0.27,0.73
3,Ladd McConkey,receiving_yards,70.0,no,-0.0663,0.64,0.3037,0.37,0,1,0.5625,0.36,0.64
3,Ladd McConkey,receiving_yards,60.0,no,-0.1176,0.51,0.3774,0.495,1,0,-1.0,-0.51,0.51
3,Ladd McConkey,receiving_yards,55.0,no,-0.1454,0.44,0.4196,0.565,1,0,-1.0,-0.44,0.44
3,Ladd McConkey,receiving_yards,50.0,no,-0.1297,0.41,0.4653,0.595,1,0,-1.0,-0.41,0.41
3,Ladd McConkey,receiving_yards,40.0,no,-0.137,0.31,0.568,0.705,1,0,-1.0,-0.31,0.31
3,Ladd McConkey,receiving_yards,25.0,no,-0.0994,0.16,0.7456,0.845,1,0,-1.0,-0.16,0.16
3,Kirk Cousins,anytime_td,1.0,yes,0.0624,0.04,0.0974,0.035,0,0,-1.0,-0.04,0.04
3,Kirk Cousins,passing_yards,200.0,no,-0.1003,0.42,0.4847,0.585,1,0,-1.0,-0.42,0.42
3,Kirk Cousins,rushing_yards,15.0,yes,0.0937,0.11,0.1987,0.105,0,0,-1.0,-0.11,0.11
3,Kirk Cousins,rushing_yards,10.0,yes,0.1192,0.21,0.3192,0.2,0,0,-1.0,-0.21,0.21
3,Matthew Stafford,anytime_td,1.0,yes,0.0866,0.04,0.1216,0.035,0,0,-1.0,-0.04,0.04
3,Matthew Stafford,passing_yards,275.0,no,-0.079,0.7,0.231,0.31,1,0,-1.0,-0.7,0.7
3,Matthew Stafford,passing_yards,250.0,no,-0.1164,0.57,0.3186,0.435,1,0,-1.0,-0.57,0.57
3,Matthew Stafford,passing_yards,225.0,no,-0.1772,0.41,0.4178,0.595,1,0,-1.0,-0.41,0.41
3,Matthew Stafford,passing_yards,200.0,no,-0.1625,0.32,0.5225,0.685,1,0,-1.0,-0.32,0.32
3,Matthew Stafford,passing_yards,175.0,no,-0.1893,0.19,0.6257,0.815,1,0,-1.0,-0.19,0.19
3,Matthew Stafford,passing_yards,150.0,no,-0.1644,0.13,0.7206,0.885,1,0,-1.0,-0.13,0.13
3,Matthew Stafford,rushing_yards,15.0,yes,0.1671,0.07,0.2321,0.065,0,0,-1.0,-0.07,0.07
3,Matthew Stafford,rushing_yards,10.0,yes,0.2331,0.15,0.3731,0.14,1,1,5.666666666666667,0.85,0.15
3,Bo Nix,passing_yards,350.0,yes,0.0485,0.03,0.0735,0.025,0,0,-1.0,-0.03,0.03
3,Bo Nix,passing_yards,300.0,yes,0.0807,0.11,0.1757,0.095,0,0,-1.0,-0.11,0.11
3,Bo Nix,passing_yards,275.0,yes,0.0655,0.19,0.2505,0.185,0,0,-1.0,-0.19,0.19
3,Bo Nix,passing_yards,250.0,yes,0.0645,0.28,0.3395,0.275,0,0,-1.0,-0.28,0.28
3,Bo Nix,passing_yards,200.0,no,-0.0435,0.42,0.5415,0.585,0,1,1.3809523809523812,0.5800000000000001,0.42
3,Bo Nix,passing_yards,175.0,no,-0.0732,0.29,0.6418,0.715,1,0,-1.0,-0.29,0.29
3,Bo Nix,passing_yards,150.0,no,-0.0919,0.18,0.7331,0.825,1,0,-1.0,-0.18,0.18
3,Bo Nix,rushing_yards,40.0,no,-0.0683,0.9,0.0367,0.105,0,1,0.11111111111111108,0.09999999999999998,0.9
3,Bo Nix,rushing_yards,30.0,no,-0.1315,0.79,0.0835,0.215,0,1,0.2658227848101265,0.20999999999999996,0.79
3,Bo Nix,rushing_yards,25.0,no,-0.174,0.71,0.126,0.3,0,1,0.4084507042253522,0.29000000000000004,0.71
3,Bo Nix,rushing_yards,20.0,no,-0.2298,0.59,0.1902,0.42,0,1,0.6949152542372882,0.41000000000000003,0.59
3,Bo Nix,rushing_yards,15.0,no,-0.2576,0.46,0.2874,0.545,0,1,1.173913043478261,0.54,0.46
3,Bo Nix,rushing_yards,10.0,no,-0.2606,0.31,0.4344,0.695,0,1,2.225806451612903,0.69,0.31
3,Ryan Flournoy,anytime_td,1.0,no,-0.0701,0.81,0.1249,0.195,0,1,0.23456790123456783,0.18999999999999995,0.81
3,Ryan Flournoy,receiving_yards,60.0,yes,0.0502,0.15,0.1852,0.135,0,0,-1.0,-0.15,0.15
3,Javonte Williams,anytime_td,1.0,yes,0.1046,0.57,0.6696,0.565,1,1,0.7543859649122808,0.43000000000000005,0.57
3,Javonte Williams,receiving_yards,40.0,yes,0.0487,0.11,0.1537,0.105,0,0,-1.0,-0.11,0.11
3,Javonte Williams,receiving_yards,25.0,yes,0.071,0.27,0.331,0.26,0,0,-1.0,-0.27,0.27
3,Javonte Williams,receiving_yards,15.0,yes,0.0618,0.48,0.5368,0.475,0,0,-1.0,-0.48,0.48
3,Javonte Williams,rushing_yards,90.0,no,-0.0428,0.83,0.1322,0.175,1,0,-1.0,-0.83,0.83
3,Javonte Williams,rushing_yards,80.0,no,-0.0929,0.74,0.1721,0.265,1,0,-1.0,-0.74,0.74
3,Javonte Williams,rushing_yards,70.0,no,-0.1269,0.66,0.2231,0.35,1,0,-1.0,-0.66,0.66
3,Javonte Williams,rushing_yards,60.0,no,-0.1571,0.56,0.2879,0.445,1,0,-1.0,-0.56,0.56
3,Javonte Williams,rushing_yards,50.0,no,-0.2356,0.4,0.3694,0.605,1,0,-1.0,-0.4,0.4
3,Javonte Williams,rushing_yards,40.0,no,-0.2447,0.3,0.4703,0.715,1,0,-1.0,-0.3,0.3
3,Javonte Williams,rushing_yards,30.0,no,-0.2326,0.18,0.5924,0.825,1,0,-1.0,-0.18,0.18
3,George Pickens,anytime_td,1.0,no,-0.0502,0.64,0.3148,0.365,0,1,0.5625,0.36,0.64
3,George Pickens,receiving_yards,90.0,yes,0.0752,0.28,0.3452,0.27,0,0,-1.0,-0.28,0.28
3,George Pickens,receiving_yards,80.0,yes,0.0604,0.35,0.4054,0.345,1,1,1.8571428571428574,0.65,0.35
3,George Pickens,receiving_yards,150.0,yes,0.0867,0.05,0.1217,0.035,0,0,-1.0,-0.05,0.05
3,George Pickens,receiving_yards,120.0,yes,0.0979,0.12,0.2079,0.11,0,0,-1.0,-0.12,0.12
3,George Pickens,receiving_yards,100.0,yes,0.0876,0.21,0.2926,0.205,0,0,-1.0,-0.21,0.21
3,Dak Prescott,anytime_td,1.0,yes,0.0758,0.12,0.1908,0.115,0,0,-1.0,-0.12,0.12
3,Dak Prescott,passing_yards,400.0,yes,0.1575,0.05,0.1975,0.04,0,0,-1.0,-0.05,0.05
3,Dak Prescott,passing_yards,375.0,yes,0.1915,0.07,0.2565,0.065,0,0,-1.0,-0.07,0.07
3,Dak Prescott,passing_yards,350.0,yes,0.2186,0.11,0.3236,0.105,0,0,-1.0,-0.11,0.11
3,Dak Prescott,passing_yards,325.0,yes,0.2019,0.2,0.3969,0.195,0,0,-1.0,-0.2,0.2
3,Dak Prescott,passing_yards,300.0,yes,0.1692,0.31,0.4742,0.305,0,0,-1.0,-0.31,0.31
3,Dak Prescott,passing_yards,275.0,yes,0.1174,0.44,0.5524,0.435,1,1,1.272727272727273,0.56,0.44
3,Dak Prescott,passing_yards,250.0,yes,0.0436,0.59,0.6286,0.585,1,1,0.6949152542372882,0.41000000000000003,0.59
3,Dak Prescott,passing_yards,200.0,no,-0.0504,0.19,0.7646,0.815,1,0,-1.0,-0.19,0.19
3,Dak Prescott,passing_yards,175.0,no,-0.0744,0.11,0.8206,0.895,1,0,-1.0,-0.11,0.11
3,Dak Prescott,rushing_yards,20.0,no,-0.047,0.73,0.233,0.28,0,1,0.36986301369863017,0.27,0.73
3,Dak Prescott,rushing_yards,15.0,no,-0.0784,0.59,0.3366,0.415,1,0,-1.0,-0.59,0.59
3,Dak Prescott,rushing_yards,10.0,no,-0.0894,0.43,0.4856,0.575,1,0,-1.0,-0.43,0.43
3,CeeDee Lamb,anytime_td,2.0,no,-0.0568,0.91,0.0382,0.095,0,1,0.09890109890109887,0.08999999999999997,0.91
3,CeeDee Lamb,anytime_td,1.0,no,-0.0874,0.58,0.3376,0.425,0,1,0.7241379310344829,0.42000000000000004,0.58
3,CeeDee Lamb,receiving_yards,90.0,yes,0.0652,0.42,0.4802,0.415,1,1,1.3809523809523812,0.5800000000000001,0.42
3,CeeDee Lamb,receiving_yards,40.0,no,-0.04,0.15,0.815,0.855,1,0,-1.0,-0.15,0.15
3,CeeDee Lamb,receiving_yards,170.0,yes,0.1228,0.05,0.1628,0.04,0,0,-1.0,-0.05,0.05
3,CeeDee Lamb,receiving_yards,160.0,yes,0.133,0.07,0.188,0.055,0,0,-1.0,-0.07,0.07
3,CeeDee Lamb,receiving_yards,150.0,yes,0.1418,0.09,0.2168,0.075,0,0,-1.0,-0.09,0.09
3,CeeDee Lamb,receiving_yards,120.0,yes,0.1274,0.21,0.3274,0.2,0,0,-1.0,-0.21,0.21
3,CeeDee Lamb,receiving_yards,100.0,yes,0.0893,0.34,0.4243,0.335,1,1,1.9411764705882348,0.6599999999999999,0.34
3,Rashod Bateman,anytime_td,2.0,no,-0.0355,0.94,0.0295,0.065,0,1,0.06382978723404262,0.06000000000000005,0.94
3,Rashod Bateman,anytime_td,1.0,no,-0.0547,0.65,0.3003,0.355,0,1,0.5384615384615384,0.35,0.65
3,Rashod Bateman,receiving_yards,90.0,no,-0.0477,0.89,0.0723,0.12,0,1,0.12359550561797751,0.10999999999999999,0.89
3,Rashod Bateman,receiving_yards,80.0,no,-0.0782,0.83,0.1018,0.18,0,1,0.20481927710843378,0.17000000000000004,0.83
3,Rashod Bateman,receiving_yards,70.0,no,-0.1024,0.77,0.1426,0.245,0,1,0.2987012987012987,0.22999999999999998,0.77
3,Rashod Bateman,receiving_yards,60.0,no,-0.1217,0.69,0.1983,0.32,0,1,0.4492753623188407,0.31000000000000005,0.69
3,Rashod Bateman,receiving_yards,50.0,no,-0.1565,0.58,0.2735,0.43,0,1,0.7241379310344829,0.42000000000000004,0.58
3,Rashod Bateman,receiving_yards,40.0,no,-0.1618,0.47,0.3732,0.535,0,1,1.1276595744680853,0.53,0.47
3,Rashod Bateman,receiving_yards,15.0,no,-0.0959,0.17,0.7441,0.84,1,0,-1.0,-0.17,0.17
3,Mark Andrews,receiving_yards,130.0,yes,0.0461,0.04,0.0761,0.03,0,0,-1.0,-0.04,0.04
3,Mark Andrews,receiving_yards,120.0,yes,0.0668,0.04,0.0968,0.03,0,0,-1.0,-0.04,0.04
3,Mark Andrews,receiving_yards,110.0,yes,0.0878,0.05,0.1228,0.035,0,0,-1.0,-0.05,0.05
3,Mark Andrews,receiving_yards,100.0,yes,0.1103,0.06,0.1553,0.045,0,0,-1.0,-0.06,0.06
3,Mark Andrews,receiving_yards,90.0,yes,0.1007,0.1,0.1957,0.095,0,0,-1.0,-0.1,0.1
3,Mark Andrews,receiving_yards,80.0,yes,0.1106,0.14,0.2456,0.135,0,0,-1.0,-0.14,0.14
3,Mark Andrews,receiving_yards,70.0,yes,0.1216,0.19,0.3066,0.185,0,0,-1.0,-0.19,0.19
3,Mark Andrews,receiving_yards,60.0,yes,0.1255,0.26,0.3805,0.255,0,0,-1.0,-0.26,0.26
3,Mark Andrews,receiving_yards,50.0,yes,0.1034,0.37,0.4684,0.365,0,0,-1.0,-0.37,0.37
3,Mark Andrews,receiving_yards,40.0,yes,0.076,0.5,0.571,0.495,0,0,-1.0,-0.5,0.5
3,Mark Andrews,receiving_yards,25.0,yes,0.0582,0.7,0.7482,0.69,0,0,-1.0,-0.7,0.7
3,Mark Andrews,receiving_yards,15.0,yes,0.0463,0.84,0.8713,0.825,1,1,0.19047619047619052,0.16000000000000003,0.84
3,Lamar Jackson,passing_yards,350.0,yes,0.1327,0.07,0.1977,0.065,0,0,-1.0,-0.07,0.07
3,Lamar Jackson,passing_yards,325.0,yes,0.1497,0.13,0.2647,0.115,0,0,-1.0,-0.13,0.13
3,Lamar Jackson,passing_yards,300.0,yes,0.1416,0.21,0.3416,0.2,0,0,-1.0,-0.21,0.21
3,Lamar Jackson,passing_yards,275.0,yes,0.1158,0.32,0.4258,0.31,0,0,-1.0,-0.32,0.32
3,Lamar Jackson,passing_yards,250.0,yes,0.0734,0.45,0.5134,0.44,0,0,-1.0,-0.45,0.45
3,Lamar Jackson,passing_yards,175.0,no,-0.0531,0.2,0.7569,0.81,1,0,-1.0,-0.2,0.2
3,Lamar Jackson,passing_yards,150.0,no,-0.0845,0.1,0.8205,0.905,1,0,-1.0,-0.1,0.1
3,Lamar Jackson,rushing_yards,60.0,no,-0.0455,0.77,0.1895,0.235,0,1,0.2987012987012987,0.22999999999999998,0.77
3,Lamar Jackson,rushing_yards,50.0,no,-0.0799,0.67,0.2601,0.34,1,0,-1.0,-0.67,0.67
3,Lamar Jackson,rushing_yards,40.0,no,-0.1403,0.51,0.3547,0.495,1,0,-1.0,-0.51,0.51
3,Lamar Jackson,rushing_yards,30.0,no,-0.1758,0.35,0.4792,0.655,1,0,-1.0,-0.35,0.35
3,Lamar Jackson,rushing_yards,25.0,no,-0.1656,0.3,0.5544,0.72,1,0,-1.0,-0.3,0.3
3,Lamar Jackson,rushing_yards,20.0,no,-0.1464,0.22,0.6386,0.785,1,0,-1.0,-0.22,0.22
3,Lamar Jackson,rushing_yards,15.0,no,-0.1237,0.15,0.7313,0.855,1,0,-1.0,-0.15,0.15
3,Justice Hill,anytime_td,1.0,no,-0.0539,0.87,0.0811,0.135,0,1,0.14942528735632185,0.13,0.87
3,Justice Hill,receiving_yards,15.0,yes,0.0597,0.45,0.5047,0.445,0,0,-1.0,-0.45,0.45
3,Justice Hill,rushing_yards,25.0,no,-0.0385,0.77,0.2015,0.24,1,0,-1.0,-0.77,0.77
3,Justice Hill,rushing_yards,20.0,no,-0.055,0.67,0.28,0.335,1,0,-1.0,-0.67,0.67
3,Justice Hill,rushing_yards,15.0,no,-0.0668,0.55,0.3882,0.455,1,0,-1.0,-0.55,0.55
3,Derrick Henry,anytime_td,1.0,yes,0.084,0.67,0.749,0.665,1,1,0.49253731343283574,0.32999999999999996,0.67
3,Derrick Henry,receiving_yards,25.0,yes,0.0749,0.23,0.2949,0.22,0,0,-1.0,-0.23,0.23
3,Derrick Henry,receiving_yards,15.0,yes,0.1218,0.39,0.4968,0.375,0,0,-1.0,-0.39,0.39
3,Derrick Henry,receiving_yards,10.0,yes,0.1129,0.52,0.6229,0.51,0,0,-1.0,-0.52,0.52
3,Derrick Henry,rushing_yards,60.0,no,-0.0381,0.24,0.7269,0.765,1,0,-1.0,-0.24,0.24
3,Derrick Henry,rushing_yards,50.0,no,-0.0666,0.15,0.7884,0.855,1,0,-1.0,-0.15,0.15
3,Derrick Henry,rushing_yards,190.0,yes,0.135,0.05,0.175,0.04,0,0,-1.0,-0.05,0.05
3,Derrick Henry,rushing_yards,170.0,yes,0.1538,0.08,0.2238,0.07,0,0,-1.0,-0.08,0.08
3,Derrick Henry,rushing_yards,160.0,yes,0.1675,0.1,0.2525,0.085,0,0,-1.0,-0.1,0.1
3,Derrick Henry,rushing_yards,150.0,yes,0.1694,0.12,0.2844,0.115,0,0,-1.0,-0.12,0.12
3,Derrick Henry,rushing_yards,140.0,yes,0.1595,0.17,0.3195,0.16,0,0,-1.0,-0.17,0.17
3,Derrick Henry,rushing_yards,130.0,yes,0.1532,0.22,0.3582,0.205,0,0,-1.0,-0.22,0.22
3,Derrick Henry,rushing_yards,120.0,yes,0.1306,0.28,0.4006,0.27,0,0,-1.0,-0.28,0.28
3,Derrick Henry,rushing_yards,110.0,yes,0.1217,0.33,0.4467,0.325,0,0,-1.0,-0.33,0.33
3,Derrick Henry,rushing_yards,100.0,yes,0.0966,0.41,0.4966,0.4,0,0,-1.0,-0.41,0.41
3,Chris Moore,anytime_td,1.0,no,-0.067,0.85,0.088,0.155,1,0,-1.0,-0.85,0.85
3,Chris Moore,receiving_yards,40.0,no,-0.0687,0.79,0.1563,0.225,0,1,0.2658227848101265,0.20999999999999996,0.79
3,Chris Moore,receiving_yards,25.0,no,-0.06,0.62,0.325,0.385,0,1,0.6129032258064516,0.38,0.62
3,Chris Moore,receiving_yards,20.0,no,-0.0459,0.56,0.4041,0.45,0,1,0.7857142857142856,0.43999999999999995,0.56
3,Chris Moore,receiving_yards,15.0,no,-0.0525,0.46,0.4925,0.545,0,1,1.173913043478261,0.54,0.46
3,Tyler Shough,anytime_td,1.0,no,-0.0594,0.78,0.1656,0.225,0,1,0.282051282051282,0.21999999999999997,0.78
3,Tyler Shough,passing_yards,375.0,yes,0.0384,0.06,0.0934,0.055,0,0,-1.0,-0.06,0.06
3,Tyler Shough,passing_yards,350.0,yes,0.044,0.1,0.139,0.095,0,0,-1.0,-0.1,0.1
3,Tyler Shough,passing_yards,325.0,yes,0.043,0.16,0.198,0.155,0,0,-1.0,-0.16,0.16
3,Tyler Shough,passing_yards,250.0,no,-0.0764,0.49,0.4436,0.52,1,0,-1.0,-0.49,0.49
3,Tyler Shough,passing_yards,225.0,no,-0.1276,0.34,0.5374,0.665,1,0,-1.0,-0.34,0.34
3,Tyler Shough,passing_yards,200.0,no,-0.1458,0.23,0.6292,0.775,1,0,-1.0,-0.23,0.23
3,Tyler Shough,passing_yards,175.0,no,-0.1709,0.12,0.7141,0.885,1,0,-1.0,-0.12,0.12
3,Tyler Shough,rushing_yards,30.0,no,-0.0415,0.82,0.1435,0.185,1,0,-1.0,-0.82,0.82
3,Tyler Shough,rushing_yards,25.0,no,-0.0856,0.72,0.1994,0.285,1,0,-1.0,-0.72,0.72
3,Tyler Shough,rushing_yards,20.0,no,-0.0879,0.64,0.2771,0.365,1,0,-1.0,-0.64,0.64
3,Tyler Shough,rushing_yards,15.0,no,-0.1202,0.5,0.3848,0.505,1,0,-1.0,-0.5,0.5
3,Tyler Shough,rushing_yards,10.0,no,-0.1161,0.36,0.5339,0.65,1,0,-1.0,-0.36,0.36
3,Travis Etienne,anytime_td,2.0,no,-0.0385,0.93,0.0365,0.075,0,1,0.07526881720430102,0.06999999999999995,0.93
3,Travis Etienne,anytime_td,1.0,no,-0.0444,0.63,0.3306,0.375,0,1,0.5873015873015873,0.37,0.63
3,Travis Etienne,receiving_yards,25.0,yes,0.0876,0.2,0.2776,0.19,0,0,-1.0,-0.2,0.2
3,Travis Etienne,receiving_yards,15.0,yes,0.0896,0.38,0.4596,0.37,0,0,-1.0,-0.38,0.38
3,Travis Etienne,rushing_yards,70.0,no,-0.0353,0.87,0.0997,0.135,0,1,0.14942528735632185,0.13,0.87
3,Travis Etienne,rushing_yards,60.0,no,-0.0811,0.79,0.1389,0.22,0,1,0.2658227848101265,0.20999999999999996,0.79
3,Travis Etienne,rushing_yards,50.0,no,-0.1366,0.68,0.1934,0.33,1,0,-1.0,-0.68,0.68
3,Travis Etienne,rushing_yards,40.0,no,-0.2156,0.52,0.2694,0.485,1,0,-1.0,-0.52,0.52
3,Travis Etienne,rushing_yards,20.0,no,-0.267,0.22,0.523,0.79,1,0,-1.0,-0.22,0.22
3,Noah Fant,anytime_td,1.0,no,-0.0446,0.89,0.0704,0.115,1,0,-1.0,-0.89,0.89
3,Juwan Johnson,anytime_td,1.0,no,-0.0809,0.78,0.1441,0.225,1,0,-1.0,-0.78,0.78
3,Juwan Johnson,receiving_yards,100.0,yes,0.0395,0.06,0.0795,0.04,0,0,-1.0,-0.06,0.06
3,Juwan Johnson,receiving_yards,70.0,yes,0.0578,0.15,0.1928,0.135,0,0,-1.0,-0.15,0.15
3,Juwan Johnson,receiving_yards,60.0,yes,0.0462,0.22,0.2562,0.21,0,0,-1.0,-0.22,0.22
3,Juwan Johnson,receiving_yards,25.0,no,-0.0355,0.33,0.6395,0.675,1,0,-1.0,-0.33,0.33
3,Devaughn Vele,anytime_td,1.0,yes,0.0352,0.23,0.2602,0.225,0,0,-1.0,-0.23,0.23
3,Devaughn Vele,receiving_yards,80.0,no,-0.045,0.82,0.15,0.195,0,1,0.2195121951219513,0.18000000000000005,0.82
3,Devaughn Vele,receiving_yards,70.0,no,-0.0704,0.74,0.1996,0.27,0,1,0.35135135135135137,0.26,0.74
3,Devaughn Vele,receiving_yards,60.0,no,-0.091,0.66,0.264,0.355,0,1,0.515151515151515,0.33999999999999997,0.66
3,Devaughn Vele,receiving_yards,50.0,no,-0.1336,0.53,0.3464,0.48,0,1,0.8867924528301886,0.47,0.53
3,Devaughn Vele,receiving_yards,40.0,no,-0.1402,0.42,0.4498,0.59,0,1,1.3809523809523812,0.5800000000000001,0.42
3,Devaughn Vele,receiving_yards,25.0,no,-0.128,0.24,0.647,0.775,1,0,-1.0,-0.24,0.24
3,Chris Olave,anytime_td,2.0,no,-0.0381,0.94,0.0269,0.065,0,1,0.06382978723404262,0.06000000000000005,0.94
3,Chris Olave,anytime_td,1.0,no,-0.087,0.63,0.288,0.375,0,1,0.5873015873015873,0.37,0.63
3,Chris Olave,receiving_yards,90.0,yes,0.0492,0.38,0.4192,0.37,1,1,1.631578947368421,0.62,0.38
3,Chris Olave,receiving_yards,60.0,no,-0.0397,0.35,0.6203,0.66,1,0,-1.0,-0.35,0.35
3,Chris Olave,receiving_yards,50.0,no,-0.048,0.27,0.697,0.745,1,0,-1.0,-0.27,0.27
3,Chris Olave,receiving_yards,40.0,no,-0.0594,0.17,0.7756,0.835,1,0,-1.0,-0.17,0.17
3,Chris Olave,receiving_yards,170.0,yes,0.0887,0.05,0.1237,0.035,0,0,-1.0,-0.05,0.05
3,Chris Olave,receiving_yards,160.0,yes,0.0954,0.06,0.1454,0.05,0,0,-1.0,-0.06,0.06
3,Chris Olave,receiving_yards,150.0,yes,0.1006,0.08,0.1706,0.07,0,0,-1.0,-0.08,0.08
3,Chris Olave,receiving_yards,140.0,yes,0.1146,0.1,0.1996,0.085,0,0,-1.0,-0.1,0.1
3,Chris Olave,receiving_yards,130.0,yes,0.103,0.14,0.233,0.13,0,0,-1.0,-0.14,0.14
3,Chris Olave,receiving_yards,120.0,yes,0.1063,0.17,0.2713,0.165,0,0,-1.0,-0.17,0.17
3,Chris Olave,receiving_yards,110.0,yes,0.0848,0.24,0.3148,0.23,0,0,-1.0,-0.24,0.24
3,Chris Olave,receiving_yards,100.0,yes,0.059,0.31,0.364,0.305,1,1,2.225806451612903,0.69,0.31
3,Bryce Lance,anytime_td,1.0,no,-0.1077,0.88,0.0173,0.125,0,1,0.13636363636363635,0.12,0.88
3,Bryce Lance,receiving_yards,15.0,no,-0.4046,0.49,0.1154,0.52,0,1,1.0408163265306123,0.51,0.49
3,Alvin Kamara,receiving_yards,15.0,no,-0.0767,0.51,0.4183,0.495,0,1,0.9607843137254901,0.49,0.51
3,Alvin Kamara,rushing_yards,40.0,no,-0.1462,0.73,0.1338,0.28,0,1,0.36986301369863017,0.27,0.73
3,Alvin Kamara,rushing_yards,30.0,no,-0.2035,0.58,0.2265,0.43,1,0,-1.0,-0.58,0.58
3,Alvin Kamara,rushing_yards,25.0,no,-0.2458,0.47,0.2942,0.54,1,0,-1.0,-0.47,0.47
3,Alvin Kamara,rushing_yards,20.0,no,-0.2736,0.35,0.3814,0.655,1,0,-1.0,-0.35,0.35
3,Tre Tucker,anytime_td,1.0,yes,0.0868,0.23,0.3068,0.22,0,0,-1.0,-0.23,0.23
3,Tre Tucker,receiving_yards,120.0,yes,0.0779,0.05,0.1129,0.035,0,0,-1.0,-0.05,0.05
3,Tre Tucker,receiving_yards,110.0,yes,0.0915,0.06,0.1415,0.05,0,0,-1.0,-0.06,0.06
3,Tre Tucker,receiving_yards,100.0,yes,0.1018,0.08,0.1768,0.075,0,0,-1.0,-0.08,0.08
3,Tre Tucker,receiving_yards,90.0,yes,0.1099,0.12,0.2199,0.11,0,0,-1.0,-0.12,0.12
3,Tre Tucker,receiving_yards,80.0,yes,0.1124,0.17,0.2724,0.16,0,0,-1.0,-0.17,0.17
3,Tre Tucker,receiving_yards,70.0,yes,0.1207,0.22,0.3357,0.215,0,0,-1.0,-0.22,0.22
3,Tre Tucker,receiving_yards,60.0,yes,0.1009,0.32,0.4109,0.31,0,0,-1.0,-0.32,0.32
3,Tre Tucker,receiving_yards,50.0,yes,0.089,0.42,0.499,0.41,0,0,-1.0,-0.42,0.42
3,Tre Tucker,receiving_yards,40.0,yes,0.0697,0.54,0.5997,0.53,1,1,0.8518518518518517,0.45999999999999996,0.54
3,Tre Tucker,receiving_yards,25.0,yes,0.0589,0.72,0.7689,0.71,1,1,0.38888888888888895,0.28,0.72
3,Tre Tucker,receiving_yards,15.0,yes,0.0373,0.86,0.8823,0.845,1,1,0.16279069767441862,0.14,0.86
3,Michael Mayer,anytime_td,1.0,yes,0.0391,0.2,0.2341,0.195,1,1,4.0,0.8,0.2
3,Michael Mayer,receiving_yards,15.0,yes,0.1059,0.6,0.7009,0.595,1,1,0.6666666666666667,0.4,0.6
3,Jalen Nailor,anytime_td,1.0,yes,0.092,0.15,0.237,0.145,0,0,-1.0,-0.15,0.15
3,Ashton Jeanty,anytime_td,1.0,yes,0.112,0.49,0.597,0.485,0,0,-1.0,-0.49,0.49
3,Ashton Jeanty,receiving_yards,80.0,yes,0.0416,0.05,0.0766,0.035,0,0,-1.0,-0.05,0.05
3,Ashton Jeanty,receiving_yards,40.0,yes,0.1043,0.23,0.3193,0.215,0,0,-1.0,-0.23,0.23
3,Ashton Jeanty,receiving_yards,25.0,yes,0.0747,0.46,0.5247,0.45,1,1,1.173913043478261,0.54,0.46
3,Ashton Jeanty,receiving_yards,15.0,yes,0.0614,0.66,0.7114,0.65,1,1,0.515151515151515,0.33999999999999997,0.66
3,Ashton Jeanty,rushing_yards,90.0,no,-0.0921,0.73,0.1879,0.28,0,1,0.36986301369863017,0.27,0.73
3,Ashton Jeanty,rushing_yards,80.0,no,-0.1396,0.63,0.2354,0.375,0,1,0.5873015873015873,0.37,0.63
3,Ashton Jeanty,rushing_yards,70.0,no,-0.2063,0.51,0.2937,0.5,0,1,0.9607843137254901,0.49,0.51
3,Ashton Jeanty,rushing_yards,60.0,no,-0.2504,0.39,0.3646,0.615,0,1,1.564102564102564,0.61,0.39
3,Ashton Jeanty,rushing_yards,50.0,no,-0.2554,0.31,0.4496,0.705,1,0,-1.0,-0.31,0.31
3,Ashton Jeanty,rushing_yards,40.0,no,-0.2651,0.2,0.5499,0.815,1,0,-1.0,-0.2,0.2
3,Ashton Jeanty,rushing_yards,100.0,no,-0.0555,0.81,0.1495,0.205,0,1,0.23456790123456783,0.18999999999999995,0.81
3,Kenny Gainwell,anytime_td,1.0,yes,0.1972,0.22,0.4122,0.215,0,0,-1.0,-0.22,0.22
3,Kenny Gainwell,receiving_yards,50.0,yes,0.0451,0.04,0.0801,0.035,0,0,-1.0,-0.04,0.04
3,Kenny Gainwell,receiving_yards,40.0,yes,0.0722,0.07,0.1322,0.06,0,0,-1.0,-0.07,0.07
3,Kenny Gainwell,receiving_yards,25.0,yes,0.1002,0.19,0.2802,0.18,0,0,-1.0,-0.19,0.19
3,Kenny Gainwell,receiving_yards,15.0,yes,0.0871,0.38,0.4621,0.375,0,0,-1.0,-0.38,0.38
3,Kenny Gainwell,rushing_yards,30.0,no,-0.1185,0.73,0.1565,0.275,0,1,0.36986301369863017,0.27,0.73
3,Kenny Gainwell,rushing_yards,20.0,no,-0.1862,0.54,0.2788,0.465,0,1,0.8518518518518517,0.45999999999999996,0.54
3,Kenny Gainwell,rushing_yards,15.0,no,-0.2305,0.4,0.3745,0.605,0,1,1.4999999999999998,0.6,0.4
3,Kenny Gainwell,rushing_yards,10.0,no,-0.2229,0.28,0.5071,0.73,0,1,2.571428571428571,0.72,0.28
3,Jalen McMillan,anytime_td,1.0,no,-0.0807,0.89,0.0343,0.115,0,1,0.12359550561797751,0.10999999999999999,0.89
3,Jalen McMillan,receiving_yards,70.0,no,-0.045,0.97,0.0,0.045,0,1,0.03092783505154642,0.030000000000000027,0.97
3,Jalen McMillan,receiving_yards,50.0,no,-0.105,0.9,0.0,0.105,0,1,0.11111111111111108,0.09999999999999998,0.9
3,Jalen McMillan,receiving_yards,40.0,no,-0.17,0.84,0.0,0.17,0,1,0.19047619047619052,0.16000000000000003,0.84
3,Cade Otton,receiving_yards,50.0,yes,0.0758,0.2,0.2658,0.19,1,1,4.0,0.8,0.2
3,Cade Otton,receiving_yards,40.0,yes,0.0642,0.31,0.3642,0.3,1,1,2.225806451612903,0.69,0.31
3,Baker Mayfield,anytime_td,1.0,yes,0.0555,0.12,0.1705,0.115,0,0,-1.0,-0.12,0.12
3,Baker Mayfield,passing_yards,300.0,yes,0.037,0.1,0.132,0.095,0,0,-1.0,-0.1,0.1
3,Baker Mayfield,passing_yards,225.0,no,-0.0424,0.58,0.3826,0.425,0,1,0.7241379310344829,0.42000000000000004,0.58
3,Baker Mayfield,passing_yards,200.0,no,-0.1154,0.4,0.4896,0.605,1,0,-1.0,-0.4,0.4
3,Baker Mayfield,passing_yards,175.0,no,-0.1376,0.27,0.5974,0.735,1,0,-1.0,-0.27,0.27
3,Baker Mayfield,passing_yards,150.0,no,-0.1567,0.15,0.6983,0.855,1,0,-1.0,-0.15,0.15
3,Baker Mayfield,rushing_yards,25.0,no,-0.0403,0.7,0.2647,0.305,0,1,0.42857142857142866,0.30000000000000004,0.7
3,Baker Mayfield,rushing_yards,20.0,no,-0.075,0.58,0.35,0.425,0,1,0.7241379310344829,0.42000000000000004,0.58
3,Baker Mayfield,rushing_yards,15.0,no,-0.1035,0.44,0.4615,0.565,0,1,1.272727272727273,0.56,0.44
3,Baker Mayfield,rushing_yards,10.0,no,-0.0989,0.3,0.6061,0.705,0,1,2.3333333333333335,0.7,0.3
3,Bucky Irving,anytime_td,2.0,no,-0.059,0.93,0.016,0.075,0,1,0.07526881720430102,0.06999999999999995,0.93
3,Bucky Irving,anytime_td,1.0,no,-0.1586,0.62,0.2264,0.385,0,1,0.6129032258064516,0.38,0.62
3,Bucky Irving,receiving_yards,25.0,yes,0.1276,0.31,0.4276,0.3,0,0,-1.0,-0.31,0.31
3,Bucky Irving,receiving_yards,15.0,yes,0.0928,0.54,0.6278,0.535,0,0,-1.0,-0.54,0.54
3,Bucky Irving,rushing_yards,80.0,no,-0.132,0.76,0.118,0.25,0,1,0.3157894736842105,0.24,0.76
3,Bucky Irving,rushing_yards,70.0,no,-0.185,0.66,0.16,0.345,0,1,0.515151515151515,0.33999999999999997,0.66
3,Bucky Irving,rushing_yards,60.0,no,-0.2588,0.53,0.2162,0.475,0,1,0.8867924528301886,0.47,0.53
3,Bucky Irving,rushing_yards,50.0,no,-0.3145,0.4,0.2905,0.605,0,1,1.4999999999999998,0.6,0.4
3,Bucky Irving,rushing_yards,40.0,no,-0.3322,0.3,0.3878,0.72,1,0,-1.0,-0.3,0.3
3,Bucky Irving,rushing_yards,30.0,no,-0.3273,0.17,0.5127,0.84,1,0,-1.0,-0.17,0.17
3,Bucky Irving,rushing_yards,25.0,no,-0.2934,0.13,0.5866,0.88,1,0,-1.0,-0.13,0.13
3,T.J. Hockenson,receiving_yards,50.0,no,-0.0376,0.78,0.1924,0.23,0,1,0.282051282051282,0.21999999999999997,0.78
3,T.J. Hockenson,receiving_yards,40.0,no,-0.0582,0.67,0.2818,0.34,0,1,0.49253731343283574,0.32999999999999996,0.67
3,T.J. Hockenson,receiving_yards,25.0,no,-0.1099,0.42,0.4851,0.595,0,1,1.3809523809523812,0.5800000000000001,0.42
3,T.J. Hockenson,receiving_yards,15.0,no,-0.0912,0.25,0.6738,0.765,0,1,3.0,0.75,0.25
3,Kyler Murray,anytime_td,1.0,no,-0.095,0.8,0.11,0.205,0,1,0.24999999999999994,0.19999999999999996,0.8
3,Kyler Murray,passing_yards,325.0,no,-0.055,0.95,0.0,0.055,0,1,0.052631578947368474,0.050000000000000044,0.95
3,Kyler Murray,passing_yards,300.0,no,-0.085,0.92,0.0,0.085,0,1,0.08695652173913039,0.07999999999999996,0.92
3,Kyler Murray,passing_yards,275.0,no,-0.165,0.84,0.0,0.165,0,1,0.19047619047619052,0.16000000000000003,0.84
3,Kyler Murray,rushing_yards,60.0,no,-0.0384,0.95,0.0166,0.055,0,1,0.052631578947368474,0.050000000000000044,0.95
3,Kyler Murray,rushing_yards,50.0,no,-0.0484,0.93,0.0316,0.08,0,1,0.07526881720430102,0.06999999999999995,0.93
3,Kyler Murray,rushing_yards,40.0,no,-0.1047,0.84,0.0603,0.165,0,1,0.19047619047619052,0.16000000000000003,0.84
3,Kyler Murray,rushing_yards,30.0,no,-0.1991,0.69,0.1159,0.315,0,1,0.4492753623188407,0.31000000000000005,0.69
3,Kyler Murray,rushing_yards,25.0,no,-0.2537,0.59,0.1613,0.415,0,1,0.6949152542372882,0.41000000000000003,0.59
3,Kyler Murray,rushing_yards,20.0,no,-0.3197,0.46,0.2253,0.545,0,1,1.173913043478261,0.54,0.46
3,Kyler Murray,rushing_yards,15.0,no,-0.3336,0.36,0.3164,0.65,1,0,-1.0,-0.36,0.36
3,Kyler Murray,rushing_yards,10.0,no,-0.3118,0.25,0.4482,0.76,1,0,-1.0,-0.25,0.25
3,Josh Oliver,receiving_yards,15.0,yes,0.0388,0.42,0.4438,0.405,0,0,-1.0,-0.42,0.42
3,Justin Jefferson,receiving_yards,90.0,no,-0.085,0.69,0.235,0.32,0,1,0.4492753623188407,0.31000000000000005,0.69
3,Justin Jefferson,receiving_yards,80.0,no,-0.1311,0.59,0.2889,0.42,0,1,0.6949152542372882,0.41000000000000003,0.59
3,Justin Jefferson,receiving_yards,70.0,no,-0.1819,0.47,0.3531,0.535,0,1,1.1276595744680853,0.53,0.47
3,Justin Jefferson,receiving_yards,60.0,no,-0.206,0.37,0.429,0.635,0,1,1.7027027027027026,0.63,0.37
3,Justin Jefferson,receiving_yards,50.0,no,-0.2081,0.28,0.5169,0.725,0,1,2.571428571428571,0.72,0.28
3,Justin Jefferson,receiving_yards,40.0,no,-0.1984,0.19,0.6166,0.815,0,1,4.2631578947368425,0.81,0.19
3,Justin Jefferson,receiving_yards,110.0,no,-0.0414,0.82,0.1536,0.195,0,1,0.2195121951219513,0.18000000000000005,0.82
3,Justin Jefferson,receiving_yards,100.0,no,-0.0646,0.75,0.1904,0.255,0,1,0.3333333333333333,0.25,0.75
3,Aaron Jones,anytime_td,2.0,no,-0.0863,0.87,0.0487,0.135,0,1,0.14942528735632185,0.13,0.87
3,Aaron Jones,anytime_td,1.0,no,-0.0889,0.54,0.3761,0.465,0,1,0.8518518518518517,0.45999999999999996,0.54
3,Aaron Jones,receiving_yards,25.0,yes,0.0567,0.27,0.3167,0.26,1,1,2.7037037037037033,0.73,0.27
3,Aaron Jones,receiving_yards,15.0,yes,0.0824,0.45,0.5224,0.44,1,1,1.2222222222222223,0.55,0.45
3,Aaron Jones,rushing_yards,70.0,no,-0.0484,0.74,0.2266,0.275,0,1,0.35135135135135137,0.26,0.74
3,Aaron Jones,rushing_yards,60.0,no,-0.0932,0.62,0.2918,0.385,0,1,0.6129032258064516,0.38,0.62
3,Aaron Jones,rushing_yards,50.0,no,-0.1465,0.49,0.3735,0.52,1,0,-1.0,-0.49,0.49
3,Pat Freiermuth,receiving_yards,60.0,no,-0.0415,0.78,0.1835,0.225,0,1,0.282051282051282,0.21999999999999997,0.78
3,Pat Freiermuth,receiving_yards,50.0,no,-0.0685,0.68,0.2565,0.325,0,1,0.47058823529411753,0.31999999999999995,0.68
3,Pat Freiermuth,receiving_yards,40.0,no,-0.0903,0.56,0.3547,0.445,0,1,0.7857142857142856,0.43999999999999995,0.56
3,Pat Freiermuth,receiving_yards,35.0,no,-0.1202,0.47,0.4148,0.535,0,1,1.1276595744680853,0.53,0.47
3,Pat Freiermuth,receiving_yards,25.0,no,-0.1064,0.34,0.5586,0.665,1,0,-1.0,-0.34,0.34
3,Pat Freiermuth,receiving_yards,15.0,no,-0.0951,0.18,0.7299,0.825,1,0,-1.0,-0.18,0.18
3,Darnell Washington,anytime_td,1.0,yes,0.0707,0.11,0.1757,0.105,0,0,-1.0,-0.11,0.11
3,Darnell Washington,receiving_yards,50.0,yes,0.0725,0.08,0.1425,0.07,1,1,11.5,0.92,0.08
3,Darnell Washington,receiving_yards,40.0,yes,0.0981,0.13,0.2231,0.125,1,1,6.692307692307692,0.87,0.13
3,Darnell Washington,receiving_yards,25.0,yes,0.1205,0.31,0.4205,0.3,1,1,2.225806451612903,0.69,0.31
3,Darnell Washington,receiving_yards,15.0,yes,0.1294,0.49,0.6144,0.485,1,1,1.0408163265306123,0.51,0.49
3,Tee Higgins,receiving_yards,90.0,yes,0.0562,0.19,0.2412,0.185,1,1,4.2631578947368425,0.81,0.19
3,Tee Higgins,receiving_yards,80.0,yes,0.0406,0.26,0.2956,0.255,1,1,2.846153846153846,0.74,0.26
3,Tee Higgins,receiving_yards,130.0,yes,0.0628,0.05,0.1028,0.04,0,0,-1.0,-0.05,0.05
3,Tee Higgins,receiving_yards,100.0,yes,0.0609,0.14,0.1959,0.135,0,0,-1.0,-0.14,0.14
3,Samaje Perine,receiving_yards,25.0,no,-0.0818,0.87,0.0532,0.135,0,1,0.14942528735632185,0.13,0.87
3,Samaje Perine,receiving_yards,15.0,no,-0.0995,0.7,0.2055,0.305,0,1,0.42857142857142866,0.30000000000000004,0.7
3,Samaje Perine,rushing_yards,20.0,no,-0.052,0.65,0.303,0.355,0,1,0.5384615384615384,0.35,0.65
3,Samaje Perine,rushing_yards,15.0,no,-0.0824,0.51,0.4126,0.495,0,1,0.9607843137254901,0.49,0.51
3,Samaje Perine,rushing_yards,10.0,no,-0.0645,0.38,0.5605,0.625,0,1,1.631578947368421,0.62,0.38
3,Mike Gesicki,anytime_td,1.0,yes,0.1295,0.17,0.2945,0.165,1,1,4.88235294117647,0.83,0.17
3,Mike Gesicki,receiving_yards,70.0,yes,0.1481,0.06,0.1981,0.05,0,0,-1.0,-0.06,0.06
3,Mike Gesicki,receiving_yards,60.0,yes,0.1771,0.1,0.2621,0.085,0,0,-1.0,-0.1,0.1
3,Mike Gesicki,receiving_yards,50.0,yes,0.1842,0.17,0.3442,0.16,0,0,-1.0,-0.17,0.17
3,Mike Gesicki,receiving_yards,40.0,yes,0.2075,0.25,0.4475,0.24,0,0,-1.0,-0.25,0.25
3,Mike Gesicki,receiving_yards,25.0,yes,0.1609,0.49,0.6459,0.485,1,1,1.0408163265306123,0.51,0.49
3,Mike Gesicki,receiving_yards,15.0,yes,0.1258,0.69,0.8008,0.675,1,1,0.4492753623188407,0.31000000000000005,0.69
3,Ja'Marr Chase,anytime_td,2.0,no,-0.0457,0.91,0.0493,0.095,0,1,0.09890109890109887,0.08999999999999997,0.91
3,Ja'Marr Chase,anytime_td,1.0,no,-0.0469,0.58,0.3781,0.425,1,0,-1.0,-0.58,0.58
3,Ja'Marr Chase,receiving_yards,90.0,no,-0.0736,0.66,0.2764,0.35,1,0,-1.0,-0.66,0.66
3,Ja'Marr Chase,receiving_yards,80.0,no,-0.1117,0.56,0.3333,0.445,1,0,-1.0,-0.56,0.56
3,Ja'Marr Chase,receiving_yards,70.0,no,-0.1552,0.45,0.3998,0.555,1,0,-1.0,-0.45,0.45
3,Ja'Marr Chase,receiving_yards,60.0,no,-0.1786,0.35,0.4764,0.655,1,0,-1.0,-0.35,0.35
3,Ja'Marr Chase,receiving_yards,50.0,no,-0.1768,0.27,0.5632,0.74,1,0,-1.0,-0.27,0.27
3,Ja'Marr Chase,receiving_yards,40.0,no,-0.1658,0.18,0.6592,0.825,1,0,-1.0,-0.18,0.18
3,Ja'Marr Chase,receiving_yards,100.0,no,-0.0568,0.72,0.2282,0.285,0,1,0.38888888888888895,0.28,0.72
3,Joe Burrow,passing_yards,275.0,no,-0.0745,0.62,0.3105,0.385,1,0,-1.0,-0.62,0.62
3,Joe Burrow,passing_yards,250.0,no,-0.1235,0.48,0.4015,0.525,1,0,-1.0,-0.48,0.48
3,Joe Burrow,passing_yards,225.0,no,-0.1768,0.33,0.4982,0.675,1,0,-1.0,-0.33,0.33
3,Joe Burrow,passing_yards,200.0,no,-0.19,0.22,0.595,0.785,1,0,-1.0,-0.22,0.22
3,Joe Burrow,passing_yards,175.0,no,-0.1988,0.12,0.6862,0.885,1,0,-1.0,-0.12,0.12
3,Joe Burrow,rushing_yards,15.0,yes,0.0453,0.21,0.2503,0.205,0,0,-1.0,-0.21,0.21
3,Joe Burrow,rushing_yards,10.0,yes,0.0595,0.34,0.3945,0.335,1,1,1.9411764705882348,0.6599999999999999,0.34
3,Chase Brown,anytime_td,1.0,yes,0.0768,0.49,0.5618,0.485,0,0,-1.0,-0.49,0.49
3,Chase Brown,receiving_yards,25.0,no,-0.0457,0.59,0.3693,0.415,0,1,0.6949152542372882,0.41000000000000003,0.59
3,Chase Brown,receiving_yards,15.0,no,-0.0754,0.36,0.5746,0.65,0,1,1.777777777777778,0.64,0.36
3,Chase Brown,rushing_yards,70.0,no,-0.0651,0.58,0.3599,0.425,0,1,0.7241379310344829,0.42000000000000004,0.58
3,Chase Brown,rushing_yards,60.0,no,-0.1213,0.45,0.4337,0.555,1,0,-1.0,-0.45,0.45
3,Chase Brown,rushing_yards,50.0,no,-0.146,0.34,0.519,0.665,1,0,-1.0,-0.34,0.34
3,Chase Brown,rushing_yards,40.0,no,-0.1592,0.23,0.6158,0.775,1,0,-1.0,-0.23,0.23
3,Chase Brown,rushing_yards,120.0,yes,0.0679,0.07,0.1329,0.065,0,0,-1.0,-0.07,0.07
3,Chase Brown,rushing_yards,100.0,yes,0.045,0.16,0.2,0.155,0,0,-1.0,-0.16,0.16
3,Kaelon Black,anytime_td,1.0,no,-0.1704,0.77,0.0646,0.235,0,1,0.2987012987012987,0.22999999999999998,0.77
3,Kaelon Black,rushing_yards,40.0,no,-0.1351,0.65,0.2299,0.365,0,1,0.5384615384615384,0.35,0.65
3,Kaelon Black,rushing_yards,30.0,no,-0.2042,0.49,0.3158,0.52,0,1,1.0408163265306123,0.51,0.49
3,Kaelon Black,rushing_yards,25.0,no,-0.2481,0.39,0.3719,0.62,0,1,1.564102564102564,0.61,0.39
3,George Kittle,receiving_yards,110.0,yes,0.1835,0.06,0.2335,0.05,0,0,-1.0,-0.06,0.06
3,George Kittle,receiving_yards,100.0,yes,0.2131,0.07,0.2781,0.065,0,0,-1.0,-0.07,0.07
3,George Kittle,receiving_yards,90.0,yes,0.2249,0.11,0.3299,0.105,0,0,-1.0,-0.11,0.11
3,George Kittle,receiving_yards,80.0,yes,0.2345,0.16,0.3895,0.155,1,1,5.25,0.84,0.16
3,George Kittle,receiving_yards,70.0,yes,0.2274,0.24,0.4574,0.23,1,1,3.166666666666667,0.76,0.24
3,George Kittle,receiving_yards,60.0,yes,0.2185,0.32,0.5335,0.315,1,1,2.1249999999999996,0.6799999999999999,0.32
3,George Kittle,receiving_yards,50.0,yes,0.1774,0.45,0.6174,0.44,1,1,1.2222222222222223,0.55,0.45
3,George Kittle,receiving_yards,40.0,yes,0.1322,0.58,0.7072,0.575,1,1,0.7241379310344829,0.42000000000000004,0.58
3,George Kittle,receiving_yards,25.0,yes,0.09,0.77,0.845,0.755,1,1,0.2987012987012987,0.22999999999999998,0.77
3,George Kittle,receiving_yards,15.0,yes,0.0479,0.89,0.9279,0.88,1,1,0.12359550561797751,0.10999999999999999,0.89
3,Christian McCaffrey,anytime_td,3.0,yes,0.0434,0.08,0.1184,0.075,0,0,-1.0,-0.08,0.08
3,Christian McCaffrey,anytime_td,2.0,yes,0.0488,0.29,0.3338,0.285,0,0,-1.0,-0.29,0.29
3,Christian McCaffrey,anytime_td,1.0,yes,0.1338,0.67,0.7988,0.665,1,1,0.49253731343283574,0.32999999999999996,0.67
3,Christian McCaffrey,receiving_yards,100.0,yes,0.1184,0.06,0.1634,0.045,0,0,-1.0,-0.06,0.06
3,Christian McCaffrey,receiving_yards,70.0,yes,0.1725,0.16,0.3175,0.145,0,0,-1.0,-0.16,0.16
3,Christian McCaffrey,receiving_yards,60.0,yes,0.1669,0.24,0.3919,0.225,0,0,-1.0,-0.24,0.24
3,Christian McCaffrey,receiving_yards,50.0,yes,0.14,0.35,0.48,0.34,0,0,-1.0,-0.35,0.35
3,Christian McCaffrey,receiving_yards,40.0,yes,0.1071,0.48,0.5821,0.475,1,1,1.0833333333333335,0.52,0.48
3,Christian McCaffrey,receiving_yards,25.0,yes,0.047,0.72,0.757,0.71,1,1,0.38888888888888895,0.28,0.72
3,Christian McCaffrey,rushing_yards,90.0,yes,0.2182,0.17,0.3782,0.16,0,0,-1.0,-0.17,0.17
3,Christian McCaffrey,rushing_yards,80.0,yes,0.2073,0.24,0.4373,0.23,0,0,-1.0,-0.24,0.24
3,Christian McCaffrey,rushing_yards,70.0,yes,0.1683,0.34,0.5033,0.335,1,1,1.9411764705882348,0.6599999999999999,0.34
3,Christian McCaffrey,rushing_yards,60.0,yes,0.1209,0.46,0.5759,0.455,1,1,1.173913043478261,0.54,0.46
3,Christian McCaffrey,rushing_yards,55.0,yes,0.0895,0.54,0.6145,0.525,1,1,0.8518518518518517,0.45999999999999996,0.54
3,Christian McCaffrey,rushing_yards,50.0,yes,0.0694,0.59,0.6544,0.585,1,1,0.6949152542372882,0.41000000000000003,0.59
3,Christian McCaffrey,rushing_yards,120.0,yes,0.1842,0.06,0.2392,0.055,0,0,-1.0,-0.06,0.06
3,Christian McCaffrey,rushing_yards,110.0,yes,0.1996,0.09,0.2796,0.08,0,0,-1.0,-0.09,0.09
3,Christian McCaffrey,rushing_yards,100.0,yes,0.2107,0.12,0.3257,0.115,0,0,-1.0,-0.12,0.12
3,Trey McBride,anytime_td,1.0,yes,0.0609,0.33,0.3859,0.325,0,0,-1.0,-0.33,0.33
3,Trey McBride,receiving_yards,70.0,no,-0.0517,0.54,0.4133,0.465,1,0,-1.0,-0.54,0.54
3,Trey McBride,receiving_yards,60.0,no,-0.0751,0.44,0.4899,0.565,1,0,-1.0,-0.44,0.44
3,Trey McBride,receiving_yards,50.0,no,-0.1137,0.32,0.5763,0.69,1,0,-1.0,-0.32,0.32
3,Trey McBride,receiving_yards,40.0,no,-0.124,0.21,0.671,0.795,1,0,-1.0,-0.21,0.21
3,Trey McBride,receiving_yards,140.0,yes,0.0548,0.06,0.1098,0.055,0,0,-1.0,-0.06,0.06
3,Trey McBride,receiving_yards,110.0,yes,0.0681,0.14,0.1981,0.13,0,0,-1.0,-0.14,0.14
3,Trey McBride,receiving_yards,100.0,yes,0.0396,0.21,0.2396,0.2,0,0,-1.0,-0.21,0.21
3,Tyler Allgeier,rushing_yards,70.0,no,-0.0847,0.9,0.0203,0.105,0,1,0.11111111111111108,0.09999999999999998,0.9
3,Tyler Allgeier,rushing_yards,60.0,no,-0.1306,0.84,0.0344,0.165,0,1,0.19047619047619052,0.16000000000000003,0.84
3,Tyler Allgeier,rushing_yards,50.0,no,-0.1966,0.75,0.0584,0.255,0,1,0.3333333333333333,0.25,0.75
3,Tyler Allgeier,rushing_yards,40.0,no,-0.2752,0.63,0.0998,0.375,0,1,0.5873015873015873,0.37,0.63
3,Tyler Allgeier,rushing_yards,30.0,no,-0.3835,0.45,0.1715,0.555,0,1,1.2222222222222223,0.55,0.45
3,Tyler Allgeier,rushing_yards,25.0,no,-0.4094,0.37,0.2256,0.635,0,1,1.7027027027027026,0.63,0.37
3,Tyler Allgeier,rushing_yards,20.0,no,-0.4273,0.28,0.2977,0.725,0,1,2.571428571428571,0.72,0.28
3,Tyler Allgeier,rushing_yards,15.0,no,-0.4154,0.2,0.3946,0.81,0,1,4.0,0.8,0.2
3,Michael Wilson,receiving_yards,90.0,yes,0.0992,0.12,0.2142,0.115,0,0,-1.0,-0.12,0.12
3,Michael Wilson,receiving_yards,80.0,yes,0.0961,0.18,0.2661,0.17,1,1,4.555555555555556,0.8200000000000001,0.18
3,Michael Wilson,receiving_yards,70.0,yes,0.0938,0.24,0.3288,0.235,1,1,3.166666666666667,0.76,0.24
3,Michael Wilson,receiving_yards,60.0,yes,0.0788,0.33,0.4038,0.325,1,1,2.03030303030303,0.6699999999999999,0.33
3,Michael Wilson,receiving_yards,50.0,yes,0.0519,0.45,0.4919,0.44,1,1,1.2222222222222223,0.55,0.45
3,Michael Wilson,receiving_yards,120.0,yes,0.0691,0.05,0.1091,0.04,0,0,-1.0,-0.05,0.05
3,Michael Wilson,receiving_yards,110.0,yes,0.0821,0.07,0.1371,0.055,0,0,-1.0,-0.07,0.07
3,Michael Wilson,receiving_yards,100.0,yes,0.0967,0.08,0.1717,0.075,0,0,-1.0,-0.08,0.08
3,Kendrick Bourne,anytime_td,1.0,no,-0.0354,0.89,0.0796,0.115,0,1,0.12359550561797751,0.10999999999999999,0.89
3,Kendrick Bourne,receiving_yards,15.0,no,-0.0385,0.34,0.6265,0.665,1,0,-1.0,-0.34,0.34
3,Jeremiyah Love,anytime_td,2.0,no,-0.0592,0.94,0.0058,0.065,0,1,0.06382978723404262,0.06000000000000005,0.94
3,Jeremiyah Love,anytime_td,1.0,no,-0.1956,0.67,0.1394,0.335,1,0,-1.0,-0.67,0.67
3,Jeremiyah Love,receiving_yards,40.0,no,-0.1039,0.9,0.0061,0.11,0,1,0.11111111111111108,0.09999999999999998,0.9
3,Jeremiyah Love,receiving_yards,25.0,no,-0.2432,0.72,0.0418,0.285,0,1,0.38888888888888895,0.28,0.72
3,Jeremiyah Love,receiving_yards,15.0,no,-0.3639,0.5,0.1411,0.505,1,0,-1.0,-0.5,0.5
3,Jeremiyah Love,rushing_yards,90.0,no,-0.064,0.94,0.001,0.065,1,0,-1.0,-0.94,0.94
3,Jeremiyah Love,rushing_yards,80.0,no,-0.093,0.91,0.002,0.095,1,0,-1.0,-0.91,0.91
3,Jeremiyah Love,rushing_yards,70.0,no,-0.1511,0.85,0.0039,0.155,1,0,-1.0,-0.85,0.85
3,Jeremiyah Love,rushing_yards,60.0,no,-0.2172,0.78,0.0078,0.225,1,0,-1.0,-0.78,0.78
3,Jeremiyah Love,rushing_yards,40.0,no,-0.4534,0.52,0.0316,0.485,1,0,-1.0,-0.52,0.52
3,Jeremiyah Love,rushing_yards,30.0,no,-0.5699,0.38,0.0651,0.635,1,0,-1.0,-0.38,0.38
3,Jeremiyah Love,rushing_yards,25.0,no,-0.6257,0.29,0.0943,0.72,1,0,-1.0,-0.29,0.29
3,Jeremiyah Love,rushing_yards,100.0,no,-0.0445,0.96,0.0005,0.045,0,1,0.041666666666666706,0.040000000000000036,0.96
3,Jacoby Brissett,passing_yards,350.0,yes,0.1424,0.06,0.1974,0.055,0,0,-1.0,-0.06,0.06
3,Jacoby Brissett,passing_yards,325.0,yes,0.1843,0.09,0.2643,0.08,0,0,-1.0,-0.09,0.09
3,Jacoby Brissett,passing_yards,300.0,yes,0.2062,0.14,0.3412,0.135,0,0,-1.0,-0.14,0.14
3,Jacoby Brissett,passing_yards,275.0,yes,0.1904,0.24,0.4254,0.235,1,1,3.166666666666667,0.76,0.24
3,Jacoby Brissett,passing_yards,250.0,yes,0.1531,0.37,0.5131,0.36,1,1,1.7027027027027026,0.63,0.37
3,Jacoby Brissett,passing_yards,225.0,yes,0.0852,0.52,0.6002,0.515,1,1,0.923076923076923,0.48,0.52
3,Jacoby Brissett,passing_yards,150.0,no,-0.0446,0.14,0.8204,0.865,1,0,-1.0,-0.14,0.14
3,Jacoby Brissett,rushing_yards,25.0,no,-0.0712,0.88,0.0538,0.125,0,1,0.13636363636363635,0.12,0.88
3,Jacoby Brissett,rushing_yards,20.0,no,-0.0687,0.85,0.0963,0.165,0,1,0.17647058823529416,0.15000000000000002,0.85
3,Jacoby Brissett,rushing_yards,10.0,no,-0.12,0.58,0.305,0.425,0,1,0.7241379310344829,0.42000000000000004,0.58
3,Hunter Long,anytime_td,1.0,yes,0.1635,0.06,0.2185,0.055,0,0,-1.0,-0.06,0.06
3,TreVeyon Henderson,receiving_yards,40.0,no,-0.0354,0.94,0.0346,0.07,0,1,0.06382978723404262,0.06000000000000005,0.94
3,TreVeyon Henderson,receiving_yards,25.0,no,-0.0435,0.83,0.1365,0.18,0,1,0.20481927710843378,0.17000000000000004,0.83
3,TreVeyon Henderson,receiving_yards,15.0,no,-0.0361,0.65,0.3189,0.355,0,1,0.5384615384615384,0.35,0.65
3,TreVeyon Henderson,rushing_yards,80.0,no,-0.0451,0.88,0.0799,0.125,0,1,0.13636363636363635,0.12,0.88
3,TreVeyon Henderson,rushing_yards,70.0,no,-0.0715,0.82,0.1135,0.185,0,1,0.2195121951219513,0.18000000000000005,0.82
3,TreVeyon Henderson,rushing_yards,60.0,no,-0.0995,0.75,0.1605,0.26,0,1,0.3333333333333333,0.25,0.75
3,TreVeyon Henderson,rushing_yards,50.0,no,-0.1439,0.64,0.2261,0.37,0,1,0.5625,0.36,0.64
3,TreVeyon Henderson,rushing_yards,40.0,no,-0.2184,0.47,0.3166,0.535,0,1,1.1276595744680853,0.53,0.47
3,TreVeyon Henderson,rushing_yards,30.0,no,-0.2154,0.35,0.4396,0.655,0,1,1.8571428571428574,0.65,0.35
3,TreVeyon Henderson,rushing_yards,25.0,no,-0.2242,0.27,0.5158,0.74,0,1,2.7037037037037033,0.73,0.27
3,TreVeyon Henderson,rushing_yards,20.0,no,-0.1974,0.21,0.6026,0.8,1,0,-1.0,-0.21,0.21
3,Rhamondre Stevenson,anytime_td,1.0,yes,0.0988,0.34,0.4338,0.335,0,0,-1.0,-0.34,0.34
3,Rhamondre Stevenson,receiving_yards,25.0,yes,0.051,0.27,0.316,0.265,0,0,-1.0,-0.27,0.27
3,Rhamondre Stevenson,rushing_yards,80.0,no,-0.0363,0.93,0.0387,0.075,0,1,0.07526881720430102,0.06999999999999995,0.93
3,Rhamondre Stevenson,rushing_yards,70.0,no,-0.0603,0.89,0.0597,0.12,0,1,0.12359550561797751,0.10999999999999999,0.89
3,Rhamondre Stevenson,rushing_yards,60.0,no,-0.0931,0.82,0.0919,0.185,0,1,0.2195121951219513,0.18000000000000005,0.82
3,Rhamondre Stevenson,rushing_yards,50.0,no,-0.1439,0.72,0.1411,0.285,0,1,0.38888888888888895,0.28,0.72
3,Rhamondre Stevenson,rushing_yards,40.0,no,-0.1893,0.6,0.2157,0.405,0,1,0.6666666666666667,0.4,0.6
3,Rhamondre Stevenson,rushing_yards,30.0,no,-0.2474,0.43,0.3276,0.575,0,1,1.3255813953488373,0.5700000000000001,0.43
3,Rhamondre Stevenson,rushing_yards,20.0,no,-0.2621,0.25,0.4929,0.755,1,0,-1.0,-0.25,0.25
3,Romeo Doubs,receiving_yards,70.0,no,-0.0463,0.79,0.1737,0.22,0,1,0.2658227848101265,0.20999999999999996,0.79
3,Romeo Doubs,receiving_yards,60.0,no,-0.0717,0.71,0.2283,0.3,0,1,0.4084507042253522,0.29000000000000004,0.71
3,Romeo Doubs,receiving_yards,50.0,no,-0.1061,0.6,0.2989,0.405,0,1,0.6666666666666667,0.4,0.6
3,Romeo Doubs,receiving_yards,40.0,no,-0.1457,0.47,0.3893,0.535,1,0,-1.0,-0.47,0.47
3,Romeo Doubs,receiving_yards,15.0,no,-0.1223,0.16,0.7227,0.845,1,0,-1.0,-0.16,0.16
3,Mack Hollins,anytime_td,1.0,no,-0.0675,0.8,0.1375,0.205,0,1,0.24999999999999994,0.19999999999999996,0.8
3,Mack Hollins,receiving_yards,70.0,no,-0.076,0.87,0.059,0.135,1,0,-1.0,-0.87,0.87
3,Mack Hollins,receiving_yards,60.0,no,-0.1008,0.81,0.0942,0.195,1,0,-1.0,-0.81,0.81
3,Mack Hollins,receiving_yards,50.0,no,-0.1411,0.72,0.1489,0.29,1,0,-1.0,-0.72,0.72
3,Mack Hollins,receiving_yards,40.0,no,-0.1784,0.6,0.2316,0.41,1,0,-1.0,-0.6,0.6
3,Mack Hollins,receiving_yards,25.0,no,-0.1944,0.38,0.4306,0.625,1,0,-1.0,-0.38,0.38
3,Mack Hollins,receiving_yards,15.0,no,-0.155,0.23,0.62,0.775,1,0,-1.0,-0.23,0.23
3,Hunter Henry,receiving_yards,50.0,no,-0.0409,0.63,0.3441,0.385,0,1,0.5873015873015873,0.37,0.63
3,Hunter Henry,receiving_yards,40.0,no,-0.0576,0.5,0.4474,0.505,0,1,1.0,0.5,0.5
3,Hunter Henry,receiving_yards,15.0,no,-0.0431,0.16,0.8019,0.845,0,1,5.25,0.84,0.16
3,Drake Maye,anytime_td,1.0,no,-0.046,0.78,0.179,0.225,0,1,0.282051282051282,0.21999999999999997,0.78
3,Drake Maye,passing_yards,350.0,yes,0.1056,0.05,0.1456,0.04,0,0,-1.0,-0.05,0.05
3,Drake Maye,passing_yards,325.0,yes,0.1356,0.08,0.2056,0.07,0,0,-1.0,-0.08,0.08
3,Drake Maye,passing_yards,300.0,yes,0.1533,0.13,0.2783,0.125,0,0,-1.0,-0.13,0.13
3,Drake Maye,passing_yards,275.0,yes,0.1467,0.22,0.3617,0.215,0,0,-1.0,-0.22,0.22
3,Drake Maye,passing_yards,250.0,yes,0.1072,0.35,0.4522,0.345,0,0,-1.0,-0.35,0.35
3,Drake Maye,passing_yards,225.0,yes,0.0703,0.48,0.5453,0.475,0,0,-1.0,-0.48,0.48
3,Drake Maye,passing_yards,175.0,no,-0.0454,0.24,0.7196,0.765,1,0,-1.0,-0.24,0.24
3,Drake Maye,passing_yards,150.0,no,-0.0724,0.14,0.7926,0.865,1,0,-1.0,-0.14,0.14
3,Drake Maye,rushing_yards,50.0,no,-0.1129,0.86,0.0321,0.145,0,1,0.16279069767441862,0.14,0.86
3,Drake Maye,rushing_yards,40.0,no,-0.2006,0.74,0.0644,0.265,0,1,0.35135135135135137,0.26,0.74
3,Drake Maye,rushing_yards,30.0,no,-0.2959,0.58,0.1291,0.425,0,1,0.7241379310344829,0.42000000000000004,0.58
3,Drake Maye,rushing_yards,25.0,no,-0.3524,0.47,0.1826,0.535,0,1,1.1276595744680853,0.53,0.47
3,Drake Maye,rushing_yards,20.0,no,-0.3869,0.36,0.2581,0.645,0,1,1.777777777777778,0.64,0.36
3,Drake Maye,rushing_yards,15.0,no,-0.3806,0.26,0.3644,0.745,1,0,-1.0,-0.26,0.26
3,Drake Maye,rushing_yards,10.0,no,-0.3415,0.15,0.5135,0.855,1,0,-1.0,-0.15,0.15
3,DeMario Douglas,anytime_td,1.0,no,-0.0621,0.83,0.1129,0.175,0,1,0.20481927710843378,0.17000000000000004,0.83
3,DeMario Douglas,receiving_yards,50.0,no,-0.0883,0.79,0.1317,0.22,0,1,0.2658227848101265,0.20999999999999996,0.79
3,DeMario Douglas,receiving_yards,40.0,no,-0.1215,0.68,0.2085,0.33,0,1,0.47058823529411753,0.31999999999999995,0.68
3,DeMario Douglas,receiving_yards,25.0,no,-0.1675,0.44,0.4025,0.57,1,0,-1.0,-0.44,0.44
3,Trevor Lawrence,anytime_td,1.0,no,-0.0531,0.79,0.1619,0.215,0,1,0.2658227848101265,0.20999999999999996,0.79
3,Trevor Lawrence,passing_yards,300.0,no,-0.0669,0.85,0.0881,0.155,0,1,0.17647058823529416,0.15000000000000002,0.85
3,Trevor Lawrence,passing_yards,275.0,no,-0.0909,0.77,0.1441,0.235,0,1,0.2987012987012987,0.22999999999999998,0.77
3,Trevor Lawrence,passing_yards,250.0,no,-0.1449,0.64,0.2201,0.365,0,1,0.5625,0.36,0.64
3,Trevor Lawrence,passing_yards,225.0,no,-0.2,0.49,0.315,0.515,0,1,1.0408163265306123,0.51,0.49
3,Trevor Lawrence,passing_yards,200.0,no,-0.2209,0.36,0.4241,0.645,0,1,1.777777777777778,0.64,0.36
3,Trevor Lawrence,passing_yards,175.0,no,-0.2456,0.22,0.5394,0.785,1,0,-1.0,-0.22,0.22
3,Trevor Lawrence,passing_yards,150.0,no,-0.2236,0.13,0.6514,0.875,1,0,-1.0,-0.13,0.13
3,Trevor Lawrence,rushing_yards,25.0,no,-0.0624,0.71,0.2326,0.295,1,0,-1.0,-0.71,0.71
3,Trevor Lawrence,rushing_yards,20.0,no,-0.0804,0.61,0.3146,0.395,1,0,-1.0,-0.61,0.61
3,Trevor Lawrence,rushing_yards,15.0,no,-0.1252,0.46,0.4248,0.55,1,0,-1.0,-0.46,0.46
3,Trevor Lawrence,rushing_yards,10.0,no,-0.1127,0.32,0.5723,0.685,1,0,-1.0,-0.32,0.32
3,Parker Washington,receiving_yards,80.0,no,-0.0501,0.65,0.3049,0.355,0,1,0.5384615384615384,0.35,0.65
3,Parker Washington,receiving_yards,70.0,no,-0.0849,0.55,0.3701,0.455,0,1,0.818181818181818,0.44999999999999996,0.55
3,Parker Washington,receiving_yards,60.0,no,-0.1087,0.45,0.4463,0.555,0,1,1.2222222222222223,0.55,0.45
3,Parker Washington,receiving_yards,50.0,no,-0.121,0.35,0.534,0.655,0,1,1.8571428571428574,0.65,0.35
3,Parker Washington,receiving_yards,40.0,no,-0.1325,0.24,0.6325,0.765,1,0,-1.0,-0.24,0.24
3,Parker Washington,receiving_yards,25.0,no,-0.1011,0.11,0.7939,0.895,1,0,-1.0,-0.11,0.11
3,Nate Boerkircher,anytime_td,1.0,no,-0.0643,0.93,0.0107,0.075,0,1,0.07526881720430102,0.06999999999999995,0.93
3,Jakobi Meyers,anytime_td,1.0,yes,0.0497,0.25,0.2947,0.245,1,1,3.0,0.75,0.25
3,Jakobi Meyers,receiving_yards,80.0,yes,0.1752,0.1,0.2602,0.085,0,0,-1.0,-0.1,0.1
3,Jakobi Meyers,receiving_yards,70.0,yes,0.1876,0.14,0.3226,0.135,0,0,-1.0,-0.14,0.14
3,Jakobi Meyers,receiving_yards,60.0,yes,0.1973,0.21,0.3973,0.2,1,1,3.7619047619047623,0.79,0.21
3,Jakobi Meyers,receiving_yards,50.0,yes,0.1904,0.3,0.4854,0.295,1,1,2.3333333333333335,0.7,0.3
3,Jakobi Meyers,receiving_yards,40.0,yes,0.1717,0.42,0.5867,0.415,1,1,1.3809523809523812,0.5800000000000001,0.42
3,Jakobi Meyers,receiving_yards,35.0,yes,0.1419,0.51,0.6419,0.5,1,1,0.9607843137254901,0.49,0.51
3,Jakobi Meyers,receiving_yards,25.0,yes,0.1184,0.65,0.7584,0.64,1,1,0.5384615384615384,0.35,0.65
3,Jakobi Meyers,receiving_yards,15.0,yes,0.0794,0.8,0.8744,0.795,1,1,0.24999999999999994,0.19999999999999996,0.8
3,Bhayshul Tuten,anytime_td,1.0,yes,0.0579,0.37,0.4229,0.365,1,1,1.7027027027027026,0.63,0.37
3,Bhayshul Tuten,receiving_yards,40.0,no,-0.0692,0.93,0.0058,0.075,0,1,0.07526881720430102,0.06999999999999995,0.93
3,Bhayshul Tuten,receiving_yards,25.0,no,-0.1428,0.81,0.0522,0.195,0,1,0.23456790123456783,0.18999999999999995,0.81
3,Bhayshul Tuten,receiving_yards,15.0,no,-0.1908,0.62,0.1942,0.385,1,0,-1.0,-0.62,0.62
3,Bhayshul Tuten,receiving_yards,10.0,no,-0.1845,0.48,0.3405,0.525,1,0,-1.0,-0.48,0.48
3,Bhayshul Tuten,rushing_yards,70.0,no,-0.0881,0.74,0.1819,0.27,1,0,-1.0,-0.74,0.74
3,Bhayshul Tuten,rushing_yards,60.0,no,-0.1385,0.63,0.2415,0.38,1,0,-1.0,-0.63,0.63
3,Bhayshul Tuten,rushing_yards,55.0,no,-0.1823,0.55,0.2777,0.46,1,0,-1.0,-0.55,0.55
3,Bhayshul Tuten,rushing_yards,50.0,no,-0.1962,0.49,0.3188,0.515,1,0,-1.0,-0.49,0.49
3,Bhayshul Tuten,rushing_yards,40.0,no,-0.2321,0.36,0.4179,0.65,1,0,-1.0,-0.36,0.36
3,Bhayshul Tuten,rushing_yards,30.0,no,-0.2326,0.23,0.5424,0.775,1,0,-1.0,-0.23,0.23
3,Brenton Strange,receiving_yards,25.0,no,-0.0528,0.44,0.5122,0.565,1,0,-1.0,-0.44,0.44
3,Brenton Strange,receiving_yards,15.0,no,-0.0378,0.27,0.6972,0.735,1,0,-1.0,-0.27,0.27
3,Tre Harris,anytime_td,1.0,no,-0.0829,0.84,0.0821,0.165,0,1,0.19047619047619052,0.16000000000000003,0.84
3,Tre Harris,receiving_yards,60.0,no,-0.0389,0.84,0.1261,0.165,1,0,-1.0,-0.84,0.84
3,Tre Harris,receiving_yards,50.0,no,-0.0578,0.76,0.1872,0.245,1,0,-1.0,-0.76,0.76
3,Tre Harris,receiving_yards,40.0,no,-0.0897,0.64,0.2753,0.365,1,0,-1.0,-0.64,0.64
3,Tre Harris,receiving_yards,25.0,no,-0.1069,0.42,0.4781,0.585,1,0,-1.0,-0.42,0.42
3,Quentin Johnston,anytime_td,1.0,yes,0.0739,0.24,0.3089,0.235,0,0,-1.0,-0.24,0.24
3,Quentin Johnston,receiving_yards,100.0,yes,0.0417,0.06,0.0967,0.055,0,0,-1.0,-0.06,0.06
3,Quentin Johnston,receiving_yards,80.0,yes,0.0431,0.13,0.1681,0.125,0,0,-1.0,-0.13,0.13
3,Quentin Johnston,receiving_yards,70.0,yes,0.0352,0.19,0.2202,0.185,0,0,-1.0,-0.19,0.19
3,Quentin Johnston,receiving_yards,60.0,yes,0.0418,0.25,0.2868,0.245,0,0,-1.0,-0.25,0.25
3,Quentin Johnston,receiving_yards,50.0,yes,0.0357,0.34,0.3707,0.335,0,0,-1.0,-0.34,0.34
3,Omarion Hampton,anytime_td,2.0,no,-0.0701,0.86,0.0749,0.145,0,1,0.16279069767441862,0.14,0.86
3,Omarion Hampton,anytime_td,1.0,no,-0.0419,0.51,0.4531,0.495,0,1,0.9607843137254901,0.49,0.51
3,Omarion Hampton,receiving_yards,50.0,yes,0.0825,0.05,0.1275,0.045,0,0,-1.0,-0.05,0.05
3,Omarion Hampton,receiving_yards,40.0,yes,0.1173,0.09,0.2023,0.085,0,0,-1.0,-0.09,0.09
3,Omarion Hampton,receiving_yards,25.0,yes,0.1891,0.21,0.3941,0.205,0,0,-1.0,-0.21,0.21
3,Omarion Hampton,receiving_yards,15.0,yes,0.1963,0.41,0.5963,0.4,0,0,-1.0,-0.41,0.41
3,Omarion Hampton,rushing_yards,110.0,no,-0.0545,0.91,0.0405,0.095,0,1,0.09890109890109887,0.08999999999999997,0.91
3,Omarion Hampton,rushing_yards,100.0,no,-0.0789,0.87,0.0561,0.135,0,1,0.14942528735632185,0.13,0.87
3,Omarion Hampton,rushing_yards,90.0,no,-0.1076,0.82,0.0774,0.185,0,1,0.2195121951219513,0.18000000000000005,0.82
3,Omarion Hampton,rushing_yards,80.0,no,-0.1584,0.74,0.1066,0.265,0,1,0.35135135135135137,0.26,0.74
3,Omarion Hampton,rushing_yards,70.0,no,-0.2137,0.65,0.1463,0.36,0,1,0.5384615384615384,0.35,0.65
3,Omarion Hampton,rushing_yards,60.0,no,-0.2549,0.55,0.2001,0.455,0,1,0.818181818181818,0.44999999999999996,0.55
3,Omarion Hampton,rushing_yards,50.0,no,-0.3277,0.41,0.2723,0.6,1,0,-1.0,-0.41,0.41
3,Omarion Hampton,rushing_yards,40.0,no,-0.352,0.29,0.368,0.72,1,0,-1.0,-0.29,0.29
3,Omarion Hampton,rushing_yards,30.0,no,-0.3422,0.17,0.4928,0.835,1,0,-1.0,-0.17,0.17
3,Keaton Mitchell,anytime_td,1.0,no,-0.0882,0.87,0.0468,0.135,1,0,-1.0,-0.87,0.87
3,Keaton Mitchell,rushing_yards,50.0,no,-0.0527,0.95,0.0023,0.055,1,0,-1.0,-0.95,0.95
3,Keaton Mitchell,rushing_yards,30.0,no,-0.1703,0.81,0.0247,0.195,1,0,-1.0,-0.81,0.81
3,Keaton Mitchell,rushing_yards,20.0,no,-0.2846,0.64,0.0804,0.365,1,0,-1.0,-0.64,0.64
3,Keaton Mitchell,rushing_yards,15.0,no,-0.3501,0.51,0.1449,0.495,1,0,-1.0,-0.51,0.51
3,Keaton Mitchell,rushing_yards,10.0,no,-0.3697,0.38,0.2603,0.63,1,0,-1.0,-0.38,0.38
3,Justin Herbert,passing_yards,350.0,yes,0.0799,0.05,0.1249,0.045,0,0,-1.0,-0.05,0.05
3,Justin Herbert,passing_yards,325.0,yes,0.0862,0.1,0.1812,0.095,0,0,-1.0,-0.1,0.1
3,Justin Herbert,passing_yards,300.0,yes,0.1061,0.15,0.2511,0.145,0,0,-1.0,-0.15,0.15
3,Justin Herbert,passing_yards,275.0,yes,0.0882,0.25,0.3332,0.245,0,0,-1.0,-0.25,0.25
3,Justin Herbert,passing_yards,250.0,yes,0.0642,0.37,0.4242,0.36,0,0,-1.0,-0.37,0.37
3,Justin Herbert,passing_yards,200.0,no,-0.0414,0.35,0.6136,0.655,1,0,-1.0,-0.35,0.35
3,Justin Herbert,passing_yards,175.0,no,-0.0735,0.23,0.7015,0.775,1,0,-1.0,-0.23,0.23
3,Justin Herbert,passing_yards,150.0,no,-0.0961,0.13,0.7789,0.875,1,0,-1.0,-0.13,0.13
3,Justin Herbert,rushing_yards,60.0,no,-0.0424,0.97,0.0026,0.045,0,1,0.03092783505154642,0.030000000000000027,0.97
3,Justin Herbert,rushing_yards,50.0,no,-0.0629,0.94,0.0071,0.07,0,1,0.06382978723404262,0.06000000000000005,0.94
3,Justin Herbert,rushing_yards,40.0,no,-0.1254,0.86,0.0196,0.145,0,1,0.16279069767441862,0.14,0.86
3,Justin Herbert,rushing_yards,30.0,no,-0.2217,0.73,0.0533,0.275,0,1,0.36986301369863017,0.27,0.73
3,Justin Herbert,rushing_yards,25.0,no,-0.2973,0.62,0.0877,0.385,0,1,0.6129032258064516,0.38,0.62
3,Justin Herbert,rushing_yards,20.0,no,-0.3613,0.5,0.1437,0.505,0,1,1.0,0.5,0.5
3,Justin Herbert,rushing_yards,15.0,no,-0.381,0.39,0.234,0.615,1,0,-1.0,-0.39,0.39
3,Justin Herbert,rushing_yards,10.0,no,-0.3622,0.27,0.3778,0.74,1,0,-1.0,-0.27,0.27
3,Khalil Shakir,receiving_yards,80.0,no,-0.0616,0.87,0.0784,0.14,0,1,0.14942528735632185,0.13,0.87
3,Khalil Shakir,receiving_yards,70.0,no,-0.0922,0.81,0.1128,0.205,0,1,0.23456790123456783,0.18999999999999995,0.81
3,Khalil Shakir,receiving_yards,60.0,no,-0.1184,0.73,0.1616,0.28,0,1,0.36986301369863017,0.27,0.73
3,Khalil Shakir,receiving_yards,50.0,no,-0.1652,0.61,0.2298,0.395,0,1,0.639344262295082,0.39,0.61
3,Khalil Shakir,receiving_yards,40.0,no,-0.1959,0.49,0.3241,0.52,0,1,1.0408163265306123,0.51,0.49
3,Khalil Shakir,receiving_yards,25.0,no,-0.2005,0.28,0.5295,0.73,0,1,2.571428571428571,0.72,0.28
3,Khalil Shakir,receiving_yards,15.0,no,-0.1411,0.15,0.7139,0.855,0,1,5.666666666666667,0.85,0.15
3,James Cook,anytime_td,2.0,no,-0.057,0.8,0.148,0.205,0,1,0.24999999999999994,0.19999999999999996,0.8
3,James Cook,rushing_yards,90.0,no,-0.0366,0.62,0.3534,0.39,1,0,-1.0,-0.62,0.62
3,James Cook,rushing_yards,80.0,no,-0.093,0.5,0.412,0.505,1,0,-1.0,-0.5,0.5
3,James Cook,rushing_yards,70.0,no,-0.137,0.39,0.478,0.615,1,0,-1.0,-0.39,0.39
3,James Cook,rushing_yards,60.0,no,-0.1486,0.31,0.5514,0.7,1,0,-1.0,-0.31,0.31
3,James Cook,rushing_yards,50.0,no,-0.1732,0.2,0.6318,0.805,1,0,-1.0,-0.2,0.2
3,James Cook,rushing_yards,160.0,yes,0.0706,0.05,0.1106,0.04,0,0,-1.0,-0.05,0.05
3,James Cook,rushing_yards,150.0,yes,0.0665,0.07,0.1315,0.065,1,1,13.285714285714283,0.9299999999999999,0.07
3,James Cook,rushing_yards,140.0,yes,0.076,0.09,0.156,0.08,1,1,10.111111111111112,0.91,0.09
3,James Cook,rushing_yards,130.0,yes,0.0647,0.13,0.1847,0.12,1,1,6.692307692307692,0.87,0.13
3,James Cook,rushing_yards,120.0,yes,0.0432,0.18,0.2182,0.175,1,1,4.555555555555556,0.8200000000000001,0.18
3,James Cook,rushing_yards,110.0,yes,0.037,0.23,0.257,0.22,1,1,3.3478260869565215,0.77,0.23
3,Josh Allen,anytime_td,2.0,no,-0.0861,0.84,0.0789,0.165,1,0,-1.0,-0.84,0.84
3,Josh Allen,anytime_td,1.0,no,-0.0918,0.45,0.4632,0.555,1,0,-1.0,-0.45,0.45
3,Josh Allen,passing_yards,350.0,yes,0.1032,0.07,0.1682,0.065,0,0,-1.0,-0.07,0.07
3,Josh Allen,passing_yards,325.0,yes,0.1166,0.12,0.2316,0.115,0,0,-1.0,-0.12,0.12
3,Josh Allen,passing_yards,300.0,yes,0.1066,0.21,0.3066,0.2,0,0,-1.0,-0.21,0.21
3,Josh Allen,passing_yards,275.0,yes,0.0806,0.32,0.3906,0.31,0,0,-1.0,-0.32,0.32
3,Josh Allen,passing_yards,250.0,yes,0.0352,0.45,0.4802,0.445,0,0,-1.0,-0.45,0.45
3,Josh Allen,passing_yards,200.0,no,-0.0723,0.28,0.6577,0.73,1,0,-1.0,-0.28,0.28
3,Josh Allen,passing_yards,175.0,no,-0.098,0.17,0.737,0.835,1,0,-1.0,-0.17,0.17
3,Josh Allen,passing_yards,150.0,no,-0.0894,0.11,0.8056,0.895,1,0,-1.0,-0.11,0.11
3,Josh Allen,rushing_yards,40.0,no,-0.0846,0.61,0.3104,0.395,0,1,0.639344262295082,0.39,0.61
3,Josh Allen,rushing_yards,30.0,no,-0.142,0.43,0.433,0.575,0,1,1.3255813953488373,0.5700000000000001,0.43
3,Josh Allen,rushing_yards,25.0,no,-0.1408,0.36,0.5092,0.65,0,1,1.777777777777778,0.64,0.36
3,Josh Allen,rushing_yards,20.0,no,-0.1385,0.27,0.5965,0.735,1,0,-1.0,-0.27,0.27
3,Josh Allen,rushing_yards,15.0,no,-0.1251,0.19,0.6949,0.82,1,0,-1.0,-0.19,0.19
3,Dawson Knox,anytime_td,1.0,yes,0.1058,0.14,0.2408,0.135,0,0,-1.0,-0.14,0.14
3,Dawson Knox,receiving_yards,25.0,yes,0.114,0.18,0.289,0.175,0,0,-1.0,-0.18,0.18
3,Dawson Knox,receiving_yards,15.0,yes,0.1472,0.35,0.4922,0.345,0,0,-1.0,-0.35,0.35
3,Dawson Knox,receiving_yards,10.0,yes,0.1482,0.48,0.6232,0.475,0,0,-1.0,-0.48,0.48
3,Dalton Kincaid,anytime_td,1.0,no,-0.0899,0.68,0.2351,0.325,0,1,0.47058823529411753,0.31999999999999995,0.68
3,Dalton Kincaid,receiving_yards,140.0,yes,0.0403,0.05,0.0753,0.035,0,0,-1.0,-0.05,0.05
3,Dalton Kincaid,receiving_yards,120.0,yes,0.0435,0.09,0.1185,0.075,0,0,-1.0,-0.09,0.09
3,Dalton Kincaid,receiving_yards,110.0,yes,0.0381,0.12,0.1481,0.11,0,0,-1.0,-0.12,0.12
3,Dalton Kincaid,receiving_yards,60.0,no,-0.0531,0.53,0.4219,0.475,0,1,0.8867924528301886,0.47,0.53
3,Dalton Kincaid,receiving_yards,50.0,no,-0.0603,0.44,0.5097,0.57,0,1,1.272727272727273,0.56,0.44
3,Dalton Kincaid,receiving_yards,40.0,no,-0.081,0.32,0.609,0.69,0,1,2.1249999999999996,0.6799999999999999,0.32
3,Dalton Kincaid,receiving_yards,25.0,no,-0.0721,0.16,0.7729,0.845,1,0,-1.0,-0.16,0.16
3,Kenyon Sadiq,anytime_td,1.0,no,-0.1585,0.82,0.0265,0.185,1,0,-1.0,-0.82,0.82
3,Kenyon Sadiq,receiving_yards,80.0,no,-0.055,0.95,0.0,0.055,1,0,-1.0,-0.95,0.95
3,Kenyon Sadiq,receiving_yards,70.0,no,-0.085,0.92,0.0,0.085,1,0,-1.0,-0.92,0.92
3,Kenyon Sadiq,receiving_yards,60.0,no,-0.1348,0.87,0.0002,0.135,1,0,-1.0,-0.87,0.87
3,Kenyon Sadiq,receiving_yards,50.0,no,-0.2141,0.79,0.0009,0.215,1,0,-1.0,-0.79,0.79
3,Kenyon Sadiq,receiving_yards,25.0,no,-0.5247,0.44,0.0403,0.565,1,0,-1.0,-0.44,0.44
3,Kenyon Sadiq,receiving_yards,15.0,no,-0.587,0.27,0.148,0.735,1,0,-1.0,-0.27,0.27
3,Isaiah Williams,anytime_td,1.0,no,-0.1195,0.85,0.0355,0.155,0,1,0.17647058823529416,0.15000000000000002,0.85
3,Isaiah Williams,receiving_yards,50.0,no,-0.0946,0.82,0.0904,0.185,0,1,0.2195121951219513,0.18000000000000005,0.82
3,Isaiah Williams,receiving_yards,40.0,no,-0.1403,0.71,0.1547,0.295,0,1,0.4084507042253522,0.29000000000000004,0.71
3,Isaiah Williams,receiving_yards,25.0,no,-0.18,0.49,0.335,0.515,0,1,1.0408163265306123,0.51,0.49
3,Isaiah Williams,receiving_yards,15.0,no,-0.1362,0.33,0.5388,0.675,1,0,-1.0,-0.33,0.33
3,Garrett Wilson,anytime_td,1.0,no,-0.092,0.68,0.233,0.325,1,0,-1.0,-0.68,0.68
3,Garrett Wilson,receiving_yards,70.0,no,-0.0833,0.44,0.4817,0.565,1,0,-1.0,-0.44,0.44
3,Garrett Wilson,receiving_yards,60.0,no,-0.1177,0.33,0.5573,0.675,1,0,-1.0,-0.33,0.33
3,Garrett Wilson,receiving_yards,50.0,no,-0.0954,0.27,0.6396,0.735,1,0,-1.0,-0.27,0.27
3,Garrett Wilson,receiving_yards,40.0,no,-0.1082,0.17,0.7268,0.835,1,0,-1.0,-0.17,0.17
3,Garrett Wilson,receiving_yards,140.0,yes,0.0664,0.09,0.1514,0.085,0,0,-1.0,-0.09,0.09
3,Garrett Wilson,receiving_yards,120.0,yes,0.0396,0.18,0.2146,0.175,0,0,-1.0,-0.18,0.18
3,Geno Smith,anytime_td,1.0,yes,0.0908,0.1,0.1858,0.095,0,0,-1.0,-0.1,0.1
3,Geno Smith,passing_yards,350.0,yes,0.098,0.05,0.143,0.045,0,0,-1.0,-0.05,0.05
3,Geno Smith,passing_yards,325.0,yes,0.1128,0.09,0.1978,0.085,0,0,-1.0,-0.09,0.09
3,Geno Smith,passing_yards,300.0,yes,0.1288,0.14,0.2638,0.135,1,1,6.142857142857142,0.86,0.14
3,Geno Smith,passing_yards,275.0,yes,0.0945,0.25,0.3395,0.245,1,1,3.0,0.75,0.25
3,Geno Smith,passing_yards,250.0,yes,0.0472,0.38,0.4222,0.375,1,1,1.631578947368421,0.62,0.38
3,Geno Smith,passing_yards,200.0,no,-0.0705,0.34,0.5945,0.665,1,0,-1.0,-0.34,0.34
3,Geno Smith,passing_yards,175.0,no,-0.1089,0.22,0.6761,0.785,1,0,-1.0,-0.22,0.22
3,Geno Smith,passing_yards,150.0,no,-0.135,0.12,0.75,0.885,1,0,-1.0,-0.12,0.12
3,Geno Smith,rushing_yards,20.0,no,-0.0414,0.73,0.2336,0.275,0,1,0.36986301369863017,0.27,0.73
3,Geno Smith,rushing_yards,10.0,no,-0.1027,0.45,0.4573,0.56,1,0,-1.0,-0.45,0.45
3,Breece Hall,anytime_td,1.0,yes,0.0392,0.46,0.4942,0.455,0,0,-1.0,-0.46,0.46
3,Breece Hall,receiving_yards,15.0,no,-0.0388,0.36,0.6112,0.65,1,0,-1.0,-0.36,0.36
3,Breece Hall,rushing_yards,90.0,no,-0.0393,0.81,0.1557,0.195,0,1,0.23456790123456783,0.18999999999999995,0.81
3,Breece Hall,rushing_yards,80.0,no,-0.0709,0.74,0.1991,0.27,0,1,0.35135135135135137,0.26,0.74
3,Breece Hall,rushing_yards,70.0,no,-0.1114,0.64,0.2536,0.365,0,1,0.5625,0.36,0.64
3,Breece Hall,rushing_yards,60.0,no,-0.1735,0.51,0.3215,0.495,0,1,0.9607843137254901,0.49,0.51
3,Breece Hall,rushing_yards,50.0,no,-0.21,0.39,0.405,0.615,0,1,1.564102564102564,0.61,0.39
3,Breece Hall,rushing_yards,40.0,no,-0.2189,0.28,0.5061,0.725,0,1,2.571428571428571,0.72,0.28
3,Breece Hall,rushing_yards,30.0,no,-0.2093,0.17,0.6257,0.835,1,0,-1.0,-0.17,0.17
3,Braelon Allen,anytime_td,2.0,yes,0.0386,0.03,0.0636,0.025,0,0,-1.0,-0.03,0.03
3,Braelon Allen,anytime_td,1.0,yes,0.2026,0.23,0.4226,0.22,0,0,-1.0,-0.23,0.23
3,Braelon Allen,rushing_yards,20.0,no,-0.1675,0.56,0.2775,0.445,0,1,0.7857142857142856,0.43999999999999995,0.56
3,Braelon Allen,rushing_yards,15.0,no,-0.1746,0.45,0.3854,0.56,0,1,1.2222222222222223,0.55,0.45
3,Braelon Allen,rushing_yards,10.0,no,-0.1758,0.3,0.5342,0.71,1,0,-1.0,-0.3,0.3
3,Sione Vaki,anytime_td,1.0,no,-0.0886,0.89,0.0264,0.115,0,1,0.12359550561797751,0.10999999999999999,0.89
3,Sione Vaki,rushing_yards,30.0,no,-0.0695,0.89,0.0505,0.12,0,1,0.12359550561797751,0.10999999999999999,0.89
3,Sione Vaki,rushing_yards,25.0,no,-0.0919,0.83,0.0831,0.175,1,0,-1.0,-0.83,0.83
3,Sione Vaki,rushing_yards,20.0,no,-0.1233,0.75,0.1367,0.26,1,0,-1.0,-0.75,0.75
3,Sione Vaki,rushing_yards,10.0,no,-0.1389,0.5,0.3661,0.505,1,0,-1.0,-0.5,0.5
3,Sam LaPorta,receiving_yards,90.0,yes,0.0735,0.1,0.1635,0.09,0,0,-1.0,-0.1,0.1
3,Sam LaPorta,receiving_yards,70.0,yes,0.0521,0.23,0.2671,0.215,0,0,-1.0,-0.23,0.23
3,Sam LaPorta,receiving_yards,40.0,no,-0.0409,0.44,0.5291,0.57,1,0,-1.0,-0.44,0.44
3,Sam LaPorta,receiving_yards,25.0,no,-0.0709,0.22,0.7141,0.785,1,0,-1.0,-0.22,0.22
3,Sam LaPorta,receiving_yards,100.0,yes,0.0671,0.07,0.1271,0.06,0,0,-1.0,-0.07,0.07
3,Jameson Williams,anytime_td,2.0,no,-0.0439,0.94,0.0211,0.065,0,1,0.06382978723404262,0.06000000000000005,0.94
3,Jameson Williams,anytime_td,1.0,no,-0.0874,0.66,0.2576,0.345,0,1,0.515151515151515,0.33999999999999997,0.66
3,Jameson Williams,receiving_yards,90.0,yes,0.0638,0.2,0.2538,0.19,0,0,-1.0,-0.2,0.2
3,Jameson Williams,receiving_yards,80.0,yes,0.0443,0.27,0.3093,0.265,0,0,-1.0,-0.27,0.27
3,Jameson Williams,receiving_yards,70.0,yes,0.0398,0.34,0.3748,0.335,0,0,-1.0,-0.34,0.34
3,Jameson Williams,receiving_yards,120.0,yes,0.0667,0.08,0.1367,0.07,0,0,-1.0,-0.08,0.08
3,Jameson Williams,receiving_yards,100.0,yes,0.0723,0.14,0.2073,0.135,0,0,-1.0,-0.14,0.14
3,Jared Goff,anytime_td,1.0,yes,0.0912,0.05,0.1362,0.045,0,0,-1.0,-0.05,0.05
3,Jared Goff,passing_yards,400.0,yes,0.0633,0.03,0.0883,0.025,0,0,-1.0,-0.03,0.03
3,Jared Goff,passing_yards,350.0,yes,0.0883,0.1,0.1833,0.095,0,0,-1.0,-0.1,0.1
3,Jared Goff,passing_yards,325.0,yes,0.0836,0.17,0.2486,0.165,0,0,-1.0,-0.17,0.17
3,Jared Goff,passing_yards,300.0,yes,0.0397,0.29,0.3247,0.285,0,0,-1.0,-0.29,0.29
3,Jared Goff,passing_yards,250.0,no,-0.0624,0.45,0.4976,0.56,1,0,-1.0,-0.45,0.45
3,Jared Goff,passing_yards,225.0,no,-0.1086,0.31,0.5864,0.695,1,0,-1.0,-0.31,0.31
3,Jared Goff,passing_yards,200.0,no,-0.1341,0.2,0.6709,0.805,1,0,-1.0,-0.2,0.2
3,Jared Goff,passing_yards,175.0,no,-0.1375,0.12,0.7475,0.885,1,0,-1.0,-0.12,0.12
3,Jared Goff,rushing_yards,25.0,yes,0.1682,0.05,0.2082,0.04,0,0,-1.0,-0.05,0.05
3,Jared Goff,rushing_yards,15.0,yes,0.3006,0.1,0.3956,0.095,0,0,-1.0,-0.1,0.1
3,Jared Goff,rushing_yards,10.0,yes,0.3794,0.17,0.5444,0.165,0,0,-1.0,-0.17,0.17
3,Jahmyr Gibbs,anytime_td,2.0,no,-0.0491,0.66,0.2959,0.345,1,0,-1.0,-0.66,0.66
3,Jahmyr Gibbs,anytime_td,1.0,yes,0.0635,0.71,0.7685,0.705,1,1,0.4084507042253522,0.29000000000000004,0.71
3,Jahmyr Gibbs,receiving_yards,40.0,no,-0.0471,0.59,0.3729,0.42,1,0,-1.0,-0.59,0.59
3,Jahmyr Gibbs,receiving_yards,25.0,no,-0.0825,0.35,0.5775,0.66,1,0,-1.0,-0.35,0.35
3,Jahmyr Gibbs,receiving_yards,15.0,no,-0.0744,0.18,0.7506,0.825,1,0,-1.0,-0.18,0.18
3,Jahmyr Gibbs,rushing_yards,80.0,no,-0.0414,0.41,0.5536,0.595,1,0,-1.0,-0.41,0.41
3,Jahmyr Gibbs,rushing_yards,70.0,no,-0.0639,0.33,0.6161,0.68,1,0,-1.0,-0.33,0.33
3,Jahmyr Gibbs,rushing_yards,60.0,no,-0.0832,0.24,0.6818,0.765,1,0,-1.0,-0.24,0.24
3,Jahmyr Gibbs,rushing_yards,50.0,no,-0.1056,0.15,0.7494,0.855,1,0,-1.0,-0.15,0.15
3,Jahmyr Gibbs,rushing_yards,160.0,yes,0.1415,0.07,0.2065,0.065,0,0,-1.0,-0.07,0.07
3,Jahmyr Gibbs,rushing_yards,150.0,yes,0.1407,0.1,0.2357,0.095,0,0,-1.0,-0.1,0.1
3,Jahmyr Gibbs,rushing_yards,140.0,yes,0.1436,0.13,0.2686,0.125,0,0,-1.0,-0.13,0.13
3,Jahmyr Gibbs,rushing_yards,130.0,yes,0.1252,0.19,0.3052,0.18,0,0,-1.0,-0.19,0.19
3,Jahmyr Gibbs,rushing_yards,120.0,yes,0.1111,0.24,0.3461,0.235,0,0,-1.0,-0.24,0.24
3,Jahmyr Gibbs,rushing_yards,110.0,yes,0.0862,0.31,0.3912,0.305,0,0,-1.0,-0.31,0.31
3,Jahmyr Gibbs,rushing_yards,100.0,yes,0.0509,0.4,0.4409,0.39,0,0,-1.0,-0.4,0.4
3,Isaac TeSlaa,anytime_td,1.0,yes,0.0416,0.15,0.1866,0.145,0,0,-1.0,-0.15,0.15
3,Amon-Ra St. Brown,anytime_td,1.0,yes,0.0833,0.51,0.5883,0.505,1,1,0.9607843137254901,0.49,0.51
3,Amon-Ra St. Brown,receiving_yards,90.0,yes,0.0878,0.38,0.4578,0.37,0,0,-1.0,-0.38,0.38
3,Amon-Ra St. Brown,receiving_yards,80.0,yes,0.0439,0.48,0.5189,0.475,0,0,-1.0,-0.48,0.48
3,Amon-Ra St. Brown,receiving_yards,160.0,yes,0.1318,0.05,0.1718,0.04,0,0,-1.0,-0.05,0.05
3,Amon-Ra St. Brown,receiving_yards,150.0,yes,0.1342,0.07,0.1992,0.065,0,0,-1.0,-0.07,0.07
3,Amon-Ra St. Brown,receiving_yards,140.0,yes,0.1406,0.1,0.2306,0.09,0,0,-1.0,-0.1,0.1
3,Amon-Ra St. Brown,receiving_yards,130.0,yes,0.1412,0.13,0.2662,0.125,0,0,-1.0,-0.13,0.13
3,Amon-Ra St. Brown,receiving_yards,120.0,yes,0.1314,0.18,0.3064,0.175,0,0,-1.0,-0.18,0.18
3,Amon-Ra St. Brown,receiving_yards,110.0,yes,0.1366,0.22,0.3516,0.215,0,0,-1.0,-0.22,0.22
3,Amon-Ra St. Brown,receiving_yards,100.0,yes,0.1071,0.3,0.4021,0.295,0,0,-1.0,-0.3,0.3
3,Raheim Sanders,anytime_td,1.0,yes,0.1525,0.11,0.2575,0.105,0,0,-1.0,-0.11,0.11
3,Raheim Sanders,receiving_yards,25.0,yes,0.139,0.06,0.194,0.055,1,1,15.666666666666666,0.94,0.06
3,Raheim Sanders,receiving_yards,15.0,yes,0.2363,0.16,0.3913,0.155,1,1,5.25,0.84,0.16
3,Raheim Sanders,rushing_yards,25.0,yes,0.0458,0.14,0.1758,0.13,0,0,-1.0,-0.14,0.14
3,Raheim Sanders,rushing_yards,20.0,yes,0.0451,0.21,0.2501,0.205,0,0,-1.0,-0.21,0.21
3,Raheim Sanders,rushing_yards,15.0,yes,0.0554,0.31,0.3554,0.3,1,1,2.225806451612903,0.69,0.31
3,Raheim Sanders,rushing_yards,10.0,yes,0.0496,0.46,0.5046,0.455,1,1,1.173913043478261,0.54,0.46
3,Deshaun Watson,anytime_td,1.0,no,-0.0669,0.82,0.1181,0.185,0,1,0.2195121951219513,0.18000000000000005,0.82
3,Deshaun Watson,passing_yards,325.0,yes,0.1493,0.04,0.1793,0.03,0,0,-1.0,-0.04,0.04
3,Deshaun Watson,passing_yards,275.0,yes,0.2359,0.1,0.3309,0.095,0,0,-1.0,-0.1,0.1
3,Deshaun Watson,passing_yards,250.0,yes,0.262,0.17,0.422,0.16,0,0,-1.0,-0.17,0.17
3,Deshaun Watson,passing_yards,225.0,yes,0.2324,0.29,0.5174,0.285,0,0,-1.0,-0.29,0.29
3,Deshaun Watson,passing_yards,200.0,yes,0.1868,0.43,0.6118,0.425,0,0,-1.0,-0.43,0.43
3,Deshaun Watson,passing_yards,175.0,yes,0.115,0.59,0.7,0.585,0,0,-1.0,-0.59,0.59
3,Deshaun Watson,passing_yards,150.0,yes,0.0428,0.74,0.7778,0.735,0,0,-1.0,-0.74,0.74
3,Deshaun Watson,rushing_yards,60.0,no,-0.0712,0.93,0.0038,0.075,0,1,0.07526881720430102,0.06999999999999995,0.93
3,Deshaun Watson,rushing_yards,30.0,no,-0.3423,0.6,0.0627,0.405,1,0,-1.0,-0.6,0.6
3,Deshaun Watson,rushing_yards,25.0,no,-0.4053,0.5,0.0997,0.505,1,0,-1.0,-0.5,0.5
3,Deshaun Watson,rushing_yards,20.0,no,-0.4616,0.39,0.1584,0.62,1,0,-1.0,-0.39,0.39
3,Deshaun Watson,rushing_yards,15.0,no,-0.464,0.29,0.251,0.715,1,0,-1.0,-0.29,0.29
3,Deshaun Watson,rushing_yards,10.0,no,-0.4392,0.17,0.3958,0.835,1,0,-1.0,-0.17,0.17
3,Jalen Coker,anytime_td,1.0,no,-0.046,0.72,0.239,0.285,0,1,0.38888888888888895,0.28,0.72
3,Darren Waller,anytime_td,1.0,yes,0.0524,0.21,0.2574,0.205,0,0,-1.0,-0.21,0.21
3,Darren Waller,receiving_yards,40.0,yes,0.0624,0.21,0.2624,0.2,1,1,3.7619047619047623,0.79,0.21
3,Bryce Young,passing_yards,275.0,no,-0.0519,0.79,0.1681,0.22,1,0,-1.0,-0.79,0.79
3,Bryce Young,passing_yards,250.0,no,-0.0866,0.67,0.2484,0.335,1,0,-1.0,-0.67,0.67
3,Bryce Young,passing_yards,225.0,no,-0.1394,0.52,0.3456,0.485,1,0,-1.0,-0.52,0.52
3,Bryce Young,passing_yards,200.0,no,-0.1808,0.37,0.4542,0.635,1,0,-1.0,-0.37,0.37
3,Bryce Young,passing_yards,175.0,no,-0.1987,0.24,0.5663,0.765,1,0,-1.0,-0.24,0.24
3,Bryce Young,passing_yards,150.0,no,-0.1917,0.14,0.6733,0.865,1,0,-1.0,-0.14,0.14
3,Bryce Young,rushing_yards,25.0,no,-0.0669,0.75,0.1881,0.255,0,1,0.3333333333333333,0.25,0.75
3,Bryce Young,rushing_yards,20.0,no,-0.0705,0.67,0.2645,0.335,0,1,0.49253731343283574,0.32999999999999996,0.67
3,Bryce Young,rushing_yards,15.0,no,-0.0936,0.54,0.3714,0.465,0,1,0.8518518518518517,0.45999999999999996,0.54
3,Bryce Young,rushing_yards,10.0,no,-0.0996,0.39,0.5204,0.62,0,1,1.564102564102564,0.61,0.39
3,Malik Willis,anytime_td,1.0,no,-0.0971,0.8,0.1079,0.205,0,1,0.24999999999999994,0.19999999999999996,0.8
3,Malik Willis,passing_yards,275.0,yes,0.1481,0.08,0.2131,0.065,0,0,-1.0,-0.08,0.08
3,Malik Willis,passing_yards,250.0,yes,0.177,0.12,0.292,0.115,0,0,-1.0,-0.12,0.12
3,Malik Willis,passing_yards,225.0,yes,0.1723,0.22,0.3823,0.21,0,0,-1.0,-0.22,0.22
3,Malik Willis,passing_yards,200.0,yes,0.1345,0.35,0.4795,0.345,1,1,1.8571428571428574,0.65,0.35
3,Malik Willis,passing_yards,175.0,yes,0.0729,0.51,0.5779,0.505,1,1,0.9607843137254901,0.49,0.51
3,Malik Willis,passing_yards,125.0,no,-0.0492,0.2,0.7558,0.805,1,0,-1.0,-0.2,0.2
3,Malik Willis,rushing_yards,70.0,no,-0.085,0.92,0.0,0.085,0,1,0.08695652173913039,0.07999999999999996,0.92
3,Malik Willis,rushing_yards,50.0,no,-0.2394,0.77,0.0006,0.24,1,0,-1.0,-0.77,0.77
3,Malik Willis,rushing_yards,20.0,no,-0.6927,0.27,0.0473,0.74,1,0,-1.0,-0.27,0.27
3,Malik Willis,rushing_yards,15.0,no,-0.7223,0.19,0.0977,0.82,1,0,-1.0,-0.19,0.19
3,Greg Dulcich,anytime_td,1.0,yes,0.1093,0.17,0.2743,0.165,0,0,-1.0,-0.17,0.17
3,Greg Dulcich,receiving_yards,70.0,yes,0.1077,0.07,0.1627,0.055,0,0,-1.0,-0.07,0.07
3,Greg Dulcich,receiving_yards,40.0,yes,0.1608,0.25,0.4008,0.24,1,1,3.0,0.75,0.25
3,Greg Dulcich,receiving_yards,25.0,yes,0.1431,0.47,0.6031,0.46,1,1,1.1276595744680853,0.53,0.47
3,Greg Dulcich,receiving_yards,15.0,yes,0.1227,0.66,0.7677,0.645,1,1,0.515151515151515,0.33999999999999997,0.66
3,Tyquan Thornton,receiving_yards,70.0,yes,0.0721,0.08,0.1421,0.07,0,0,-1.0,-0.08,0.08
3,Tyquan Thornton,receiving_yards,60.0,yes,0.09,0.12,0.2,0.11,0,0,-1.0,-0.12,0.12
3,Tyquan Thornton,receiving_yards,50.0,yes,0.1126,0.17,0.2776,0.165,0,0,-1.0,-0.17,0.17
3,Tyquan Thornton,receiving_yards,40.0,yes,0.1336,0.25,0.3786,0.245,0,0,-1.0,-0.25,0.25
3,Tyquan Thornton,receiving_yards,25.0,yes,0.1589,0.42,0.5739,0.415,0,0,-1.0,-0.42,0.42
3,Tyquan Thornton,receiving_yards,15.0,yes,0.144,0.58,0.719,0.575,1,1,0.7241379310344829,0.42000000000000004,0.58
3,Patrick Mahomes,anytime_td,1.0,yes,0.064,0.2,0.259,0.195,0,0,-1.0,-0.2,0.2
3,Patrick Mahomes,passing_yards,350.0,yes,0.233,0.06,0.288,0.055,0,0,-1.0,-0.06,0.06
3,Patrick Mahomes,passing_yards,325.0,yes,0.2558,0.11,0.3608,0.105,0,0,-1.0,-0.11,0.11
3,Patrick Mahomes,passing_yards,300.0,yes,0.2739,0.17,0.4389,0.165,0,0,-1.0,-0.17,0.17
3,Patrick Mahomes,passing_yards,275.0,yes,0.2346,0.29,0.5196,0.285,0,0,-1.0,-0.29,0.29
3,Patrick Mahomes,passing_yards,250.0,yes,0.1844,0.42,0.5994,0.415,0,0,-1.0,-0.42,0.42
3,Patrick Mahomes,passing_yards,225.0,yes,0.1003,0.58,0.6753,0.575,1,1,0.7241379310344829,0.42000000000000004,0.58
3,Patrick Mahomes,passing_yards,150.0,no,-0.0389,0.11,0.8561,0.895,1,0,-1.0,-0.11,0.11
3,Patrick Mahomes,rushing_yards,40.0,yes,0.2114,0.1,0.3064,0.095,0,0,-1.0,-0.1,0.1
3,Patrick Mahomes,rushing_yards,30.0,yes,0.2237,0.21,0.4287,0.205,0,0,-1.0,-0.21,0.21
3,Patrick Mahomes,rushing_yards,25.0,yes,0.23,0.28,0.505,0.275,0,0,-1.0,-0.28,0.28
3,Patrick Mahomes,rushing_yards,20.0,yes,0.1975,0.4,0.5925,0.395,0,0,-1.0,-0.4,0.4
3,Patrick Mahomes,rushing_yards,15.0,yes,0.1563,0.54,0.6913,0.535,0,0,-1.0,-0.54,0.54
3,Patrick Mahomes,rushing_yards,10.0,yes,0.1351,0.67,0.8001,0.665,0,0,-1.0,-0.67,0.67
3,Jalen Royals,anytime_td,1.0,no,-0.0422,0.94,0.0228,0.065,0,1,0.06382978723404262,0.06000000000000005,0.94
3,Emmett Johnson,anytime_td,1.0,no,-0.1808,0.8,0.0242,0.205,0,1,0.24999999999999994,0.19999999999999996,0.8
3,Emmett Johnson,receiving_yards,40.0,no,-0.0694,0.94,0.0006,0.07,0,1,0.06382978723404262,0.06000000000000005,0.94
3,Emmett Johnson,receiving_yards,25.0,no,-0.1938,0.8,0.0112,0.205,0,1,0.24999999999999994,0.19999999999999996,0.8
3,Emmett Johnson,receiving_yards,15.0,no,-0.3229,0.61,0.0721,0.395,0,1,0.639344262295082,0.39,0.61
3,Emmett Johnson,rushing_yards,25.0,no,-0.3912,0.43,0.1838,0.575,0,1,1.3255813953488373,0.5700000000000001,0.43
3,Brashard Smith,anytime_td,1.0,yes,0.0509,0.04,0.0859,0.035,0,0,-1.0,-0.04,0.04
