player_id,season,week,team,opponent,position,snaps,team_snaps,routes,team_dropbacks,targets,team_targets,receptions,receiving_yards,air_yards,team_air_yards,carries,team_carries,rushing_yards,pass_attempts,passing_yards,rz_targets,team_rz_targets,rz_carries,team_rz_carries,inside5_carries,team_inside5_carries,rush_td,rec_td,pass_td,anytime_td
00-0023459,2026,1,PIT,ATL,QB,67.0,67.0,,40,0,37,0,0,0,388,3,21,-3,40,221,,5.0,,1.0,,0.0,0,0,1,0
00-0026498,2026,1,LA,SF,QB,51.0,60.714285714285715,,28,0,27,0,0,0,259,2,29,-1,25,155,,2.0,1.0,7.0,1.0,3.0,0,0,0,0
00-0029604,2026,1,LV,MIA,QB,68.0,68.0,,30,0,29,0,0,0,226,5,37,-6,30,160,,8.0,0.0,4.0,0.0,0.0,0,0,3,0
00-0030279,2026,1,IND,BAL,WR,36.0,53.731343283582085,,31,6,29,6,32,22,189,0,20,0,0,0,1.0,3.0,,5.0,,3.0,0,0,0,0
00-0030506,2026,1,KC,DEN,TE,49.0,69.01408450704226,,27,5,25,3,71,29,117,0,38,0,0,0,0.0,4.0,,6.0,,1.0,0,0,0,0
00-0030565,2026,1,NYJ,TEN,QB,67.0,67.0,,24,0,23,0,0,0,156,6,39,7,24,215,,1.0,1.0,6.0,0.0,3.0,0,0,0,0
00-0031381,2026,1,LA,SF,WR,33.0,61.11111111111111,,28,6,27,3,26,73,259,0,29,0,0,0,0.0,2.0,,7.0,,3.0,0,0,0,0
00-0031408,2026,1,SF,LA,WR,49.0,65.33333333333333,,34,7,33,6,49,55,150,0,30,0,0,0,2.0,8.0,,2.0,,0.0,0,1,0,1
00-0031588,2026,1,WAS,PHI,WR,44.0,69.84126984126983,,34,9,29,4,55,83,256,0,32,0,0,0,1.0,9.0,,7.0,,2.0,0,1,0,1
00-0031610,2026,1,CAR,CHI,TE,24.0,68.57142857142857,,38,2,34,2,28,8,336,0,22,0,0,0,0.0,5.0,,5.0,,1.0,0,0,0,0
00-0032104,2026,1,JAX,CLE,RB,5.0,55.55555555555556,,23,1,20,1,0,-3,223,4,31,32,0,0,0.0,2.0,0.0,1.0,0.0,0.0,0,0,0,0
00-0032398,2026,1,BAL,IND,WR,25.0,67.56756756756756,,25,2,24,1,53,68,270,0,37,0,0,0,0.0,4.0,,7.0,,3.0,0,0,0,0
00-0032464,2026,1,CHI,CAR,WR,45.0,75.0,,29,9,26,8,84,65,282,0,39,0,0,0,1.0,5.0,,10.0,,4.0,0,0,0,0
00-0032764,2026,1,BAL,IND,RB,37.0,68.51851851851852,,25,1,24,1,19,-1,270,24,37,144,0,0,0.0,4.0,6.0,7.0,2.0,3.0,3,0,0,1
00-0032775,2026,1,SF,LA,WR,41.0,65.07936507936508,,34,3,33,2,50,45,150,0,30,0,0,0,2.0,8.0,,2.0,,0.0,0,1,0,1
00-0032950,2026,1,MIN,GB,QB,54.0,65.06024096385542,,24,0,23,0,0,0,172,5,34,-1,19,133,,6.0,0.0,8.0,0.0,2.0,0,0,3,0
00-0032951,2026,1,IND,BAL,WR,19.0,54.28571428571429,,31,1,29,0,0,4,189,0,20,0,0,0,0.0,3.0,,5.0,,3.0,0,0,0,0
00-0033077,2026,1,DAL,NYG,QB,58.0,58.0,,34,0,30,0,0,0,242,2,18,14,34,175,,5.0,0.0,4.0,0.0,3.0,0,0,2,0
00-0033090,2026,1,NE,SEA,TE,54.0,71.05263157894737,,33,3,31,3,26,12,205,0,31,0,0,0,0.0,2.0,,0.0,,0.0,0,0,0,0
00-0033106,2026,1,DET,NO,QB,77.0,77.0,,39,0,39,0,0,0,207,2,33,2,39,206,,8.0,0.0,9.0,0.0,5.0,0,0,2,0
00-0033110,2026,1,LA,SF,TE,12.0,60.0,,28,2,27,2,12,9,259,0,29,0,0,0,0.0,2.0,,7.0,,3.0,0,0,0,0
00-0033119,2026,1,ARI,LAC,QB,75.0,75.0,,37,0,37,0,0,0,283,6,34,14,37,277,,7.0,0.0,6.0,0.0,2.0,0,0,1,0
00-0033280,2026,1,SF,LA,RB,36.0,65.45454545454545,,34,8,33,5,20,-3,150,10,30,68,0,0,0.0,8.0,2.0,2.0,0.0,0.0,0,0,0,0
00-0033288,2026,1,SF,LA,TE,30.0,65.21739130434783,,34,5,33,2,12,38,150,0,30,0,0,0,1.0,8.0,,2.0,,0.0,0,0,0,0
00-0033293,2026,1,MIN,GB,RB,30.0,65.21739130434783,,24,1,23,0,0,4,172,12,34,40,0,0,0.0,6.0,4.0,8.0,1.0,2.0,1,0,0,1
00-0033307,2026,1,ARI,LAC,WR,50.0,74.62686567164178,,37,8,37,8,75,40,283,0,34,0,0,0,1.0,7.0,,6.0,,2.0,0,0,0,0
00-0033319,2026,1,JAX,CLE,QB,7.0,58.333333333333336,,23,0,20,0,0,0,223,3,31,-3,0,0,,2.0,,1.0,,0.0,0,0,0,0
00-0033376,2026,1,NYG,DAL,RB,37.0,68.51851851851852,,29,1,29,0,0,-4,245,0,37,0,0,0,0.0,7.0,,5.0,,2.0,0,0,0,0
00-0033526,2026,1,CIN,TB,RB,18.0,64.28571428571428,,35,3,34,3,30,3,226,5,27,20,0,0,0.0,6.0,1.0,9.0,0.0,3.0,0,0,0,0
00-0033537,2026,1,CLE,JAX,QB,51.0,51.0,,22,0,22,0,0,0,228,6,22,38,22,205,,3.0,2.0,4.0,0.0,1.0,0,0,1,0
00-0033555,2026,1,NE,SEA,WR,50.0,71.42857142857143,,33,5,31,4,51,62,205,0,31,0,0,0,1.0,2.0,,0.0,,0.0,0,0,0,0
00-0033576,2026,1,SEA,NE,TE,10.0,50.0,,24,0,24,0,0,0,154,0,22,0,0,0,,3.0,,3.0,,0.0,0,0,0,0
00-0033662,2026,1,ATL,PIT,QB,60.0,60.0,,22,0,19,0,0,0,75,0,31,0,22,143,,,,,,,0,0,1,0
00-0033858,2026,1,GB,MIN,TE,32.0,68.08510638297872,,42,3,40,2,50,24,454,0,21,0,0,0,0.0,7.0,,3.0,,0.0,0,0,0,0
00-0033873,2026,1,KC,DEN,QB,69.0,69.0,,27,0,25,0,0,0,117,7,38,23,27,184,,4.0,2.0,6.0,0.0,1.0,1,0,2,1
00-0033881,2026,1,DEN,KC,TE,32.0,50.79365079365079,,28,5,27,4,43,18,104,0,15,0,0,0,1.0,3.0,,1.0,,0.0,0,1,0,1
00-0033885,2026,1,LAC,ARI,TE,30.0,54.54545454545454,,27,5,27,5,58,28,273,0,21,0,0,0,1.0,4.0,,7.0,,0.0,0,0,0,0
00-0033908,2026,1,SEA,NE,WR,39.0,50.0,,24,3,24,2,35,49,154,0,22,0,0,0,0.0,3.0,,3.0,,0.0,0,0,0,0
00-0033921,2026,1,TB,CIN,WR,49.0,56.97674418604651,,28,4,27,4,40,3,132,1,20,3,0,0,0.0,4.0,0.0,5.0,0.0,0.0,0,0,0,0
00-0034348,2026,1,DEN,KC,WR,39.0,51.31578947368421,,28,5,27,2,11,40,104,0,15,0,0,0,1.0,3.0,,1.0,,0.0,0,0,0,0
00-0034351,2026,1,PHI,WAS,TE,52.0,54.73684210526316,,25,5,22,4,77,52,215,0,25,0,0,0,2.0,3.0,,3.0,,0.0,0,2,0,1
00-0034383,2026,1,HOU,BUF,TE,52.0,78.78787878787878,,38,8,37,4,35,26,295,0,32,0,0,0,0.0,6.0,,5.0,,3.0,0,0,0,0
00-0034419,2026,1,NYG,DAL,WR,12.0,70.58823529411764,,29,0,29,0,0,0,245,0,37,0,0,0,,7.0,,5.0,,2.0,0,0,0,0
00-0034613,2026,1,CIN,TB,TE,6.0,66.66666666666667,,35,1,34,1,4,4,226,0,27,0,0,0,0.0,6.0,,9.0,,3.0,0,0,0,0
00-0034753,2026,1,BAL,IND,TE,49.0,68.05555555555556,,25,6,24,4,49,44,270,0,37,0,0,0,1.0,4.0,,7.0,,3.0,0,0,0,0
00-0034796,2026,1,BAL,IND,QB,68.0,68.0,,25,0,24,0,0,0,270,7,37,40,25,324,,4.0,1.0,7.0,1.0,3.0,1,0,1,1
00-0034798,2026,1,BAL,IND,TE,42.0,67.74193548387098,,25,1,24,1,4,4,270,0,37,0,0,0,1.0,4.0,,7.0,,3.0,0,0,0,0
00-0034827,2026,1,BUF,HOU,WR,44.0,57.89473684210526,,29,8,28,5,100,158,359,0,21,0,0,0,0.0,6.0,,3.0,,1.0,0,1,0,1
00-0034829,2026,1,CIN,TB,TE,21.0,63.63636363636363,,35,7,34,5,78,63,226,0,27,0,0,0,2.0,6.0,,9.0,,3.0,0,1,0,1
00-0034844,2026,1,PHI,WAS,RB,39.0,54.929577464788736,,25,2,22,1,-3,-1,215,15,25,83,0,0,0.0,3.0,2.0,3.0,0.0,0.0,0,0,0,0
00-0034854,2026,1,SF,LA,WR,1.0,50.0,,34,0,33,0,0,0,150,0,30,0,0,0,,8.0,,2.0,,0.0,0,0,0,0
00-0034855,2026,1,TB,CIN,QB,57.0,57.0,,28,0,27,0,0,0,132,5,20,30,28,216,,4.0,3.0,5.0,0.0,0.0,1,0,0,1
00-0034857,2026,1,BUF,HOU,QB,58.0,58.0,,29,0,28,0,0,0,359,6,21,23,29,334,,6.0,1.0,3.0,1.0,1.0,2,0,2,1
00-0034869,2026,1,SEA,NE,QB,5.0,50.0,,24,0,24,0,0,0,154,0,22,0,2,13,,3.0,,3.0,,0.0,0,0,0,0
00-0034960,2026,1,JAX,CLE,WR,37.0,56.92307692307692,,23,2,20,2,40,29,223,1,31,2,0,0,0.0,2.0,0.0,1.0,0.0,0.0,0,1,0,1
00-0034975,2026,1,BAL,IND,RB,31.0,67.39130434782608,,25,1,24,1,10,-1,270,6,37,18,0,0,0.0,4.0,0.0,7.0,0.0,3.0,0,0,0,0
00-0034981,2026,1,HOU,BUF,TE,35.0,79.54545454545455,,38,2,37,2,15,7,295,0,32,0,0,0,0.0,6.0,,5.0,,3.0,0,0,0,0
00-0035021,2026,1,IND,BAL,WR,10.0,52.63157894736842,,31,1,29,0,0,0,189,0,20,0,0,0,0.0,3.0,,5.0,,3.0,0,0,0,0
00-0035125,2026,1,LAC,ARI,FB,21.0,55.26315789473684,,27,0,27,0,0,0,273,0,21,0,0,0,,4.0,,7.0,,0.0,0,0,0,0
00-0035208,2026,1,ATL,PIT,WR,18.0,60.0,,22,1,19,1,5,5,75,0,31,0,0,0,0.0,,,,,,0,0,0,0
00-0035228,2026,1,MIN,GB,QB,11.0,64.70588235294117,,24,0,23,0,0,0,172,2,34,9,5,18,,6.0,0.0,8.0,0.0,2.0,0,0,0,0
00-0035229,2026,1,MIN,GB,TE,43.0,65.15151515151514,,24,5,23,4,36,17,172,0,34,0,0,0,2.0,6.0,,8.0,,2.0,0,1,0,1
00-0035249,2026,1,MIN,GB,TE,42.0,64.61538461538461,,24,4,23,2,22,13,172,0,34,0,0,0,0.0,6.0,,8.0,,2.0,0,0,0,0
00-0035250,2026,1,NYG,DAL,RB,25.0,69.44444444444444,,29,4,29,4,22,-16,245,6,37,16,0,0,2.0,7.0,1.0,5.0,0.0,2.0,0,1,0,1
00-0035261,2026,1,TEN,NYJ,RB,26.0,50.0,,32,2,28,1,-1,24,164,7,14,35,0,0,0.0,3.0,0.0,0.0,0.0,0.0,0,0,0,0
00-0035500,2026,1,BUF,HOU,WR,0.0,,,29,0,28,0,0,0,359,0,21,0,0,0,,6.0,,3.0,,1.0,0,0,0,0
00-0035544,2026,1,DET,NO,WR,0.0,,,39,0,39,0,0,0,207,0,33,0,0,0,,8.0,,9.0,,5.0,0,0,0,0
00-0035631,2026,1,CIN,TB,TE,42.0,63.63636363636363,,35,3,34,3,19,0,226,0,27,0,0,0,1.0,6.0,,9.0,,3.0,0,0,0,0
00-0035640,2026,1,PIT,ATL,WR,64.0,66.66666666666667,,40,10,37,4,40,204,388,0,21,0,0,0,0.0,5.0,,1.0,,0.0,0,0,0,0
00-0035644,2026,1,NO,DET,TE,37.0,90.2439024390244,,56,8,52,4,33,48,465,0,25,0,0,0,1.0,9.0,,4.0,,0.0,0,1,0,1
00-0035659,2026,1,WAS,PHI,WR,61.0,70.11494252873564,,34,4,29,2,14,22,256,0,32,0,0,0,1.0,9.0,,7.0,,2.0,0,0,0,0
00-0035676,2026,1,NE,SEA,WR,31.0,70.45454545454545,,33,4,31,3,26,19,205,0,31,0,0,0,0.0,2.0,,0.0,,0.0,0,0,0,0
00-0035685,2026,1,HOU,BUF,RB,39.0,79.59183673469389,,38,3,37,3,19,5,295,20,32,60,0,0,1.0,6.0,5.0,5.0,3.0,3.0,2,1,0,1
00-0035689,2026,1,BUF,HOU,TE,39.0,58.208955223880594,,29,1,28,1,7,2,359,0,21,0,0,0,0.0,6.0,,3.0,,1.0,0,0,0,0
00-0035704,2026,1,SEA,NE,QB,45.0,50.0,,24,0,24,0,0,0,154,2,22,13,22,187,,3.0,1.0,3.0,0.0,0.0,0,0,1,0
00-0035710,2026,1,IND,BAL,QB,54.0,54.0,,31,0,29,0,0,0,189,1,20,4,31,166,,3.0,0.0,5.0,0.0,3.0,0,0,1,0
00-0035719,2026,1,SF,LA,WR,27.0,64.28571428571429,,34,7,33,6,48,17,150,1,30,12,0,0,3.0,8.0,0.0,2.0,0.0,0.0,0,1,0,1
00-0035891,2026,1,LV,MIA,WR,,,,30,1,29,0,0,3,226,0,37,0,0,0,0.0,8.0,,4.0,,0.0,0,0,0,0
00-0036040,2026,1,NO,DET,TE,76.0,90.47619047619048,,56,7,52,3,54,77,465,0,25,0,0,0,3.0,9.0,,4.0,,0.0,0,1,0,1
00-0036139,2026,1,PIT,ATL,RB,39.0,67.24137931034483,,40,5,37,2,6,4,388,8,21,15,0,0,0.0,5.0,1.0,1.0,0.0,0.0,0,0,0,0
00-0036158,2026,1,DEN,KC,RB,22.0,51.16279069767442,,28,0,27,0,0,0,104,8,15,36,0,0,,3.0,0.0,1.0,0.0,0.0,0,0,0,0
00-0036223,2026,1,IND,BAL,RB,48.0,53.93258426966292,,31,4,29,3,23,0,189,19,20,98,0,0,0.0,3.0,5.0,5.0,3.0,3.0,2,0,0,1
00-0036244,2026,1,LA,SF,TE,47.0,61.03896103896104,,28,2,27,1,6,9,259,0,29,0,0,0,1.0,2.0,,7.0,,3.0,0,0,0,0
00-0036252,2026,1,PIT,ATL,WR,59.0,67.04545454545455,,40,3,37,3,58,33,388,0,21,0,0,0,0.0,5.0,,1.0,,0.0,0,0,0,0
00-0036259,2026,1,MIN,GB,WR,31.0,64.58333333333334,,24,1,23,0,0,30,172,0,34,0,0,0,0.0,6.0,,8.0,,2.0,0,0,0,0
00-0036264,2026,1,GB,MIN,QB,68.0,68.0,,42,0,40,0,0,0,454,1,21,0,42,387,,7.0,1.0,3.0,0.0,0.0,0,0,2,0
00-0036265,2026,1,CAR,CHI,RB,7.0,70.0,,38,0,34,0,0,0,336,5,22,28,0,0,,5.0,0.0,5.0,0.0,1.0,0,0,0,0
00-0036275,2026,1,CHI,CAR,RB,43.0,75.43859649122808,,29,1,26,1,10,4,282,18,39,124,0,0,0.0,5.0,6.0,10.0,3.0,4.0,3,0,0,1
00-0036290,2026,1,CHI,CAR,TE,43.0,75.43859649122808,,29,3,26,2,35,47,282,0,39,0,0,0,0.0,5.0,,10.0,,4.0,0,1,0,1
00-0036309,2026,1,NYG,DAL,WR,39.0,68.42105263157896,,29,2,29,2,27,25,245,0,37,0,0,0,0.0,7.0,,5.0,,2.0,0,0,0,0
00-0036322,2026,1,MIN,GB,WR,60.0,65.21739130434783,,24,9,23,8,92,80,172,0,34,0,0,0,3.0,6.0,,8.0,,2.0,0,2,0,1
00-0036331,2026,1,ARI,LAC,WR,0.0,,,37,0,37,0,0,0,283,0,34,0,0,0,,7.0,,6.0,,2.0,0,0,0,0
00-0036355,2026,1,LAC,ARI,QB,55.0,55.0,,27,0,27,0,0,0,273,5,21,29,27,209,,4.0,3.0,7.0,0.0,0.0,0,0,1,0
00-0036358,2026,1,DAL,NYG,WR,47.0,58.02469135802469,,34,8,30,5,44,90,242,1,18,0,0,0,2.0,5.0,0.0,4.0,0.0,3.0,0,1,0,1
00-0036389,2026,1,PHI,WAS,QB,55.0,55.0,,25,0,22,0,0,0,215,7,25,46,25,203,,3.0,0.0,3.0,0.0,0.0,0,0,3,0
00-0036407,2026,1,CLE,JAX,WR,32.0,50.79365079365079,,22,4,22,2,26,40,228,0,22,0,0,0,0.0,3.0,,4.0,,1.0,0,0,0,0
00-0036410,2026,1,CIN,TB,WR,46.0,63.88888888888889,,35,6,34,3,59,117,226,0,27,0,0,0,0.0,6.0,,9.0,,3.0,0,0,0,0
00-0036422,2026,1,DEN,KC,TE,19.0,51.351351351351354,,28,3,27,2,10,-1,104,0,15,0,0,0,0.0,3.0,,1.0,,0.0,0,0,0,0
00-0036425,2026,1,MIN,GB,RB,6.0,66.66666666666667,,24,1,23,1,1,1,172,0,34,0,0,0,0.0,6.0,,8.0,,2.0,0,0,0,0
00-0036442,2026,1,CIN,TB,QB,64.0,64.0,,35,0,34,0,0,0,226,5,27,20,35,254,,6.0,3.0,9.0,0.0,3.0,0,0,1,0
00-0036463,2026,1,ATL,PIT,WR,10.0,58.8235294117647,,22,0,19,0,0,0,75,0,31,0,0,0,,,,,,,0,0,0,0
00-0036550,2026,1,BAL,IND,WR,53.0,67.94871794871794,,25,1,24,0,0,23,270,0,37,0,0,0,0.0,4.0,,7.0,,3.0,0,0,0,0
00-0036554,2026,1,HOU,BUF,WR,57.0,79.16666666666667,,38,10,37,7,75,120,295,1,32,7,0,0,2.0,6.0,0.0,5.0,0.0,3.0,0,1,0,1
00-0036555,2026,1,CAR,CHI,RB,48.0,67.60563380281691,,38,3,34,3,38,0,336,10,22,49,0,0,1.0,5.0,3.0,5.0,1.0,1.0,1,1,0,1
00-0036590,2026,1,JAX,CLE,TE,24.0,57.142857142857146,,23,1,20,0,0,2,223,0,31,0,0,0,0.0,2.0,,1.0,,0.0,0,0,0,0
00-0036613,2026,1,DEN,KC,WR,38.0,50.666666666666664,,28,3,27,1,2,13,104,0,15,0,0,0,0.0,3.0,,1.0,,0.0,0,0,0,0
00-0036626,2026,1,WAS,PHI,WR,37.0,69.81132075471697,,34,2,29,0,0,64,256,0,32,0,0,0,0.0,9.0,,7.0,,2.0,0,0,0,0
00-0036628,2026,1,WAS,PHI,TE,34.0,69.38775510204081,,34,3,29,2,13,6,256,0,32,0,0,0,2.0,9.0,,7.0,,2.0,0,0,0,0
00-0036637,2026,1,KC,DEN,TE,38.0,69.09090909090908,,27,1,25,1,5,5,117,0,38,0,0,0,0.0,4.0,,6.0,,1.0,0,0,0,0
00-0036646,2026,1,ARI,LAC,WR,6.0,75.0,,37,0,37,0,0,0,283,0,34,0,0,0,,7.0,,6.0,,2.0,0,0,0,0
00-0036754,2026,1,DET,NO,TE,39.0,76.47058823529412,,39,1,39,1,5,2,207,0,33,0,0,0,0.0,8.0,,9.0,,5.0,0,0,0,0
00-0036825,2026,1,CAR,CHI,TE,5.0,71.42857142857142,,38,0,34,0,0,0,336,0,22,0,0,0,,5.0,,5.0,,1.0,0,0,0,0
00-0036875,2026,1,NE,SEA,RB,60.0,70.58823529411765,,33,6,31,5,44,-6,205,18,31,51,0,0,0.0,2.0,0.0,0.0,0.0,0.0,0,0,0,0
00-0036887,2026,1,SF,LA,TE,46.0,64.7887323943662,,34,2,33,2,19,3,150,0,30,0,0,0,0.0,8.0,,2.0,,0.0,0,0,0,0
00-0036894,2026,1,PIT,ATL,TE,49.0,67.12328767123287,,40,5,37,5,46,21,388,0,21,0,0,0,2.0,5.0,,1.0,,0.0,0,1,0,1
00-0036900,2026,1,CIN,TB,WR,60.0,63.829787234042556,,35,4,34,2,12,34,226,0,27,0,0,0,1.0,6.0,,9.0,,3.0,0,0,0,0
00-0036912,2026,1,PHI,WAS,WR,52.0,54.73684210526316,,25,6,22,3,53,79,215,0,25,0,0,0,0.0,3.0,,3.0,,0.0,0,0,0,0
00-0036919,2026,1,TB,CIN,RB,26.0,56.52173913043478,,28,1,27,1,3,-5,132,5,20,15,0,0,0.0,4.0,0.0,5.0,0.0,0.0,0,0,0,0
00-0036963,2026,1,DET,NO,WR,69.0,76.66666666666667,,39,14,39,10,67,70,207,0,33,0,0,0,4.0,8.0,,9.0,,5.0,0,2,0,1
00-0036970,2026,1,ATL,PIT,TE,38.0,60.317460317460316,,22,1,19,0,0,26,75,0,31,0,0,0,0.0,,,,,,0,0,0,0
00-0036971,2026,1,JAX,CLE,QB,50.0,56.81818181818182,,23,0,20,0,0,0,223,2,31,3,23,245,,2.0,0.0,1.0,0.0,0.0,0,0,4,0
00-0036973,2026,1,NO,DET,RB,53.0,89.83050847457628,,56,9,52,7,32,-2,465,9,25,46,0,0,2.0,9.0,1.0,4.0,0.0,0.0,0,0,0,0
00-0036988,2026,1,BUF,HOU,WR,18.0,58.064516129032256,,29,2,28,1,34,62,359,0,21,0,0,0,0.0,6.0,,3.0,,1.0,0,1,0,1
00-0036997,2026,1,DAL,NYG,RB,41.0,57.74647887323944,,34,5,30,5,31,-11,242,12,18,41,0,0,2.0,5.0,3.0,4.0,3.0,3.0,1,1,0,1
00-0037004,2026,1,ARI,LAC,TE,26.0,74.28571428571429,,37,0,37,0,0,0,283,0,34,0,0,0,,7.0,,6.0,,2.0,0,0,0,0
00-0037005,2026,1,CAR,CHI,TE,38.0,67.85714285714285,,38,5,34,3,25,23,336,0,22,0,0,0,0.0,5.0,,5.0,,1.0,0,0,0,0
00-0037091,2026,1,GB,MIN,WR,8.0,66.66666666666667,,42,1,40,1,10,10,454,0,21,0,0,0,0.0,7.0,,3.0,,0.0,0,0,0,0
00-0037093,2026,1,LV,MIA,WR,10.0,66.66666666666667,,30,0,29,0,0,0,226,0,37,0,0,0,,8.0,,4.0,,0.0,0,0,0,0
00-0037132,2026,1,PHI,WAS,WR,0.0,,,25,0,22,0,0,0,215,0,25,0,0,0,,3.0,,3.0,,0.0,0,0,0,0
00-0037228,2026,1,PIT,ATL,RB,25.0,67.56756756756756,,40,6,37,5,27,-6,388,10,21,46,0,0,2.0,5.0,0.0,1.0,0.0,0.0,0,0,0,0
00-0037238,2026,1,ATL,PIT,WR,59.0,60.204081632653065,,22,4,19,2,29,22,75,1,31,6,0,0,0.0,,0.0,,0.0,,0,0,0,0
00-0037239,2026,1,NO,DET,WR,77.0,89.53488372093024,,56,13,52,10,182,234,465,0,25,0,0,0,1.0,9.0,,4.0,,0.0,0,0,0,0
00-0037240,2026,1,DET,NO,WR,65.0,77.38095238095238,,39,9,39,4,45,127,207,0,33,0,0,0,1.0,8.0,,9.0,,5.0,0,0,0,0
00-0037247,2026,1,DAL,NYG,WR,49.0,58.333333333333336,,34,6,30,3,28,104,242,0,18,0,0,0,0.0,5.0,,4.0,,3.0,0,0,0,0
00-0037248,2026,1,BUF,HOU,RB,42.0,58.333333333333336,,29,4,28,3,12,-4,359,13,21,57,0,0,1.0,6.0,2.0,3.0,0.0,1.0,0,0,0,0
00-0037252,2026,1,MIA,LV,TE,43.0,55.84415584415584,,27,2,27,2,18,1,309,0,18,0,0,0,0.0,1.0,,4.0,,0.0,0,0,0,0
00-0037256,2026,1,WAS,PHI,RB,29.0,70.73170731707317,,34,2,29,2,5,-10,256,7,32,22,0,0,1.0,9.0,1.0,7.0,0.0,2.0,0,0,0,0
00-0037261,2026,1,BUF,HOU,WR,31.0,58.490566037735846,,29,6,28,4,50,39,359,0,21,0,0,0,3.0,6.0,,3.0,,1.0,0,0,0,0
00-0037263,2026,1,ARI,LAC,RB,44.0,74.57627118644068,,37,2,37,2,9,-5,283,17,34,61,0,0,1.0,7.0,3.0,6.0,1.0,2.0,0,0,0,0
00-0037291,2026,1,LV,MIA,WR,41.0,68.33333333333334,,30,5,29,3,27,64,226,0,37,0,0,0,0.0,8.0,,4.0,,0.0,0,0,0,0
00-0037292,2026,1,IND,BAL,TE,6.0,54.54545454545455,,31,1,29,0,0,3,189,0,20,0,0,0,0.0,3.0,,5.0,,3.0,0,0,0,0
00-0037304,2026,1,LV,MIA,FB,32.0,68.08510638297872,,30,0,29,0,0,0,226,1,37,1,0,0,,8.0,0.0,4.0,0.0,0.0,0,0,0,0
00-0037317,2026,1,ATL,PIT,TE,5.0,62.5,,22,0,19,0,0,0,75,0,31,0,0,0,,,,,,,0,0,0,0
00-0037380,2026,1,CHI,CAR,WR,10.0,76.92307692307692,,29,0,26,0,0,0,282,0,39,0,0,0,,5.0,,10.0,,4.0,0,0,0,0
00-0037524,2026,1,DET,NO,WR,0.0,,,39,0,39,0,0,0,207,0,33,0,0,0,,8.0,,9.0,,5.0,0,0,0,0
00-0037525,2026,1,MIN,GB,RB,29.0,64.44444444444444,,24,0,23,0,0,0,172,15,34,59,0,0,,6.0,4.0,8.0,1.0,2.0,1,0,0,1
00-0037545,2026,1,SEA,NE,WR,33.0,50.0,,24,3,24,1,4,19,154,0,22,0,0,0,0.0,3.0,,3.0,,0.0,0,0,0,0
00-0037557,2026,1,LA,SF,RB,8.0,61.53846153846153,,28,1,27,1,5,2,259,5,29,19,0,0,0.0,2.0,2.0,7.0,0.0,3.0,0,0,0,0
00-0037664,2026,1,IND,BAL,WR,32.0,54.237288135593225,,31,6,29,4,61,103,189,0,20,0,0,0,1.0,3.0,,5.0,,3.0,0,0,0,0
00-0037740,2026,1,NYJ,TEN,WR,50.0,66.66666666666667,,24,7,23,6,79,77,156,0,39,0,0,0,0.0,1.0,,6.0,,3.0,0,0,0,0
00-0037741,2026,1,ATL,PIT,WR,38.0,60.317460317460316,,22,3,19,1,19,52,75,0,31,0,0,0,0.0,,,,,,0,0,0,0
00-0037744,2026,1,ARI,LAC,TE,60.0,75.0,,37,13,37,9,95,89,283,0,34,0,0,0,4.0,7.0,,6.0,,2.0,0,1,0,1
00-0037746,2026,1,ATL,PIT,RB,15.0,60.0,,22,0,19,0,0,0,75,9,31,31,0,0,,,0.0,,0.0,,0,0,0,0
00-0037801,2026,1,DAL,NYG,WR,8.0,57.14285714285714,,34,1,30,1,8,1,242,0,18,0,0,0,0.0,5.0,,4.0,,3.0,0,0,0,0
00-0037805,2026,1,NYJ,TEN,TE,29.0,67.44186046511628,,24,1,23,1,4,1,156,0,39,0,0,0,0.0,1.0,,6.0,,3.0,0,0,0,0
00-0037809,2026,1,WAS,PHI,TE,39.0,69.64285714285714,,34,3,29,2,16,39,256,0,32,0,0,0,0.0,9.0,,7.0,,2.0,0,0,0,0
00-0037816,2026,1,NE,SEA,WR,40.0,71.42857142857142,,33,3,31,0,0,75,205,0,31,0,0,0,0.0,2.0,,0.0,,0.0,0,0,0,0
00-0037834,2026,1,SF,LA,QB,65.0,65.0,,34,0,33,0,0,0,150,5,30,29,34,205,,8.0,0.0,2.0,0.0,0.0,0,0,3,0
00-0037838,2026,1,NYG,DAL,TE,34.0,69.38775510204081,,29,8,29,8,78,64,245,0,37,0,0,0,4.0,7.0,,5.0,,2.0,0,2,0,1
00-0037840,2026,1,LA,SF,RB,39.0,60.9375,,28,3,27,3,24,7,259,11,29,41,0,0,0.0,2.0,4.0,7.0,2.0,3.0,1,0,0,1
00-0038041,2026,1,DAL,NYG,TE,44.0,57.89473684210526,,34,2,30,2,6,6,242,0,18,0,0,0,1.0,5.0,,4.0,,3.0,0,0,0,0
00-0038046,2026,1,LAC,ARI,TE,30.0,54.54545454545454,,27,0,27,0,0,0,273,0,21,0,0,0,,4.0,,7.0,,0.0,0,0,0,0
00-0038090,2026,1,GB,MIN,WR,4.0,66.66666666666667,,42,1,40,0,0,12,454,0,21,0,0,0,1.0,7.0,,3.0,,0.0,0,0,0,0
00-0038102,2026,1,CAR,CHI,QB,7.0,70.0,,38,0,34,0,0,0,336,1,22,24,1,0,,5.0,0.0,5.0,0.0,1.0,0,0,0,0
00-0038104,2026,1,KC,DEN,WR,47.0,69.11764705882352,,27,1,25,0,0,36,117,0,38,0,0,0,0.0,4.0,,6.0,,1.0,0,0,0,0
00-0038115,2026,1,TEN,NYJ,TE,14.0,49.99999999999999,,32,1,28,1,7,1,164,0,14,0,0,0,0.0,3.0,,0.0,,0.0,0,0,0,0
00-0038117,2026,1,TEN,NYJ,WR,41.0,50.0,,32,6,28,5,38,23,164,0,14,0,0,0,0.0,3.0,,0.0,,0.0,0,0,0,0
00-0038120,2026,1,NYJ,TEN,RB,39.0,67.24137931034483,,24,2,23,2,16,3,156,22,39,102,0,0,0.0,1.0,4.0,6.0,2.0,3.0,1,0,0,1
00-0038124,2026,1,GB,MIN,WR,52.0,68.42105263157895,,42,8,40,6,147,127,454,0,21,0,0,0,1.0,7.0,,3.0,,0.0,0,2,0,1
00-0038128,2026,1,MIA,LV,QB,56.0,56.0,,27,0,27,0,0,0,309,6,18,39,27,220,,1.0,1.0,4.0,0.0,0.0,1,0,0,1
00-0038129,2026,1,TB,CIN,TE,56.0,57.142857142857146,,28,5,27,3,26,32,132,0,20,0,0,0,2.0,4.0,,5.0,,0.0,0,0,0,0
00-0038134,2026,1,KC,DEN,RB,47.0,69.11764705882352,,27,6,25,3,18,-2,117,23,38,173,0,0,1.0,4.0,3.0,6.0,1.0,1.0,1,1,0,1
00-0038359,2026,1,LA,SF,WR,16.0,61.53846153846153,,28,0,27,0,0,0,259,0,29,0,0,0,,2.0,,7.0,,3.0,0,0,0,0
00-0038393,2026,1,PHI,WAS,WR,50.0,54.94505494505494,,25,4,22,2,73,79,215,0,25,0,0,0,1.0,3.0,,3.0,,0.0,0,1,0,1
00-0038454,2026,1,LAC,ARI,RB,17.0,54.83870967741935,,27,0,27,0,0,0,273,4,21,9,0,0,,4.0,2.0,7.0,0.0,0.0,0,0,0,0
00-0038488,2026,1,SEA,NE,RB,17.0,49.99999999999999,,24,2,24,2,20,6,154,0,22,0,0,0,0.0,3.0,,3.0,,0.0,0,0,0,0
00-0038489,2026,1,KC,DEN,RB,3.0,75.0,,27,0,25,0,0,0,117,0,38,0,0,0,,4.0,,6.0,,1.0,0,0,0,0
00-0038519,2026,1,KC,DEN,WR,0.0,,,27,0,25,0,0,0,117,0,38,0,0,0,,4.0,,6.0,,1.0,0,0,0,0
00-0038542,2026,1,ATL,PIT,RB,46.0,59.74025974025974,,22,10,19,8,90,-30,75,21,31,83,0,0,0.0,,0.0,,0.0,,0,1,0,1
00-0038543,2026,1,SEA,NE,WR,45.0,50.0,,24,11,24,8,122,76,154,0,22,0,0,0,3.0,3.0,,3.0,,0.0,0,1,0,1
00-0038544,2026,1,LAC,ARI,WR,43.0,55.128205128205124,,27,6,27,2,17,39,273,0,21,0,0,0,0.0,4.0,,7.0,,0.0,0,0,0,0
00-0038547,2026,1,DAL,NYG,TE,13.0,59.09090909090909,,34,1,30,1,12,12,242,0,18,0,0,0,0.0,5.0,,4.0,,3.0,0,0,0,0
00-0038551,2026,1,NO,DET,RB,26.0,89.65517241379311,,56,0,52,0,0,0,465,9,25,30,0,0,,9.0,2.0,4.0,0.0,0.0,1,0,0,1
00-0038555,2026,1,PHI,WAS,RB,6.0,54.54545454545455,,25,0,22,0,0,0,215,1,25,3,0,0,,3.0,1.0,3.0,0.0,0.0,0,0,0,0
00-0038558,2026,1,PIT,ATL,TE,43.0,67.1875,,40,2,37,2,18,6,388,0,21,0,0,0,0.0,5.0,,1.0,,0.0,0,0,0,0
00-0038559,2026,1,ARI,LAC,WR,64.0,75.29411764705883,,37,7,37,5,56,83,283,0,34,0,0,0,0.0,7.0,,6.0,,2.0,0,0,0,0
00-0038563,2026,1,LV,MIA,WR,48.0,67.60563380281691,,30,4,29,2,27,50,226,0,37,0,0,0,1.0,8.0,,4.0,,0.0,0,0,0,0
00-0038573,2026,1,LAC,ARI,WR,10.0,55.55555555555556,,27,1,27,0,0,55,273,0,21,0,0,0,0.0,4.0,,7.0,,0.0,0,0,0,0
00-0038597,2026,1,CIN,TB,RB,46.0,63.88888888888889,,35,6,34,5,22,-12,226,16,27,56,0,0,1.0,6.0,5.0,9.0,3.0,3.0,1,0,0,1
00-0038606,2026,1,JAX,CLE,WR,35.0,57.37704918032787,,23,6,20,5,83,102,223,0,31,0,0,0,0.0,2.0,,1.0,,0.0,0,1,0,1
00-0038608,2026,1,HOU,BUF,WR,36.0,78.26086956521739,,38,2,37,1,21,32,295,0,32,0,0,0,0.0,6.0,,5.0,,3.0,0,0,0,0
00-0038611,2026,1,JAX,CLE,RB,23.0,57.5,,23,0,20,0,0,0,223,6,31,23,0,0,,2.0,1.0,1.0,0.0,0.0,0,0,0,0
00-0038618,2026,1,HOU,BUF,WR,44.0,78.57142857142857,,38,6,37,3,32,57,295,0,32,0,0,0,0.0,6.0,,5.0,,3.0,0,0,0,0
00-0038619,2026,1,CIN,TB,WR,39.0,63.9344262295082,,35,3,34,2,12,15,226,0,27,0,0,0,1.0,6.0,,9.0,,3.0,0,0,0,0
00-0038621,2026,1,NE,SEA,WR,44.0,70.96774193548387,,33,7,31,5,20,44,205,0,31,0,0,0,0.0,2.0,,0.0,,0.0,0,0,0,0
00-0038685,2026,1,GB,MIN,RB,38.0,67.85714285714285,,42,1,40,0,0,-6,454,7,21,29,0,0,0.0,7.0,1.0,3.0,0.0,0.0,0,0,0,0
00-0038705,2026,1,DAL,NYG,RB,5.0,55.55555555555556,,34,0,30,0,0,0,242,2,18,7,0,0,,5.0,1.0,4.0,0.0,3.0,0,0,0,0
00-0038710,2026,1,CLE,JAX,TE,20.0,51.28205128205128,,22,1,22,1,14,6,228,0,22,0,0,0,0.0,3.0,,4.0,,1.0,0,0,0,0
00-0038728,2026,1,HOU,BUF,WR,25.0,78.125,,38,1,37,1,12,12,295,0,32,0,0,0,1.0,6.0,,5.0,,3.0,0,0,0,0
00-0038738,2026,1,DAL,NYG,RB,15.0,57.69230769230769,,34,0,30,0,0,0,242,1,18,7,0,0,,5.0,0.0,4.0,0.0,3.0,0,0,0,0
00-0038783,2026,1,DEN,KC,TE,13.0,52.0,,28,0,27,0,0,0,104,0,15,0,0,0,,3.0,,1.0,,0.0,0,0,0,0
00-0038797,2026,1,SEA,NE,RB,3.0,50.0,,24,0,24,0,0,0,154,2,22,3,0,0,,3.0,0.0,3.0,0.0,0.0,0,0,0,0
00-0038840,2026,1,CAR,CHI,WR,12.0,66.66666666666667,,38,0,34,0,0,0,336,0,22,0,0,0,,5.0,,5.0,,1.0,0,0,0,0
00-0038896,2026,1,DET,NO,RB,0.0,,,39,0,39,0,0,0,207,0,33,0,0,0,,8.0,,9.0,,5.0,0,0,0,0
00-0038933,2026,1,BUF,HOU,TE,42.0,58.333333333333336,,29,6,28,5,130,98,359,0,21,0,0,0,0.0,6.0,,3.0,,1.0,0,0,0,0
00-0038935,2026,1,JAX,CLE,TE,39.0,57.35294117647059,,23,3,20,2,23,34,223,0,31,0,0,0,1.0,2.0,,1.0,,0.0,0,1,0,1
00-0038976,2026,1,DEN,KC,WR,9.0,50.0,,28,0,27,0,0,0,104,0,15,0,0,0,,3.0,,1.0,,0.0,0,0,0,0
00-0038994,2026,1,MIN,GB,WR,54.0,65.06024096385542,,24,2,23,0,0,27,172,0,34,0,0,0,1.0,6.0,,8.0,,2.0,0,0,0,0
00-0038996,2026,1,GB,MIN,TE,45.0,68.18181818181817,,42,6,40,3,65,82,454,0,21,0,0,0,0.0,7.0,,3.0,,0.0,0,0,0,0
00-0038997,2026,1,IND,BAL,WR,48.0,53.93258426966292,,31,4,29,2,37,36,189,0,20,0,0,0,0.0,3.0,,5.0,,3.0,0,0,0,0
00-0039021,2026,1,CHI,CAR,RB,0.0,,,29,0,26,0,0,0,282,0,39,0,0,0,,5.0,,10.0,,4.0,0,0,0,0
00-0039032,2026,1,TEN,NYJ,RB,25.0,50.0,,32,4,28,2,12,-12,164,3,14,12,0,0,0.0,3.0,0.0,0.0,0.0,0.0,0,0,0,0
00-0039040,2026,1,MIA,LV,RB,48.0,55.81395348837209,,27,5,27,4,30,4,309,11,18,36,0,0,0.0,1.0,3.0,4.0,0.0,0.0,0,0,0,0
00-0039062,2026,1,DAL,NYG,WR,11.0,57.89473684210526,,34,1,30,1,10,11,242,0,18,0,0,0,0.0,5.0,,4.0,,3.0,0,0,0,0
00-0039064,2026,1,BAL,IND,WR,20.0,68.96551724137932,,25,6,24,5,150,91,270,0,37,0,0,0,0.0,4.0,,7.0,,3.0,0,1,0,1
00-0039065,2026,1,DET,NO,TE,62.0,76.5432098765432,,39,8,39,5,48,7,207,0,33,0,0,0,2.0,8.0,,9.0,,5.0,0,0,0,0
00-0039066,2026,1,LV,MIA,TE,55.0,67.90123456790123,,30,7,29,6,32,28,226,0,37,0,0,0,1.0,8.0,,4.0,,0.0,0,0,0,0
00-0039067,2026,1,KC,DEN,WR,57.0,68.67469879518073,,27,2,25,2,19,6,117,0,38,0,0,0,1.0,4.0,,6.0,,1.0,0,1,0,1
00-0039074,2026,1,LA,SF,TE,21.0,61.764705882352935,,28,1,27,1,13,-1,259,0,29,0,0,0,0.0,2.0,,7.0,,3.0,0,0,0,0
00-0039075,2026,1,LA,SF,WR,43.0,61.42857142857143,,28,9,27,5,74,115,259,0,29,0,0,0,1.0,2.0,,7.0,,3.0,0,0,0,0
00-0039107,2026,1,LA,SF,QB,10.0,62.5,,28,0,27,0,0,0,259,1,29,9,3,13,,2.0,0.0,7.0,0.0,3.0,0,0,0,0
00-0039139,2026,1,DET,NO,RB,57.0,77.02702702702703,,39,5,39,5,30,-4,207,29,33,156,0,0,0.0,8.0,8.0,9.0,5.0,5.0,2,0,0,1
00-0039146,2026,1,GB,MIN,WR,39.0,68.42105263157896,,42,7,40,3,20,50,454,0,21,0,0,0,1.0,7.0,,3.0,,0.0,0,0,0,0
00-0039150,2026,1,CAR,CHI,QB,61.0,67.77777777777777,,38,0,34,0,0,0,336,2,22,10,37,361,,5.0,2.0,5.0,0.0,1.0,1,0,3,1
00-0039163,2026,1,HOU,BUF,QB,79.0,79.0,,38,0,37,0,0,0,295,2,32,15,38,274,,6.0,0.0,5.0,0.0,3.0,0,0,2,0
00-0039299,2026,1,SEA,NE,RB,23.0,50.0,,24,1,24,0,0,6,154,8,22,29,0,0,0.0,3.0,2.0,3.0,0.0,0.0,0,0,0,0
00-0039337,2026,1,NYG,DAL,WR,36.0,69.23076923076923,,29,9,29,6,69,103,245,0,37,0,0,0,1.0,7.0,,5.0,,2.0,0,0,0,0
00-0039342,2026,1,CAR,CHI,WR,36.0,67.9245283018868,,38,2,34,0,0,20,336,0,22,0,0,0,0.0,5.0,,5.0,,1.0,0,0,0,0
00-0039344,2026,1,CAR,CHI,RB,13.0,68.42105263157895,,38,2,34,1,48,30,336,4,22,14,0,0,0.0,5.0,0.0,5.0,0.0,1.0,0,0,0,0
00-0039359,2026,1,HOU,BUF,TE,24.0,80.0,,38,1,37,1,-2,-2,295,0,32,0,0,0,0.0,6.0,,5.0,,3.0,0,0,0,0
00-0039361,2026,1,TB,CIN,RB,35.0,57.37704918032787,,28,7,27,7,48,-25,132,8,20,45,0,0,0.0,4.0,2.0,5.0,0.0,0.0,1,0,0,1
00-0039364,2026,1,DET,NO,RB,22.0,75.86206896551725,,39,1,39,1,11,2,207,2,33,7,0,0,0.0,8.0,1.0,9.0,0.0,5.0,0,0,0,0
00-0039365,2026,1,SF,LA,WR,5.0,62.5,,34,0,33,0,0,0,150,0,30,0,0,0,,8.0,,2.0,,0.0,0,0,0,0
00-0039384,2026,1,NYG,DAL,RB,2.0,66.66666666666667,,29,0,29,0,0,0,245,2,37,14,0,0,,7.0,0.0,5.0,0.0,2.0,0,0,0,0
00-0039407,2026,1,LV,MIA,RB,10.0,66.66666666666667,,30,0,29,0,0,0,226,0,37,0,0,0,,8.0,,4.0,,0.0,0,0,0,0
00-0039410,2026,1,DAL,NYG,WR,41.0,57.74647887323944,,34,4,30,2,22,23,242,0,18,0,0,0,0.0,5.0,,4.0,,3.0,0,0,0,0
00-0039424,2026,1,NO,DET,WR,82.0,90.1098901098901,,56,9,52,7,69,63,465,0,25,0,0,0,1.0,9.0,,4.0,,0.0,0,1,0,1
00-0039451,2026,1,NYJ,TEN,WR,40.0,66.66666666666667,,24,1,23,1,7,7,156,0,39,0,0,0,0.0,1.0,,6.0,,3.0,0,0,0,0
00-0039471,2026,1,BUF,HOU,RB,11.0,57.89473684210526,,29,0,28,0,0,0,359,1,21,3,0,0,,6.0,0.0,3.0,0.0,1.0,0,0,0,0
00-0039491,2026,1,CAR,CHI,WR,57.0,67.85714285714286,,38,9,34,8,138,124,336,0,22,0,0,0,1.0,5.0,,5.0,,1.0,0,2,0,1
00-0039518,2026,1,NO,DET,TE,10.0,90.9090909090909,,56,0,52,0,0,0,465,0,25,0,0,0,,9.0,,4.0,,0.0,0,0,0,0
00-0039530,2026,1,DAL,NYG,TE,13.0,59.09090909090909,,34,2,30,2,14,6,242,0,18,0,0,0,0.0,5.0,,4.0,,3.0,0,0,0,0
00-0039589,2026,1,TB,CIN,WR,5.0,55.55555555555556,,28,0,27,0,0,0,132,0,20,0,0,0,,4.0,,5.0,,0.0,0,0,0,0
00-0039686,2026,1,WAS,PHI,TE,2.0,66.66666666666667,,34,0,29,0,0,0,256,0,32,0,0,0,,9.0,,7.0,,2.0,0,0,0,0
00-0039732,2026,1,DEN,KC,QB,51.0,51.0,,28,0,27,0,0,0,104,3,15,2,28,131,,3.0,1.0,1.0,0.0,0.0,0,0,1,0
00-0039738,2026,1,LA,SF,RB,14.0,60.869565217391305,,28,0,27,0,0,0,259,10,29,54,0,0,,2.0,0.0,7.0,0.0,3.0,0,0,0,0
00-0039739,2026,1,PIT,ATL,WR,37.0,67.27272727272727,,40,6,37,3,26,126,388,0,21,0,0,0,0.0,5.0,,1.0,,0.0,0,0,0,0
00-0039746,2026,1,PHI,WAS,RB,10.0,55.55555555555556,,25,1,22,1,8,6,215,2,25,4,0,0,0.0,3.0,0.0,3.0,0.0,0.0,0,0,0,0
00-0039751,2026,1,LA,SF,WR,25.0,60.97560975609756,,28,1,27,1,8,8,259,0,29,0,0,0,0.0,2.0,,7.0,,3.0,0,0,0,0
00-0039793,2026,1,SEA,NE,TE,44.0,50.0,,24,2,24,2,13,-1,154,0,22,0,0,0,0.0,3.0,,3.0,,0.0,0,0,0,0
00-0039794,2026,1,NYJ,TEN,RB,27.0,67.5,,24,1,23,0,0,0,156,10,39,40,0,0,1.0,1.0,0.0,6.0,0.0,3.0,0,0,0,0
00-0039796,2026,1,BAL,IND,RB,0.0,,,25,0,24,0,0,0,270,0,37,0,0,0,,4.0,,7.0,,3.0,0,0,0,0
00-0039811,2026,1,GB,MIN,RB,30.0,68.18181818181819,,42,1,40,0,0,18,454,13,21,37,0,0,1.0,7.0,1.0,3.0,0.0,0.0,0,0,0,0
00-0039847,2026,1,NYG,DAL,TE,32.0,69.56521739130434,,29,1,29,1,9,2,245,0,37,0,0,0,0.0,7.0,,5.0,,2.0,0,0,0,0
00-0039849,2026,1,ARI,LAC,WR,59.0,74.68354430379746,,37,3,37,1,33,71,283,0,34,0,0,0,0.0,7.0,,6.0,,2.0,0,0,0,0
00-0039851,2026,1,NE,SEA,QB,71.0,71.0,,33,0,31,0,0,0,205,7,31,47,33,178,,2.0,0.0,0.0,0.0,0.0,0,0,1,0
00-0039868,2026,1,DEN,KC,WR,17.0,51.515151515151516,,28,1,27,0,0,31,104,1,15,5,0,0,0.0,3.0,0.0,1.0,0.0,0.0,0,0,0,0
00-0039874,2026,1,MIA,LV,RB,4.0,57.14285714285714,,27,0,27,0,0,0,309,1,18,-1,0,0,,1.0,0.0,4.0,0.0,0.0,0,0,0,0
00-0039875,2026,1,BUF,HOU,RB,5.0,55.55555555555556,,29,0,28,0,0,0,359,1,21,3,0,0,,6.0,0.0,3.0,0.0,1.0,0,0,0,0
00-0039880,2026,1,MIA,LV,WR,55.0,56.12244897959184,,27,8,27,3,53,135,309,0,18,0,0,0,0.0,1.0,,4.0,,0.0,0,0,0,0
00-0039890,2026,1,NYJ,TEN,WR,46.0,66.66666666666667,,24,3,23,3,60,59,156,0,39,0,0,0,0.0,1.0,,6.0,,3.0,0,0,0,0
00-0039893,2026,1,JAX,CLE,WR,20.0,57.142857142857146,,23,3,20,3,40,44,223,0,31,0,0,0,0.0,2.0,,1.0,,0.0,0,0,0,0
00-0039894,2026,1,KC,DEN,WR,53.0,68.83116883116882,,27,6,25,3,18,42,117,0,38,0,0,0,1.0,4.0,,6.0,,1.0,0,0,0,0
00-0039901,2026,1,BUF,HOU,WR,29.0,58.0,,29,1,28,1,1,4,359,0,21,0,0,0,1.0,6.0,,3.0,,1.0,0,0,0,0
00-0039910,2026,1,WAS,PHI,QB,70.0,70.0,,34,0,29,0,0,0,256,5,32,31,34,164,,9.0,2.0,7.0,0.0,2.0,0,0,2,0
00-0039915,2026,1,LAC,ARI,WR,27.0,55.10204081632653,,27,7,27,5,82,97,273,0,21,0,0,0,2.0,4.0,,7.0,,0.0,0,1,0,1
00-0039918,2026,1,CHI,CAR,QB,75.0,75.0,,29,0,26,0,0,0,282,10,39,65,29,269,,5.0,3.0,10.0,1.0,4.0,2,0,2,1
00-0039919,2026,1,CHI,CAR,WR,36.0,75.0,,29,3,26,2,52,90,282,0,39,0,0,0,0.0,5.0,,10.0,,4.0,0,0,0,0
00-0039920,2026,1,CLE,JAX,WR,0.0,,,22,0,22,0,0,0,228,0,22,0,0,0,,3.0,,4.0,,1.0,0,0,0,0
00-0040024,2026,1,PHI,WAS,WR,8.0,53.333333333333336,,25,0,22,0,0,0,215,0,25,0,0,0,,3.0,,3.0,,0.0,0,0,0,0
00-0040075,2026,1,BAL,IND,WR,20.0,68.96551724137932,,25,2,24,2,15,11,270,0,37,0,0,0,0.0,4.0,,7.0,,3.0,0,0,0,0
00-0040081,2026,1,KC,DEN,TE,13.0,68.42105263157895,,27,1,25,1,9,4,117,0,38,0,0,0,0.0,4.0,,6.0,,1.0,0,0,0,0
00-0040122,2026,1,LV,MIA,RB,50.0,67.56756756756756,,30,6,29,6,45,18,226,23,37,102,0,0,4.0,8.0,3.0,4.0,0.0,0.0,0,2,0,1
00-0040124,2026,1,CAR,CHI,WR,56.0,68.29268292682927,,38,8,34,5,75,119,336,0,22,0,0,0,1.0,5.0,,5.0,,1.0,0,0,0,0
00-0040126,2026,1,CHI,CAR,TE,65.0,74.71264367816092,,29,2,26,0,0,30,282,0,39,0,0,0,1.0,5.0,,10.0,,4.0,0,0,0,0
00-0040128,2026,1,IND,BAL,TE,50.0,53.76344086021505,,31,5,29,3,13,23,189,0,20,0,0,0,1.0,3.0,,5.0,,3.0,0,1,0,1
00-0040129,2026,1,TB,CIN,WR,49.0,56.97674418604651,,28,6,27,5,63,84,132,0,20,0,0,0,0.0,4.0,,5.0,,0.0,0,0,0,0
00-0040131,2026,1,NE,SEA,WR,12.0,70.58823529411764,,33,0,31,0,0,0,205,0,31,0,0,0,,2.0,,0.0,,0.0,0,0,0,0
00-0040134,2026,1,DEN,KC,WR,30.0,50.847457627118644,,28,6,27,4,42,25,104,0,15,0,0,0,0.0,3.0,,1.0,,0.0,0,0,0,0
00-0040138,2026,1,HOU,BUF,WR,24.0,80.0,,38,2,37,2,53,26,295,0,32,0,0,0,0.0,6.0,,5.0,,3.0,0,0,0,0
00-0040142,2026,1,GB,MIN,RB,0.0,,,42,0,40,0,0,0,454,0,21,0,0,0,,7.0,,3.0,,0.0,0,0,0,0
00-0040162,2026,1,CLE,JAX,RB,0.0,,,22,0,22,0,0,0,228,0,22,0,0,0,,3.0,,4.0,,1.0,0,0,0,0
00-0040164,2026,1,WAS,PHI,WR,18.0,69.23076923076923,,34,1,29,1,4,4,256,0,32,0,0,0,0.0,9.0,,7.0,,2.0,0,0,0,0
00-0040170,2026,1,TEN,NYJ,WR,26.0,50.0,,32,3,28,1,11,41,164,0,14,0,0,0,2.0,3.0,,0.0,,0.0,0,1,0,1
00-0040187,2026,1,CAR,CHI,TE,27.0,67.5,,38,2,34,1,9,9,336,0,22,0,0,0,2.0,5.0,,5.0,,1.0,0,0,0,0
00-0040189,2026,1,LAC,ARI,TE,10.0,55.55555555555556,,27,2,27,2,32,7,273,0,21,0,0,0,0.0,4.0,,7.0,,0.0,0,0,0,0
00-0040208,2026,1,CIN,TB,RB,2.0,66.66666666666667,,35,0,34,0,0,0,226,0,27,0,0,0,,6.0,,9.0,,3.0,0,0,0,0
00-0040218,2026,1,CAR,CHI,WR,14.0,66.66666666666667,,38,1,34,0,0,3,336,0,22,0,0,0,0.0,5.0,,5.0,,1.0,0,0,0,0
00-0040236,2026,1,CHI,CAR,RB,32.0,74.4186046511628,,29,2,26,2,24,9,282,10,39,100,0,0,0.0,5.0,1.0,10.0,0.0,4.0,1,0,0,1
00-0040237,2026,1,TB,CIN,WR,13.0,56.52173913043478,,28,1,27,0,0,9,132,1,20,-4,0,0,1.0,4.0,0.0,5.0,0.0,0.0,0,0,0,0
00-0040242,2026,1,WAS,PHI,RB,34.0,69.38775510204081,,34,1,29,1,-7,-7,256,16,32,63,0,0,0.0,9.0,1.0,7.0,1.0,2.0,1,0,0,1
00-0040277,2026,1,CHI,CAR,WR,34.0,75.55555555555556,,29,1,26,1,1,1,282,0,39,0,0,0,1.0,5.0,,10.0,,4.0,0,1,0,1
00-0040363,2026,1,BUF,HOU,TE,4.0,57.14285714285714,,29,0,28,0,0,0,359,0,21,0,0,0,,6.0,,3.0,,1.0,0,0,0,0
00-0040429,2026,1,TB,CIN,RB,0.0,,,28,0,27,0,0,0,132,0,20,0,0,0,,4.0,,5.0,,0.0,0,0,0,0
00-0040466,2026,1,CLE,JAX,RB,18.0,51.42857142857143,,22,3,22,3,25,-6,228,1,22,1,0,0,0.0,3.0,0.0,4.0,0.0,1.0,0,0,0,0
00-0040506,2026,1,MIN,GB,WR,3.0,60.0,,24,0,23,0,0,0,172,0,34,0,0,0,,6.0,,8.0,,2.0,0,0,0,0
00-0040556,2026,1,NE,SEA,RB,8.0,72.72727272727273,,33,0,31,0,0,0,205,6,31,11,0,0,,2.0,0.0,0.0,0.0,0.0,0,0,0,0
00-0040568,2026,1,NE,SEA,RB,3.0,75.0,,33,2,31,2,9,-3,205,0,31,0,0,0,0.0,2.0,,0.0,,0.0,0,0,0,0
00-0040582,2026,1,NYJ,TEN,WR,2.0,66.66666666666667,,24,1,23,0,0,4,156,0,39,0,0,0,0.0,1.0,,6.0,,3.0,0,0,0,0
00-0040583,2026,1,HOU,BUF,RB,40.0,78.43137254901961,,38,1,37,1,-2,-2,295,9,32,42,0,0,0.0,6.0,0.0,5.0,0.0,3.0,0,0,0,0
00-0040584,2026,1,TEN,NYJ,TE,38.0,50.0,,32,5,28,4,28,17,164,0,14,0,0,0,1.0,3.0,,0.0,,0.0,0,0,0,0
00-0040590,2026,1,LA,SF,WR,16.0,61.53846153846153,,28,1,27,0,0,13,259,0,29,0,0,0,0.0,2.0,,7.0,,3.0,0,0,0,0
00-0040621,2026,1,SEA,NE,WR,0.0,,,24,0,24,0,0,0,154,0,22,0,0,0,,3.0,,3.0,,0.0,0,0,0,0
00-0040646,2026,1,KC,DEN,WR,0.0,,,27,0,25,0,0,0,117,0,38,0,0,0,,4.0,,6.0,,1.0,0,0,0,0
00-0040663,2026,1,CLE,JAX,TE,42.0,51.21951219512196,,22,3,22,2,21,10,228,0,22,0,0,0,0.0,3.0,,4.0,,1.0,0,0,0,0
00-0040666,2026,1,LAC,ARI,RB,32.0,55.17241379310345,,27,0,27,0,0,0,273,12,21,43,0,0,,4.0,2.0,7.0,0.0,0.0,1,0,0,1
00-0040667,2026,1,GB,MIN,WR,56.0,68.29268292682927,,42,12,40,6,95,137,454,0,21,0,0,0,3.0,7.0,,3.0,,0.0,0,0,0,0
00-0040669,2026,1,DET,NO,WR,52.0,76.47058823529412,,39,1,39,0,0,3,207,0,33,0,0,0,0.0,8.0,,9.0,,5.0,0,0,0,0
00-0040676,2026,1,TEN,NYJ,QB,50.0,50.0,,32,0,28,0,0,0,164,4,14,21,32,140,,3.0,0.0,0.0,0.0,0.0,0,0,1,0
00-0040691,2026,1,NYG,DAL,QB,69.0,69.0,,29,0,29,0,0,0,245,11,37,54,29,230,,7.0,0.0,5.0,0.0,2.0,0,0,3,0
00-0040705,2026,1,TEN,NYJ,WR,4.0,50.0,,32,1,28,1,7,3,164,0,14,0,0,0,0.0,3.0,,0.0,,0.0,0,0,0,0
00-0040715,2026,1,NYG,DAL,RB,42.0,68.85245901639344,,29,0,29,0,0,0,245,18,37,81,0,0,,7.0,4.0,5.0,2.0,2.0,1,0,0,1
00-0040719,2026,1,JAX,CLE,RB,28.0,57.142857142857146,,23,1,20,1,22,-5,223,15,31,66,0,0,0.0,2.0,0.0,1.0,0.0,0.0,0,0,0,0
00-0040727,2026,1,LAC,ARI,WR,41.0,54.666666666666664,,27,6,27,3,20,47,273,0,21,0,0,0,0.0,4.0,,7.0,,0.0,0,0,0,0
00-0040729,2026,1,LV,MIA,WR,27.0,67.5,,30,4,29,3,23,32,226,0,37,0,0,0,2.0,8.0,,4.0,,0.0,0,1,0,1
00-0040730,2026,1,DEN,KC,RB,26.0,50.98039215686274,,28,4,27,4,23,-22,104,3,15,18,0,0,0.0,3.0,0.0,1.0,0.0,0.0,0,0,0,0
00-0040735,2026,1,CHI,CAR,WR,55.0,75.34246575342466,,29,5,26,5,63,36,282,1,39,2,0,0,0.0,5.0,0.0,10.0,0.0,4.0,0,0,0,0
00-0040736,2026,1,NYJ,TEN,TE,44.0,66.66666666666666,,24,3,23,2,-2,1,156,0,39,0,0,0,0.0,1.0,,6.0,,3.0,0,0,0,0
00-0040737,2026,1,LA,SF,TE,31.0,60.78431372549019,,28,1,27,0,0,24,259,0,29,0,0,0,0.0,2.0,,7.0,,3.0,0,0,0,0
00-0040743,2026,1,NO,DET,QB,90.0,90.0,,56,0,52,0,0,0,465,4,25,8,56,410,,9.0,1.0,4.0,0.0,0.0,0,0,3,0
00-0040784,2026,1,CLE,JAX,RB,33.0,50.76923076923077,,22,2,22,2,17,1,228,12,22,33,0,0,0.0,3.0,2.0,4.0,1.0,1.0,0,0,0,0
00-0040785,2026,1,CIN,TB,WR,10.0,62.5,,35,1,34,1,18,2,226,1,27,10,0,0,0.0,6.0,0.0,9.0,0.0,3.0,0,0,0,0
00-0040867,2026,1,PHI,WAS,WR,35.0,54.6875,,25,4,22,3,-5,0,215,0,25,0,0,0,0.0,3.0,,3.0,,0.0,0,0,0,0
00-0040870,2026,1,BAL,IND,WR,27.0,67.5,,25,3,24,1,11,30,270,0,37,0,0,0,2.0,4.0,,7.0,,3.0,0,0,0,0
00-0040878,2026,1,LV,MIA,RB,13.0,68.42105263157895,,30,0,29,0,0,0,226,7,37,41,0,0,,8.0,1.0,4.0,0.0,0.0,0,0,0,0
00-0040879,2026,1,BAL,IND,TE,23.0,67.6470588235294,,25,1,24,1,13,1,270,0,37,0,0,0,0.0,4.0,,7.0,,3.0,0,0,0,0
00-0040890,2026,1,KC,DEN,WR,1.0,100.0,,27,1,25,0,0,5,117,0,38,0,0,0,0.0,4.0,,6.0,,1.0,0,0,0,0
00-0040894,2026,1,LV,MIA,WR,7.0,70.0,,30,2,29,1,6,31,226,1,37,-8,0,0,0.0,8.0,0.0,4.0,0.0,0.0,0,0,0,0
00-0041013,2026,1,KC,DEN,RB,25.0,69.44444444444444,,27,2,25,2,44,-8,117,8,38,24,0,0,0.0,4.0,1.0,6.0,0.0,1.0,0,0,0,0
00-0041027,2026,1,ARI,LAC,RB,32.0,74.4186046511628,,37,4,37,2,9,5,283,11,34,41,0,0,1.0,7.0,3.0,6.0,1.0,2.0,1,0,0,1
00-0041032,2026,1,NYJ,TEN,TE,28.0,66.66666666666667,,24,3,23,3,21,0,156,1,39,3,0,0,0.0,1.0,1.0,6.0,1.0,3.0,1,0,0,1
00-0041037,2026,1,CLE,JAX,WR,47.0,51.086956521739125,,22,4,22,2,59,114,228,0,22,0,0,0,1.0,3.0,,4.0,,1.0,0,1,0,1
00-0041040,2026,1,WAS,PHI,WR,26.0,70.27027027027027,,34,4,29,4,64,55,256,0,32,0,0,0,2.0,9.0,,7.0,,2.0,0,1,0,1
00-0041042,2026,1,NYG,DAL,WR,50.0,69.44444444444444,,29,4,29,2,25,71,245,0,37,0,0,0,0.0,7.0,,5.0,,2.0,0,0,0,0
00-0041044,2026,1,ATL,PIT,WR,18.0,60.0,,22,0,19,0,0,0,75,0,31,0,0,0,,,,,,,0,0,0,0
00-0041048,2026,1,TB,CIN,WR,43.0,57.333333333333336,,28,3,27,3,36,34,132,0,20,0,0,0,0.0,4.0,,5.0,,0.0,0,0,0,0
00-0041052,2026,1,SF,LA,RB,28.0,65.11627906976744,,34,1,33,1,5,-5,150,14,30,65,0,0,0.0,8.0,0.0,2.0,0.0,0.0,0,0,0,0
00-0041067,2026,1,NO,DET,WR,62.0,89.85507246376812,,56,4,52,3,42,40,465,0,25,0,0,0,1.0,9.0,,4.0,,0.0,0,0,0,0
00-0041094,2026,1,TB,CIN,TE,1.0,50.0,,28,0,27,0,0,0,132,0,20,0,0,0,,4.0,,5.0,,0.0,0,0,0,0
00-0041096,2026,1,WAS,PHI,RB,7.0,70.0,,34,0,29,0,0,0,256,4,32,16,0,0,,9.0,3.0,7.0,1.0,2.0,0,0,0,0
00-0041099,2026,1,NO,DET,WR,7.0,87.5,,56,0,52,0,0,0,465,1,25,3,0,0,,9.0,0.0,4.0,0.0,0.0,0,0,0,0
00-0041100,2026,1,JAX,CLE,WR,19.0,57.57575757575757,,23,2,20,2,20,18,223,0,31,0,0,0,1.0,2.0,,1.0,,0.0,0,1,0,1
00-0041125,2026,1,IND,BAL,RB,6.0,54.54545454545455,,31,1,29,1,0,-2,189,0,20,0,0,0,0.0,3.0,,5.0,,3.0,0,0,0,0
00-0041131,2026,1,CLE,JAX,TE,0.0,,,22,0,22,0,0,0,228,0,22,0,0,0,,3.0,,4.0,,1.0,0,0,0,0
00-0041326,2026,1,NO,DET,RB,15.0,88.23529411764706,,56,2,52,1,-2,5,465,2,25,4,0,0,0.0,9.0,0.0,4.0,0.0,0.0,0,0,0,0
00-0041395,2026,1,NE,SEA,TE,38.0,70.37037037037037,,33,1,31,1,2,2,205,0,31,0,0,0,1.0,2.0,,0.0,,0.0,0,1,0,1
00-0041397,2026,1,PIT,ATL,WR,0.0,,,40,0,37,0,0,0,388,0,21,0,0,0,,5.0,,1.0,,0.0,0,0,0,0
00-0041398,2026,1,PIT,ATL,FB,8.0,66.66666666666667,,40,0,37,0,0,0,388,0,21,0,0,0,,5.0,,1.0,,0.0,0,0,0,0
00-0041438,2026,1,TEN,NYJ,WR,44.0,50.0,,32,6,28,4,38,67,164,0,14,0,0,0,0.0,3.0,,0.0,,0.0,0,0,0,0
00-0041472,2026,1,HOU,BUF,TE,9.0,81.81818181818181,,38,1,37,1,16,14,295,0,32,0,0,0,0.0,6.0,,5.0,,3.0,0,0,0,0
00-0041490,2026,1,PIT,ATL,RB,3.0,75.0,,40,0,37,0,0,0,388,0,21,0,0,0,,5.0,,1.0,,0.0,0,0,0,0
00-0041496,2026,1,DEN,KC,RB,3.0,50.0,,28,0,27,0,0,0,104,0,15,0,0,0,,3.0,,1.0,,0.0,0,0,0,0
00-0041503,2026,1,JAX,CLE,TE,38.0,56.71641791044776,,23,1,20,1,9,2,223,0,31,0,0,0,0.0,2.0,,1.0,,0.0,0,0,0,0
00-0041511,2026,1,NYJ,TEN,WR,5.0,71.42857142857142,,24,1,23,1,30,4,156,0,39,0,0,0,0.0,1.0,,6.0,,3.0,0,0,0,0
00-0041512,2026,1,SEA,NE,RB,24.0,50.0,,24,2,24,2,6,-1,154,10,22,52,0,0,0.0,3.0,0.0,3.0,0.0,0.0,0,0,0,0
00-0041523,2026,1,MIA,LV,WR,51.0,56.043956043956044,,27,7,27,5,94,97,309,0,18,0,0,0,0.0,1.0,,4.0,,0.0,0,0,0,0
00-0041524,2026,1,MIA,LV,TE,14.0,56.0,,27,1,27,0,0,6,309,0,18,0,0,0,0.0,1.0,,4.0,,0.0,0,0,0,0
00-0041525,2026,1,MIA,LV,WR,29.0,55.76923076923077,,27,2,27,1,25,42,309,0,18,0,0,0,0.0,1.0,,4.0,,0.0,0,0,0,0
00-0041529,2026,1,MIA,LV,WR,16.0,55.17241379310345,,27,2,27,0,0,24,309,0,18,0,0,0,0.0,1.0,,4.0,,0.0,0,0,0,0
00-0041547,2026,1,CLE,JAX,WR,35.0,50.72463768115942,,22,5,22,4,43,63,228,3,22,15,0,0,0.0,3.0,0.0,4.0,0.0,1.0,0,0,0,0
00-0023459,2026,2,PIT,NE,QB,67.0,69.79166666666667,,40,0,37,0,0,0,196,1,23,5,39,187,,2.0,0.0,0.0,0.0,0.0,0,0,0,0
00-0026498,2026,2,LA,NYG,QB,62.0,62.0,,31,0,30,0,0,0,331,4,28,-1,31,327,,4.0,0.0,2.0,0.0,0.0,0,0,4,0
00-0029604,2026,2,LV,LAC,QB,63.0,63.0,,29,0,29,0,0,0,283,4,29,1,29,253,,3.0,0.0,7.0,0.0,4.0,0,0,3,0
00-0029892,2026,2,SF,MIA,FB,23.0,52.27272727272727,,22,2,21,2,27,19,181,0,27,0,0,0,1.0,5.0,,7.0,,5.0,0,1,0,1
00-0030279,2026,2,IND,KC,WR,33.0,64.70588235294117,,31,5,30,1,5,31,158,0,32,0,0,0,0.0,4.0,,6.0,,2.0,0,0,0,0
00-0030506,2026,2,KC,IND,TE,68.0,80.0,,47,11,43,9,101,56,247,0,28,0,0,0,1.0,10.0,,5.0,,3.0,0,1,0,1
00-0030565,2026,2,NYJ,GB,QB,74.0,74.0,,41,0,36,0,0,0,255,5,27,17,41,247,,6.0,0.0,2.0,0.0,1.0,0,0,1,0
00-0031381,2026,2,LA,NYG,WR,40.0,61.53846153846153,,31,10,30,8,195,198,331,0,28,0,0,0,1.0,4.0,,2.0,,0.0,0,2,0,1
00-0031408,2026,2,SF,MIA,WR,28.0,51.85185185185185,,22,3,21,3,54,40,181,0,27,0,0,0,0.0,5.0,,7.0,,5.0,0,0,0,0
00-0031503,2026,2,NYG,LA,QB,51.0,57.95454545454545,,32,0,32,0,0,0,341,2,21,1,27,111,,1.0,0.0,3.0,0.0,1.0,0,0,0,0
00-0031588,2026,2,WAS,DAL,WR,36.0,70.58823529411765,,35,6,34,5,47,72,361,0,32,0,0,0,3.0,6.0,,5.0,,1.0,0,2,0,1
00-0031610,2026,2,CAR,ATL,TE,29.0,65.9090909090909,,36,3,32,3,33,26,291,0,22,0,0,0,2.0,17.0,,7.0,,0.0,0,2,0,1
00-0032104,2026,2,JAX,DEN,RB,6.0,60.0,,29,1,28,1,2,-6,290,3,24,11,0,0,0.0,3.0,0.0,3.0,0.0,2.0,0,0,0,0
00-0032268,2026,2,WAS,DAL,QB,32.0,71.11111111111111,,35,0,34,0,0,0,361,1,32,3,16,111,,6.0,0.0,5.0,0.0,1.0,0,0,1,0
00-0032392,2026,2,ATL,CAR,TE,30.0,69.76744186046511,,32,4,31,2,20,13,147,0,32,0,0,0,0.0,,,,,,0,0,0,0
00-0032398,2026,2,BAL,NO,WR,32.0,58.18181818181818,,31,3,29,1,6,93,310,0,22,0,0,0,0.0,2.0,,5.0,,1.0,0,0,0,0
00-0032464,2026,2,CHI,MIN,WR,46.0,74.19354838709677,,35,5,30,5,40,7,165,0,31,0,0,0,1.0,10.0,,5.0,,1.0,0,0,0,0
00-0032764,2026,2,BAL,NO,RB,31.0,58.490566037735846,,31,3,29,3,19,-13,310,16,22,68,0,0,0.0,2.0,5.0,5.0,1.0,1.0,1,0,0,1
00-0032775,2026,2,SF,MIA,WR,16.0,51.612903225806456,,22,3,21,3,34,27,181,0,27,0,0,0,0.0,5.0,,7.0,,5.0,0,0,0,0
00-0032950,2026,2,MIN,CHI,QB,52.0,52.0,,20,0,19,0,0,0,162,3,28,6,20,143,,1.0,0.0,0.0,0.0,0.0,0,0,0,0
00-0032951,2026,2,IND,KC,WR,48.0,64.86486486486487,,31,3,30,3,61,54,158,0,32,0,0,0,0.0,4.0,,6.0,,2.0,0,0,0,0
00-0033077,2026,2,DAL,WAS,QB,55.0,55.0,,31,0,31,0,0,0,244,4,21,26,31,279,,5.0,1.0,5.0,0.0,1.0,0,0,4,0
00-0033090,2026,2,NE,PIT,TE,50.0,54.94505494505494,,22,5,21,3,40,57,193,0,28,0,0,0,1.0,3.0,,0.0,,0.0,0,0,0,0
00-0033106,2026,2,DET,BUF,QB,65.0,65.0,,38,0,38,0,0,0,337,3,20,7,38,327,,7.0,1.0,4.0,0.0,0.0,0,0,4,0
00-0033119,2026,2,ARI,SEA,QB,50.0,50.0,,28,0,26,0,0,0,96,1,17,7,28,95,,2.0,1.0,3.0,0.0,0.0,0,0,1,0
00-0033246,2026,2,PHI,TEN,TE,49.0,76.5625,,37,3,34,2,8,8,303,0,32,0,0,0,0.0,4.0,,7.0,,1.0,0,0,0,0
00-0033280,2026,2,SF,MIA,RB,27.0,51.92307692307692,,22,4,21,4,43,11,181,10,27,23,0,0,2.0,5.0,4.0,7.0,4.0,5.0,2,0,0,1
00-0033288,2026,2,SF,MIA,TE,25.0,52.083333333333336,,22,4,21,4,80,50,181,0,27,0,0,0,2.0,5.0,,7.0,,5.0,0,1,0,1
00-0033293,2026,2,MIN,CHI,RB,42.0,51.85185185185185,,20,0,19,0,0,0,162,23,28,105,0,0,,1.0,0.0,0.0,0.0,0.0,0,0,0,0
00-0033307,2026,2,ARI,SEA,WR,30.0,50.0,,28,3,26,2,11,10,96,0,17,0,0,0,0.0,2.0,,3.0,,0.0,0,0,0,0
00-0033526,2026,2,CIN,HOU,RB,24.0,60.0,,31,1,31,1,16,7,173,2,23,6,0,0,0.0,1.0,0.0,1.0,0.0,0.0,0,0,0,0
00-0033537,2026,2,CLE,TB,QB,58.0,58.0,,30,0,30,0,0,0,108,7,23,22,30,238,,5.0,0.0,1.0,0.0,0.0,0,0,2,0
00-0033555,2026,2,NE,PIT,WR,39.0,54.929577464788736,,22,2,21,2,18,12,193,0,28,0,0,0,0.0,3.0,,0.0,,0.0,0,0,0,0
00-0033576,2026,2,SEA,ARI,TE,17.0,70.83333333333334,,26,1,26,1,-10,-10,227,0,40,0,0,0,1.0,6.0,,15.0,,8.0,0,0,0,0
00-0033662,2026,2,ATL,CAR,QB,40.0,68.96551724137932,,32,0,31,0,0,0,147,2,32,20,17,86,,,0.0,,0.0,,0,0,0,0
00-0033873,2026,2,KC,IND,QB,80.0,80.0,,47,0,43,0,0,0,247,2,28,17,47,382,,10.0,0.0,5.0,0.0,3.0,0,0,3,0
00-0033881,2026,2,DEN,JAX,TE,32.0,61.53846153846153,,31,1,29,1,17,17,270,0,28,0,0,0,0.0,5.0,,6.0,,4.0,0,0,0,0
00-0033885,2026,2,LAC,LV,TE,11.0,68.75,,27,3,26,1,9,25,261,0,32,0,0,0,0.0,1.0,,3.0,,2.0,0,0,0,0
00-0033906,2026,2,NO,BAL,RB,20.0,68.96551724137932,,34,6,32,5,7,-6,192,9,27,15,0,0,1.0,3.0,1.0,6.0,0.0,3.0,0,0,0,0
00-0033908,2026,2,SEA,ARI,WR,30.0,69.76744186046511,,26,2,26,2,20,14,227,0,40,0,0,0,0.0,6.0,,15.0,,8.0,0,0,0,0
00-0033921,2026,2,TB,CLE,WR,56.0,65.11627906976744,,34,3,33,3,46,33,413,1,25,12,0,0,0.0,9.0,0.0,4.0,0.0,0.0,0,0,0,0
00-0034348,2026,2,DEN,JAX,WR,45.0,61.64383561643836,,31,4,29,3,25,31,270,0,28,0,0,0,1.0,5.0,,6.0,,4.0,0,0,0,0
00-0034351,2026,2,PHI,TEN,TE,19.0,76.0,,37,2,34,1,4,4,303,0,32,0,0,0,0.0,4.0,,7.0,,1.0,0,0,0,0
00-0034365,2026,2,LV,LAC,TE,31.0,63.26530612244898,,29,1,29,1,11,1,283,0,29,0,0,0,0.0,3.0,,7.0,,4.0,0,0,0,0
00-0034383,2026,2,HOU,CIN,TE,54.0,79.41176470588235,,55,14,50,12,140,104,459,0,18,0,0,0,0.0,8.0,,2.0,,0.0,0,0,0,0
00-0034419,2026,2,NYG,LA,WR,5.0,55.55555555555556,,32,0,32,0,0,0,341,0,21,0,0,0,,1.0,,3.0,,1.0,0,0,0,0
00-0034753,2026,2,BAL,NO,TE,41.0,57.74647887323944,,31,7,29,6,49,47,310,0,22,0,0,0,0.0,2.0,,5.0,,1.0,0,0,0,0
00-0034771,2026,2,PIT,NE,QB,3.0,75.0,,40,0,37,0,0,0,196,1,23,3,1,0,,2.0,0.0,0.0,0.0,0.0,0,0,0,0
00-0034796,2026,2,BAL,NO,QB,58.0,58.0,,31,0,29,0,0,0,310,4,22,34,31,235,,2.0,0.0,5.0,0.0,1.0,0,0,1,0
00-0034798,2026,2,BAL,NO,TE,32.0,58.18181818181818,,31,1,29,0,0,-3,310,0,22,0,0,0,0.0,2.0,,5.0,,1.0,0,0,0,0
00-0034827,2026,2,BUF,DET,WR,23.0,74.19354838709677,,31,0,28,0,0,0,248,1,36,-1,0,0,,4.0,0.0,7.0,0.0,4.0,0,0,0,0
00-0034837,2026,2,TEN,PHI,WR,33.0,53.225806451612904,,20,2,17,2,35,27,113,0,29,0,0,0,0.0,3.0,,11.0,,4.0,0,0,0,0
00-0034844,2026,2,PHI,TEN,RB,12.0,75.0,,37,2,34,1,11,4,303,4,32,9,0,0,0.0,4.0,0.0,7.0,0.0,1.0,0,0,0,0
00-0034854,2026,2,SF,MIA,WR,20.0,52.63157894736842,,22,1,21,1,18,15,181,0,27,0,0,0,0.0,5.0,,7.0,,5.0,0,0,0,0
00-0034855,2026,2,TB,CLE,QB,65.0,65.0,,34,0,33,0,0,0,413,4,25,29,34,182,,9.0,2.0,4.0,0.0,0.0,0,0,1,0
00-0034857,2026,2,BUF,DET,QB,74.0,74.0,,31,0,28,0,0,0,248,14,36,69,31,248,,4.0,3.0,7.0,2.0,4.0,2,0,3,1
00-0034959,2026,2,NYJ,GB,FB,4.0,80.0,,41,0,36,0,0,0,255,0,27,0,0,0,,6.0,,2.0,,1.0,0,0,0,0
00-0034960,2026,2,JAX,DEN,WR,53.0,58.888888888888886,,29,1,28,1,28,21,290,0,24,0,0,0,0.0,3.0,,3.0,,2.0,0,0,0,0
00-0034975,2026,2,BAL,NO,RB,27.0,57.4468085106383,,31,2,29,2,12,-9,310,2,22,6,0,0,0.0,2.0,0.0,5.0,0.0,1.0,0,0,0,0
00-0034981,2026,2,HOU,CIN,TE,23.0,79.3103448275862,,55,2,50,2,34,14,459,0,18,0,0,0,0.0,8.0,,2.0,,0.0,0,0,0,0
00-0035125,2026,2,LAC,LV,FB,28.0,68.29268292682927,,27,0,26,0,0,0,261,0,32,0,0,0,,1.0,,3.0,,2.0,0,0,0,0
00-0035208,2026,2,ATL,CAR,WR,30.0,69.76744186046511,,32,3,31,1,3,7,147,0,32,0,0,0,0.0,,,,,,0,0,0,0
00-0035229,2026,2,MIN,CHI,TE,36.0,52.173913043478265,,20,4,19,3,29,32,162,0,28,0,0,0,0.0,1.0,,0.0,,0.0,0,0,0,0
00-0035249,2026,2,MIN,CHI,TE,31.0,51.66666666666667,,20,1,19,1,24,5,162,0,28,0,0,0,0.0,1.0,,0.0,,0.0,0,0,0,0
00-0035250,2026,2,NYG,LA,RB,15.0,57.69230769230769,,32,1,32,0,0,-1,341,3,21,9,0,0,0.0,1.0,0.0,3.0,0.0,1.0,0,0,0,0
00-0035261,2026,2,TEN,PHI,RB,29.0,52.72727272727272,,20,1,17,1,1,-7,113,14,29,64,0,0,0.0,3.0,5.0,11.0,1.0,4.0,0,0,0,0
00-0035406,2026,2,DEN,JAX,WR,3.0,60.0,,31,1,29,0,0,14,270,0,28,0,0,0,0.0,5.0,,6.0,,4.0,0,0,0,0
00-0035500,2026,2,BUF,DET,WR,4.0,80.0,,31,0,28,0,0,0,248,0,36,0,0,0,,4.0,,7.0,,4.0,0,0,0,0
00-0035544,2026,2,DET,BUF,WR,0.0,,,38,0,38,0,0,0,337,0,20,0,0,0,,7.0,,4.0,,0.0,0,0,0,0
00-0035594,2026,2,PIT,NE,RB,2.0,66.66666666666667,,40,0,37,0,0,0,196,2,23,16,0,0,,2.0,0.0,0.0,0.0,0.0,0,0,0,0
00-0035640,2026,2,PIT,NE,WR,68.0,70.10309278350516,,40,9,37,4,27,62,196,0,23,0,0,0,0.0,2.0,,0.0,,0.0,0,0,0,0
00-0035644,2026,2,NO,BAL,TE,30.0,68.18181818181819,,34,0,32,0,0,0,192,0,27,0,0,0,,3.0,,6.0,,3.0,0,0,0,0
00-0035659,2026,2,WAS,DAL,WR,50.0,71.42857142857143,,35,9,34,2,50,154,361,0,32,0,0,0,1.0,6.0,,5.0,,1.0,0,0,0,0
00-0035662,2026,2,PHI,TEN,WR,17.0,77.27272727272727,,37,0,34,0,0,0,303,2,32,12,0,0,,4.0,0.0,7.0,0.0,1.0,0,0,0,0
00-0035685,2026,2,HOU,CIN,RB,42.0,80.76923076923076,,55,2,50,2,14,9,459,6,18,10,0,0,0.0,8.0,1.0,2.0,0.0,0.0,0,0,0,0
00-0035689,2026,2,BUF,DET,TE,56.0,73.6842105263158,,31,2,28,2,5,3,248,0,36,0,0,0,1.0,4.0,,7.0,,4.0,0,1,0,1
00-0035704,2026,2,SEA,ARI,QB,70.0,70.0,,26,0,26,0,0,0,227,0,40,0,26,235,,6.0,,15.0,,8.0,0,0,3,0
00-0035710,2026,2,IND,KC,QB,65.0,65.0,,31,0,30,0,0,0,158,3,32,10,31,210,,4.0,1.0,6.0,0.0,2.0,0,0,1,0
00-0035719,2026,2,SF,MIA,WR,31.0,51.66666666666667,,22,4,21,3,31,19,181,1,27,4,0,0,0.0,5.0,0.0,7.0,0.0,5.0,0,0,0,0
00-0035891,2026,2,LV,LAC,WR,,,,29,2,29,2,24,24,283,0,29,0,0,0,2.0,3.0,,7.0,,4.0,0,2,0,1
00-0036040,2026,2,NO,BAL,TE,36.0,67.9245283018868,,34,4,32,4,66,11,192,0,27,0,0,0,1.0,3.0,,6.0,,3.0,0,0,0,0
00-0036139,2026,2,PIT,NE,RB,18.0,69.23076923076923,,40,2,37,2,22,2,196,7,23,22,0,0,0.0,2.0,0.0,0.0,0.0,0.0,0,0,0,0
00-0036158,2026,2,DEN,JAX,RB,21.0,61.764705882352935,,31,0,29,0,0,0,270,10,28,36,0,0,,5.0,3.0,6.0,3.0,4.0,0,0,0,0
00-0036187,2026,2,NE,PIT,RB,20.0,55.55555555555556,,22,2,21,1,4,-1,193,0,28,0,0,0,0.0,3.0,,0.0,,0.0,0,0,0,0
00-0036223,2026,2,IND,KC,RB,61.0,64.8936170212766,,31,4,30,4,40,-1,158,24,32,92,0,0,0.0,4.0,5.0,6.0,2.0,2.0,2,0,0,1
00-0036244,2026,2,LA,NYG,TE,44.0,61.971830985915496,,31,2,30,2,15,-3,331,0,28,0,0,0,0.0,4.0,,2.0,,0.0,0,0,0,0
00-0036264,2026,2,GB,NYJ,QB,59.0,59.0,,29,0,29,0,0,0,216,0,18,0,29,145,,3.0,,5.0,,0.0,0,0,2,0
00-0036265,2026,2,CAR,ATL,RB,4.0,66.66666666666667,,36,0,32,0,0,0,291,3,22,-3,0,0,,17.0,0.0,7.0,0.0,0.0,0,0,0,0
00-0036275,2026,2,CHI,MIN,RB,50.0,73.52941176470588,,35,5,30,5,54,-15,165,16,31,45,0,0,1.0,10.0,2.0,5.0,1.0,1.0,0,0,0,0
00-0036290,2026,2,CHI,MIN,TE,51.0,73.91304347826087,,35,1,30,0,0,9,165,0,31,0,0,0,0.0,10.0,,5.0,,1.0,0,0,0,0
00-0036309,2026,2,NYG,LA,WR,42.0,58.333333333333336,,32,3,32,2,48,35,341,0,21,0,0,0,0.0,1.0,,3.0,,1.0,0,0,0,0
00-0036322,2026,2,MIN,CHI,WR,52.0,52.0,,20,6,19,3,55,91,162,0,28,0,0,0,1.0,1.0,,0.0,,0.0,0,0,0,0
00-0036331,2026,2,ARI,SEA,WR,0.0,,,28,0,26,0,0,0,96,0,17,0,0,0,,2.0,,3.0,,0.0,0,0,0,0
00-0036355,2026,2,LAC,LV,QB,68.0,68.0,,27,0,26,0,0,0,261,3,32,2,27,192,,1.0,1.0,3.0,1.0,2.0,0,0,1,0
00-0036358,2026,2,DAL,WAS,WR,41.0,54.666666666666664,,31,9,31,8,153,136,244,0,21,0,0,0,1.0,5.0,,5.0,,1.0,0,2,0,1
00-0036389,2026,2,PHI,TEN,QB,76.0,76.0,,37,0,34,0,0,0,303,5,32,16,37,264,,4.0,1.0,7.0,0.0,1.0,0,0,2,0
00-0036407,2026,2,CLE,TB,WR,34.0,57.6271186440678,,30,1,30,0,0,10,108,0,23,0,0,0,0.0,5.0,,1.0,,0.0,0,0,0,0
00-0036410,2026,2,CIN,HOU,WR,43.0,59.72222222222222,,31,10,31,5,95,93,173,0,23,0,0,0,0.0,1.0,,1.0,,0.0,0,0,0,0
00-0036425,2026,2,MIN,CHI,RB,8.0,53.333333333333336,,20,1,19,1,12,-4,162,2,28,8,0,0,0.0,1.0,0.0,0.0,0.0,0.0,0,0,0,0
00-0036429,2026,2,ATL,CAR,TE,34.0,69.38775510204081,,32,1,31,0,0,1,147,0,32,0,0,0,0.0,,,,,,0,0,0,0
00-0036442,2026,2,CIN,HOU,QB,60.0,60.0,,31,0,31,0,0,0,173,1,23,-1,31,207,,1.0,,1.0,,0.0,0,0,2,0
00-0036463,2026,2,ATL,CAR,WR,34.0,69.38775510204081,,32,3,31,1,6,24,147,0,32,0,0,0,0.0,,,,,,0,0,0,0
00-0036550,2026,2,BAL,NO,WR,54.0,58.064516129032256,,31,9,29,7,88,125,310,0,22,0,0,0,1.0,2.0,,5.0,,1.0,0,1,0,1
00-0036555,2026,2,CAR,ATL,RB,43.0,66.15384615384615,,36,2,32,2,11,-4,291,12,22,53,0,0,1.0,17.0,3.0,7.0,0.0,0.0,0,1,0,1
00-0036590,2026,2,JAX,DEN,TE,13.0,59.09090909090909,,29,1,28,1,7,3,290,0,24,0,0,0,0.0,3.0,,3.0,,2.0,0,0,0,0
00-0036613,2026,2,DEN,JAX,WR,38.0,62.295081967213115,,31,10,29,8,138,153,270,0,28,0,0,0,1.0,5.0,,6.0,,4.0,0,0,0,0
00-0036626,2026,2,WAS,DAL,WR,39.0,70.9090909090909,,35,6,34,4,21,48,361,0,32,0,1,0,1.0,6.0,,5.0,,1.0,0,0,0,0
00-0036637,2026,2,KC,IND,TE,40.0,80.0,,47,1,43,0,0,11,247,0,28,0,0,0,0.0,10.0,,5.0,,3.0,0,0,0,0
00-0036727,2026,2,DEN,JAX,FB,8.0,61.53846153846153,,31,1,29,1,2,2,270,0,28,0,0,0,0.0,5.0,,6.0,,4.0,0,0,0,0
00-0036754,2026,2,DET,BUF,TE,17.0,65.38461538461539,,38,0,38,0,0,0,337,0,20,0,0,0,,7.0,,4.0,,0.0,0,0,0,0
00-0036825,2026,2,CAR,ATL,TE,4.0,66.66666666666667,,36,0,32,0,0,0,291,0,22,0,0,0,,17.0,,7.0,,0.0,0,0,0,0
00-0036849,2026,2,LA,NYG,WR,11.0,61.111111111111114,,31,2,30,1,19,58,331,0,28,0,0,0,0.0,4.0,,2.0,,0.0,0,0,0,0
00-0036862,2026,2,PIT,NE,WR,15.0,71.42857142857143,,40,1,37,1,2,1,196,0,23,0,0,0,0.0,2.0,,0.0,,0.0,0,0,0,0
00-0036875,2026,2,NE,PIT,RB,20.0,55.55555555555556,,22,2,21,1,3,3,193,6,28,43,0,0,0.0,3.0,0.0,0.0,0.0,0.0,0,0,0,0
00-0036887,2026,2,SF,MIA,TE,28.0,51.85185185185185,,22,0,21,0,0,0,181,0,27,0,0,0,,5.0,,7.0,,5.0,0,0,0,0
00-0036893,2026,2,NYG,LA,RB,8.0,57.14285714285714,,32,0,32,0,0,0,341,4,21,6,0,0,,1.0,2.0,3.0,1.0,1.0,0,0,0,0
00-0036894,2026,2,PIT,NE,TE,46.0,69.69696969696969,,40,5,37,4,32,47,196,1,23,2,0,0,0.0,2.0,0.0,0.0,0.0,0.0,0,0,0,0
00-0036900,2026,2,CIN,HOU,WR,53.0,60.22727272727273,,31,9,31,7,75,81,173,0,23,0,0,0,1.0,1.0,,1.0,,0.0,0,2,0,1
00-0036912,2026,2,PHI,TEN,WR,67.0,76.13636363636364,,37,13,34,10,117,188,303,0,32,0,0,0,1.0,4.0,,7.0,,1.0,0,1,0,1
00-0036919,2026,2,TB,CLE,RB,23.0,65.71428571428572,,34,4,33,3,5,-15,413,2,25,10,0,0,1.0,9.0,1.0,4.0,0.0,0.0,0,0,0,0
00-0036963,2026,2,DET,BUF,WR,62.0,65.26315789473685,,38,13,38,9,142,148,337,0,20,0,0,0,2.0,7.0,,4.0,,0.0,0,2,0,1
00-0036970,2026,2,ATL,CAR,TE,26.0,68.42105263157895,,32,3,31,1,15,26,147,0,32,0,0,0,0.0,,,,,,0,0,0,0
00-0036971,2026,2,JAX,DEN,QB,59.0,59.0,,29,0,28,0,0,0,290,2,24,6,29,189,,3.0,0.0,3.0,0.0,2.0,0,0,0,0
00-0036972,2026,2,SF,MIA,QB,8.0,53.333333333333336,,22,0,21,0,0,0,181,2,27,-2,0,0,,5.0,,7.0,,5.0,0,0,0,0
00-0036973,2026,2,NO,BAL,RB,37.0,68.51851851851852,,34,2,32,2,6,-7,192,8,27,25,0,0,0.0,3.0,1.0,6.0,1.0,3.0,0,0,0,0
00-0036988,2026,2,BUF,DET,WR,28.0,73.6842105263158,,31,3,28,1,43,39,248,0,36,0,0,0,0.0,4.0,,7.0,,4.0,0,1,0,1
00-0036997,2026,2,DAL,WAS,RB,44.0,55.0,,31,4,31,3,20,-12,244,12,21,30,0,0,1.0,5.0,3.0,5.0,1.0,1.0,0,0,0,0
00-0037004,2026,2,ARI,SEA,TE,15.0,50.0,,28,0,26,0,0,0,96,0,17,0,0,0,,2.0,,3.0,,0.0,0,0,0,0
00-0037005,2026,2,CAR,ATL,TE,37.0,66.07142857142857,,36,2,32,1,4,19,291,0,22,0,0,0,1.0,17.0,,7.0,,0.0,0,0,0,0
00-0037085,2026,2,DEN,JAX,RB,16.0,61.53846153846153,,31,3,29,2,28,-9,270,1,28,1,0,0,1.0,5.0,0.0,6.0,0.0,4.0,0,0,0,0
00-0037091,2026,2,GB,NYJ,WR,9.0,60.0,,29,1,29,0,0,8,216,0,18,0,0,0,0.0,3.0,,5.0,,0.0,0,0,0,0
00-0037093,2026,2,LV,LAC,WR,12.0,63.1578947368421,,29,1,29,1,27,13,283,0,29,0,0,0,0.0,3.0,,7.0,,4.0,0,0,0,0
00-0037132,2026,2,PHI,TEN,WR,0.0,,,37,0,34,0,0,0,303,0,32,0,0,0,,4.0,,7.0,,1.0,0,0,0,0
00-0037157,2026,2,ARI,SEA,RB,3.0,50.0,,28,0,26,0,0,0,96,2,17,24,0,0,,2.0,0.0,3.0,0.0,0.0,0,0,0,0
00-0037228,2026,2,PIT,NE,RB,50.0,70.42253521126761,,40,4,37,2,34,-11,196,11,23,43,0,0,0.0,2.0,0.0,0.0,0.0,0.0,0,0,0,0
00-0037231,2026,2,NO,BAL,WR,5.0,71.42857142857142,,34,1,32,1,7,6,192,0,27,0,0,0,0.0,3.0,,6.0,,3.0,0,0,0,0
00-0037238,2026,2,ATL,CAR,WR,43.0,69.35483870967742,,32,5,31,4,51,23,147,1,32,-2,0,0,0.0,,0.0,,0.0,,0,0,0,0
00-0037239,2026,2,NO,BAL,WR,57.0,67.85714285714286,,34,10,32,8,86,104,192,0,27,0,0,0,0.0,3.0,,6.0,,3.0,0,1,0,1
00-0037240,2026,2,DET,BUF,WR,63.0,64.94845360824742,,38,4,38,2,33,50,337,0,20,0,0,0,0.0,7.0,,4.0,,0.0,0,0,0,0
00-0037247,2026,2,DAL,WAS,WR,42.0,55.26315789473684,,31,8,31,6,40,83,244,0,21,0,0,0,1.0,5.0,,5.0,,1.0,0,0,0,0
00-0037248,2026,2,BUF,DET,RB,55.0,74.32432432432432,,31,3,28,1,4,1,248,21,36,135,0,0,1.0,4.0,4.0,7.0,2.0,4.0,1,0,0,1
00-0037252,2026,2,MIA,SF,TE,36.0,59.01639344262295,,23,3,23,2,17,10,169,0,28,0,0,0,1.0,4.0,,8.0,,1.0,0,0,0,0
00-0037256,2026,2,WAS,DAL,RB,37.0,71.15384615384615,,35,6,34,6,40,8,361,7,32,43,0,0,0.0,6.0,2.0,5.0,1.0,1.0,0,0,0,0
00-0037261,2026,2,BUF,DET,WR,36.0,73.46938775510205,,31,6,28,3,38,73,248,0,36,0,0,0,0.0,4.0,,7.0,,4.0,0,0,0,0
00-0037263,2026,2,ARI,SEA,RB,32.0,50.0,,28,2,26,2,9,-3,96,5,17,10,0,0,0.0,2.0,0.0,3.0,0.0,0.0,0,0,0,0
00-0037291,2026,2,LV,LAC,WR,38.0,63.333333333333336,,29,3,29,1,9,27,283,0,29,0,0,0,1.0,3.0,,7.0,,4.0,0,0,0,0
00-0037292,2026,2,IND,KC,TE,19.0,65.51724137931035,,31,1,30,0,0,4,158,0,32,0,0,0,0.0,4.0,,6.0,,2.0,0,0,0,0
00-0037304,2026,2,LV,LAC,FB,19.0,63.333333333333336,,29,0,29,0,0,0,283,1,29,1,0,0,,3.0,0.0,7.0,0.0,4.0,0,0,0,0
00-0037524,2026,2,DET,BUF,WR,0.0,,,38,0,38,0,0,0,337,0,20,0,0,0,,7.0,,4.0,,0.0,0,0,0,0
00-0037545,2026,2,SEA,ARI,WR,39.0,69.64285714285714,,26,6,26,3,35,67,227,1,40,4,0,0,0.0,6.0,1.0,15.0,0.0,8.0,0,0,0,0
00-0037594,2026,2,TEN,PHI,RB,0.0,,,20,0,17,0,0,0,113,0,29,0,0,0,,3.0,,11.0,,4.0,0,0,0,0
00-0037614,2026,2,CAR,ATL,WR,7.0,63.63636363636363,,36,0,32,0,0,0,291,0,22,0,0,0,,17.0,,7.0,,0.0,0,0,0,0
00-0037664,2026,2,IND,KC,WR,17.0,65.38461538461539,,31,1,30,1,11,10,158,0,32,0,0,0,0.0,4.0,,6.0,,2.0,0,0,0,0
00-0037740,2026,2,NYJ,GB,WR,65.0,73.86363636363636,,41,7,36,5,57,75,255,0,27,0,0,0,1.0,6.0,,2.0,,1.0,0,1,0,1
00-0037741,2026,2,ATL,CAR,WR,52.0,69.33333333333333,,32,4,31,2,11,48,147,0,32,0,0,0,0.0,,,,,,0,0,0,0
00-0037742,2026,2,WAS,DAL,WR,21.0,70.0,,35,1,34,0,0,56,361,0,32,0,0,0,0.0,6.0,,5.0,,1.0,0,0,0,0
00-0037744,2026,2,ARI,SEA,TE,44.0,50.0,,28,10,26,8,41,36,96,0,17,0,0,0,2.0,2.0,,3.0,,0.0,0,1,0,1
00-0037746,2026,2,ATL,CAR,RB,33.0,68.75,,32,2,31,2,16,0,147,11,32,51,0,0,0.0,,0.0,,0.0,,0,0,0,0
00-0037801,2026,2,DAL,WAS,WR,5.0,55.55555555555556,,31,0,31,0,0,0,244,1,21,1,0,0,,5.0,1.0,5.0,0.0,1.0,0,0,0,0
00-0037805,2026,2,NYJ,GB,TE,25.0,73.52941176470588,,41,2,36,2,5,-10,255,0,27,0,0,0,1.0,6.0,,2.0,,1.0,0,0,0,0
00-0037816,2026,2,NE,PIT,WR,37.0,55.22388059701492,,22,4,21,3,96,76,193,0,28,0,0,0,0.0,3.0,,0.0,,0.0,0,0,0,0
00-0037834,2026,2,SF,MIA,QB,44.0,51.76470588235294,,22,0,21,0,0,0,181,3,27,30,22,287,,5.0,1.0,7.0,1.0,5.0,1,0,2,1
00-0037838,2026,2,NYG,LA,TE,40.0,57.971014492753625,,32,10,32,5,33,48,341,0,21,0,0,0,0.0,1.0,,3.0,,1.0,0,0,0,0
00-0037840,2026,2,LA,NYG,RB,34.0,61.81818181818181,,31,2,30,2,12,5,331,12,28,85,0,0,1.0,4.0,2.0,2.0,0.0,0.0,0,1,0,1
00-0038041,2026,2,DAL,WAS,TE,33.0,55.0,,31,4,31,4,43,29,244,0,21,0,0,0,2.0,5.0,,5.0,,1.0,0,2,0,1
00-0038046,2026,2,LAC,LV,TE,42.0,67.74193548387098,,27,3,26,3,21,11,261,0,32,0,0,0,0.0,1.0,,3.0,,2.0,0,0,0,0
00-0038090,2026,2,GB,NYJ,WR,21.0,58.333333333333336,,29,3,29,2,6,43,216,0,18,0,0,0,0.0,3.0,,5.0,,0.0,0,0,0,0
00-0038102,2026,2,CAR,ATL,QB,4.0,66.66666666666667,,36,0,32,0,0,0,291,1,22,-4,0,0,,17.0,,7.0,,0.0,0,0,0,0
00-0038104,2026,2,KC,IND,WR,47.0,79.66101694915254,,47,4,43,4,86,85,247,0,28,0,0,0,0.0,10.0,,5.0,,3.0,0,0,0,0
00-0038115,2026,2,TEN,PHI,TE,24.0,53.33333333333333,,20,1,17,0,0,4,113,0,29,0,0,0,0.0,3.0,,11.0,,4.0,0,0,0,0
00-0038117,2026,2,TEN,PHI,WR,28.0,52.83018867924528,,20,1,17,1,9,6,113,0,29,0,0,0,0.0,3.0,,11.0,,4.0,0,0,0,0
00-0038120,2026,2,NYJ,GB,RB,48.0,73.84615384615384,,41,5,36,5,63,-1,255,16,27,29,0,0,0.0,6.0,1.0,2.0,0.0,1.0,0,0,0,0
00-0038124,2026,2,GB,NYJ,WR,53.0,58.888888888888886,,29,11,29,4,41,86,216,0,18,0,0,0,2.0,3.0,,5.0,,0.0,0,1,0,1
00-0038128,2026,2,MIA,SF,QB,59.0,59.0,,23,0,23,0,0,0,169,2,28,6,23,197,,4.0,0.0,8.0,0.0,1.0,0,0,1,0
00-0038129,2026,2,TB,CLE,TE,58.0,65.1685393258427,,34,6,33,5,38,45,413,0,25,0,0,0,0.0,9.0,,4.0,,0.0,0,0,0,0
00-0038134,2026,2,KC,IND,RB,66.0,80.48780487804879,,47,10,43,6,61,13,247,24,28,117,0,0,2.0,10.0,5.0,5.0,3.0,3.0,0,0,0,0
00-0038359,2026,2,LA,NYG,WR,26.0,61.904761904761905,,31,1,30,0,0,0,331,0,28,0,0,0,1.0,4.0,,2.0,,0.0,0,0,0,0
00-0038393,2026,2,PHI,TEN,WR,47.0,75.80645161290323,,37,6,34,5,74,69,303,0,32,0,0,0,1.0,4.0,,7.0,,1.0,0,0,0,0
00-0038416,2026,2,CHI,MIN,QB,10.0,71.42857142857142,,35,0,30,0,0,0,165,0,31,0,9,54,,10.0,,5.0,,1.0,0,0,0,0
00-0038454,2026,2,LAC,LV,RB,17.0,68.0,,27,1,26,1,15,3,261,5,32,24,0,0,0.0,1.0,0.0,3.0,0.0,2.0,0,0,0,0
00-0038519,2026,2,KC,IND,WR,0.0,,,47,0,43,0,0,0,247,0,28,0,0,0,,10.0,,5.0,,3.0,0,0,0,0
00-0038542,2026,2,ATL,CAR,RB,35.0,68.62745098039215,,32,4,31,3,9,12,147,16,32,72,0,0,0.0,,0.0,,0.0,,0,0,0,0
00-0038543,2026,2,SEA,ARI,WR,47.0,70.14925373134328,,26,11,26,9,155,121,227,0,40,0,0,0,3.0,6.0,,15.0,,8.0,0,3,0,1
00-0038544,2026,2,LAC,LV,WR,55.0,67.90123456790123,,27,5,26,1,7,64,261,1,32,7,0,0,0.0,1.0,0.0,3.0,0.0,2.0,0,0,0,0
00-0038555,2026,2,PHI,TEN,RB,26.0,76.47058823529412,,37,2,34,2,5,-8,303,13,32,33,0,0,0.0,4.0,2.0,7.0,1.0,1.0,1,0,0,1
00-0038558,2026,2,PIT,NE,TE,37.0,69.81132075471697,,40,2,37,1,7,4,196,0,23,0,0,0,0.0,2.0,,0.0,,0.0,0,0,0,0
00-0038559,2026,2,ARI,SEA,WR,47.0,50.0,,28,7,26,2,18,50,96,0,17,0,0,0,0.0,2.0,,3.0,,0.0,0,0,0,0
00-0038563,2026,2,LV,LAC,WR,37.0,62.71186440677966,,29,7,29,5,119,143,283,0,29,0,0,0,0.0,3.0,,7.0,,4.0,0,1,0,1
00-0038564,2026,2,NE,PIT,TE,14.0,56.0,,22,0,21,0,0,0,193,0,28,0,0,0,,3.0,,0.0,,0.0,0,0,0,0
00-0038573,2026,2,LAC,LV,WR,8.0,66.66666666666667,,27,1,26,0,0,14,261,0,32,0,0,0,0.0,1.0,,3.0,,2.0,0,0,0,0
00-0038597,2026,2,CIN,HOU,RB,42.0,60.00000000000001,,31,5,31,3,2,-15,173,20,23,80,0,0,0.0,1.0,1.0,1.0,0.0,0.0,0,0,0,0
00-0038606,2026,2,JAX,DEN,WR,48.0,59.25925925925925,,29,12,28,7,98,177,290,0,24,0,0,0,0.0,3.0,,3.0,,2.0,0,0,0,0
00-0038608,2026,2,HOU,CIN,WR,58.0,80.55555555555556,,55,5,50,3,37,66,459,0,18,0,0,0,1.0,8.0,,2.0,,0.0,0,0,0,0
00-0038611,2026,2,JAX,DEN,RB,13.0,59.09090909090909,,29,0,28,0,0,0,290,6,24,13,0,0,,3.0,1.0,3.0,1.0,2.0,0,0,0,0
00-0038618,2026,2,HOU,CIN,WR,65.0,80.24691358024691,,55,9,50,3,37,112,459,0,18,0,0,0,1.0,8.0,,2.0,,0.0,0,0,0,0
00-0038619,2026,2,CIN,HOU,WR,32.0,60.37735849056603,,31,1,31,1,7,6,173,0,23,0,0,0,0.0,1.0,,1.0,,0.0,0,0,0,0
00-0038621,2026,2,NE,PIT,WR,26.0,55.319148936170215,,22,2,21,1,9,0,193,0,28,0,0,0,0.0,3.0,,0.0,,0.0,0,0,0,0
00-0038640,2026,2,ARI,SEA,WR,2.0,50.0,,28,0,26,0,0,0,96,0,17,0,0,0,,2.0,,3.0,,0.0,0,0,0,0
00-0038643,2026,2,SF,MIA,TE,13.0,52.0,,22,0,21,0,0,0,181,0,27,0,0,0,,5.0,,7.0,,5.0,0,0,0,0
00-0038685,2026,2,GB,NYJ,RB,27.0,58.69565217391304,,29,2,29,1,15,-2,216,4,18,11,0,0,0.0,3.0,3.0,5.0,0.0,0.0,0,0,0,0
00-0038705,2026,2,DAL,WAS,RB,9.0,56.25,,31,0,31,0,0,0,244,3,21,8,0,0,,5.0,0.0,5.0,0.0,1.0,0,0,0,0
00-0038710,2026,2,CLE,TB,TE,27.0,57.4468085106383,,30,2,30,1,17,6,108,0,23,0,0,0,1.0,5.0,,1.0,,0.0,0,1,0,1
00-0038728,2026,2,HOU,CIN,WR,40.0,80.0,,55,7,50,2,33,104,459,0,18,0,0,0,0.0,8.0,,2.0,,0.0,0,0,0,0
00-0038738,2026,2,DAL,WAS,RB,10.0,55.55555555555556,,31,0,31,0,0,0,244,1,21,1,0,0,,5.0,0.0,5.0,0.0,1.0,0,0,0,0
00-0038783,2026,2,DEN,JAX,TE,23.0,62.16216216216216,,31,3,29,3,32,24,270,1,28,6,0,0,1.0,5.0,0.0,6.0,0.0,4.0,0,1,0,1
00-0038794,2026,2,CLE,TB,RB,8.0,57.14285714285714,,30,1,30,0,0,1,108,1,23,3,0,0,0.0,5.0,0.0,1.0,0.0,0.0,0,0,0,0
00-0038797,2026,2,SEA,ARI,RB,29.0,70.73170731707317,,26,1,26,0,0,1,227,21,40,92,0,0,1.0,6.0,7.0,15.0,4.0,8.0,0,0,0,0
00-0038824,2026,2,MIA,SF,WR,7.0,58.333333333333336,,23,1,23,1,77,41,169,0,28,0,0,0,0.0,4.0,,8.0,,1.0,0,1,0,1
00-0038840,2026,2,CAR,ATL,WR,11.0,64.70588235294117,,36,0,32,0,0,0,291,0,22,0,0,0,,17.0,,7.0,,0.0,0,0,0,0
00-0038896,2026,2,DET,BUF,RB,0.0,,,38,0,38,0,0,0,337,0,20,0,0,0,,7.0,,4.0,,0.0,0,0,0,0
00-0038933,2026,2,BUF,DET,TE,49.0,74.24242424242424,,31,8,28,7,95,84,248,0,36,0,0,0,1.0,4.0,,7.0,,4.0,0,1,0,1
00-0038935,2026,2,JAX,DEN,TE,49.0,59.036144578313255,,29,2,28,2,17,17,290,0,24,0,0,0,1.0,3.0,,3.0,,2.0,0,0,0,0
00-0038994,2026,2,MIN,CHI,WR,46.0,52.27272727272727,,20,5,19,2,21,43,162,0,28,0,0,0,0.0,1.0,,0.0,,0.0,0,0,0,0
00-0038996,2026,2,GB,NYJ,TE,58.0,59.183673469387756,,29,3,29,2,15,10,216,0,18,0,0,0,0.0,3.0,,5.0,,0.0,0,0,0,0
00-0038997,2026,2,IND,KC,WR,54.0,65.06024096385542,,31,9,30,7,72,73,158,0,32,0,0,0,2.0,4.0,,6.0,,2.0,0,0,0,0
00-0039032,2026,2,TEN,PHI,RB,19.0,52.77777777777778,,20,2,17,2,29,1,113,7,29,41,0,0,0.0,3.0,1.0,11.0,0.0,4.0,0,0,0,0
00-0039040,2026,2,MIA,SF,RB,45.0,59.21052631578947,,23,6,23,3,19,24,169,20,28,74,0,0,0.0,4.0,4.0,8.0,1.0,1.0,0,0,0,0
00-0039041,2026,2,ARI,SEA,TE,13.0,50.0,,28,0,26,0,0,0,96,0,17,0,0,0,,2.0,,3.0,,0.0,0,0,0,0
00-0039065,2026,2,DET,BUF,TE,64.0,65.3061224489796,,38,7,38,6,52,23,337,0,20,0,0,0,2.0,7.0,,4.0,,0.0,0,1,0,1
00-0039066,2026,2,LV,LAC,TE,53.0,63.095238095238095,,29,4,29,3,23,18,283,0,29,0,0,0,0.0,3.0,,7.0,,4.0,0,0,0,0
00-0039067,2026,2,KC,IND,WR,63.0,79.74683544303797,,47,6,43,4,83,45,247,0,28,0,0,0,1.0,10.0,,5.0,,3.0,0,0,0,0
00-0039074,2026,2,LA,NYG,TE,32.0,61.53846153846153,,31,1,30,1,7,2,331,0,28,0,0,0,0.0,4.0,,2.0,,0.0,0,0,0,0
00-0039139,2026,2,DET,BUF,RB,54.0,65.06024096385542,,38,8,38,6,61,34,337,16,20,52,0,0,2.0,7.0,3.0,4.0,0.0,0.0,0,1,0,1
00-0039146,2026,2,GB,NYJ,WR,2.0,66.66666666666667,,29,1,29,1,4,-5,216,0,18,0,0,0,0.0,3.0,,5.0,,0.0,0,0,0,0
00-0039150,2026,2,CAR,ATL,QB,62.0,65.95744680851064,,36,0,32,0,0,0,291,1,22,6,36,287,,17.0,1.0,7.0,0.0,0.0,0,0,3,0
00-0039163,2026,2,HOU,CIN,QB,80.0,80.0,,55,0,50,0,0,0,459,3,18,29,55,353,,8.0,0.0,2.0,0.0,0.0,0,0,0,0
00-0039299,2026,2,SEA,ARI,RB,18.0,69.23076923076923,,26,1,26,1,2,-4,227,4,40,13,0,0,1.0,6.0,3.0,15.0,2.0,8.0,0,0,0,0
00-0039337,2026,2,NYG,LA,WR,43.0,58.10810810810811,,32,4,32,1,1,77,341,0,21,0,0,0,1.0,1.0,,3.0,,1.0,0,0,0,0
00-0039342,2026,2,CAR,ATL,WR,33.0,66.0,,36,4,32,2,64,77,291,0,22,0,0,0,1.0,17.0,,7.0,,0.0,0,0,0,0
00-0039344,2026,2,CAR,ATL,RB,20.0,66.66666666666667,,36,1,32,1,-5,-6,291,5,22,16,0,0,1.0,17.0,3.0,7.0,0.0,0.0,0,0,0,0
00-0039361,2026,2,TB,CLE,RB,51.0,65.38461538461539,,34,4,33,4,1,-22,413,17,25,89,0,0,2.0,9.0,1.0,4.0,0.0,0.0,0,0,0,0
00-0039364,2026,2,DET,BUF,RB,11.0,64.70588235294117,,38,1,38,1,13,1,337,1,20,7,0,0,0.0,7.0,0.0,4.0,0.0,0.0,0,0,0,0
00-0039365,2026,2,SF,MIA,WR,24.0,52.17391304347826,,22,0,21,0,0,0,181,0,27,0,0,0,,5.0,,7.0,,5.0,0,0,0,0
00-0039384,2026,2,NYG,LA,RB,1.0,50.0,,32,0,32,0,0,0,341,0,21,0,0,0,,1.0,,3.0,,1.0,0,0,0,0
00-0039391,2026,2,LAC,LV,RB,7.0,70.0,,27,0,26,0,0,0,261,0,32,0,0,0,,1.0,,3.0,,2.0,0,0,0,0
00-0039407,2026,2,LV,LAC,RB,8.0,61.53846153846153,,29,0,29,0,0,0,283,0,29,0,0,0,,3.0,,7.0,,4.0,0,0,0,0
00-0039410,2026,2,DAL,WAS,WR,42.0,55.26315789473684,,31,6,31,5,23,8,244,0,21,0,0,0,0.0,5.0,,5.0,,1.0,0,0,0,0
00-0039424,2026,2,NO,BAL,WR,65.0,67.70833333333334,,34,7,32,5,64,69,192,0,27,0,0,0,1.0,3.0,,6.0,,3.0,0,0,0,0
00-0039451,2026,2,NYJ,GB,WR,61.0,74.39024390243902,,41,6,36,6,34,2,255,1,27,14,0,0,1.0,6.0,0.0,2.0,0.0,1.0,0,0,0,0
00-0039491,2026,2,CAR,ATL,WR,50.0,65.78947368421052,,36,9,32,8,66,48,291,0,22,0,0,0,4.0,17.0,,7.0,,0.0,0,0,0,0
00-0039530,2026,2,DAL,WAS,TE,21.0,55.26315789473684,,31,0,31,0,0,0,244,0,21,0,0,0,,5.0,,5.0,,1.0,0,0,0,0
00-0039589,2026,2,TB,CLE,WR,0.0,,,34,0,33,0,0,0,413,0,25,0,0,0,,9.0,,4.0,,0.0,0,0,0,0
00-0039603,2026,2,HOU,CIN,RB,0.0,,,55,0,50,0,0,0,459,0,18,0,0,0,,8.0,,2.0,,0.0,0,0,0,0
00-0039686,2026,2,WAS,DAL,TE,21.0,70.0,,35,1,34,1,14,4,361,0,32,0,0,0,0.0,6.0,,5.0,,1.0,0,0,0,0
00-0039732,2026,2,DEN,JAX,QB,62.0,62.0,,31,0,29,0,0,0,270,5,28,6,31,288,,5.0,0.0,6.0,0.0,4.0,0,0,1,0
00-0039738,2026,2,LA,NYG,RB,28.0,62.22222222222222,,31,1,30,1,13,-6,331,12,28,79,0,0,0.0,4.0,0.0,2.0,0.0,0.0,0,0,0,0
00-0039739,2026,2,PIT,NE,WR,55.0,69.62025316455696,,40,6,37,5,28,21,196,0,23,0,0,0,0.0,2.0,,0.0,,0.0,0,0,0,0
00-0039746,2026,2,PHI,TEN,RB,39.0,76.47058823529412,,37,2,34,2,5,0,303,7,32,24,0,0,0.0,4.0,4.0,7.0,0.0,1.0,0,0,0,0
00-0039792,2026,2,BAL,NO,WR,17.0,58.62068965517242,,31,2,29,1,47,60,310,0,22,0,0,0,0.0,2.0,,5.0,,1.0,0,0,0,0
00-0039793,2026,2,SEA,ARI,TE,56.0,70.0,,26,1,26,1,8,8,227,1,40,1,0,0,0.0,6.0,1.0,15.0,1.0,8.0,1,0,0,1
00-0039794,2026,2,NYJ,GB,RB,23.0,74.19354838709677,,41,1,36,1,8,3,255,5,27,7,0,0,1.0,6.0,1.0,2.0,1.0,1.0,1,0,0,1
00-0039796,2026,2,BAL,NO,RB,0.0,,,31,0,29,0,0,0,310,0,22,0,0,0,,2.0,,5.0,,1.0,0,0,0,0
00-0039798,2026,2,NYJ,GB,RB,0.0,,,41,0,36,0,0,0,255,0,27,0,0,0,,6.0,,2.0,,1.0,0,0,0,0
00-0039811,2026,2,GB,NYJ,RB,16.0,59.25925925925925,,29,2,29,2,6,-4,216,6,18,20,0,0,1.0,3.0,2.0,5.0,0.0,0.0,0,1,0,1
00-0039814,2026,2,CIN,HOU,TE,25.0,59.523809523809526,,31,3,31,2,5,-1,173,0,23,0,0,0,0.0,1.0,,1.0,,0.0,0,0,0,0
00-0039816,2026,2,IND,KC,WR,0.0,,,31,0,30,0,0,0,158,0,32,0,0,0,,4.0,,6.0,,2.0,0,0,0,0
00-0039847,2026,2,NYG,LA,TE,16.0,57.14285714285714,,32,4,32,0,0,55,341,0,21,0,0,0,0.0,1.0,,3.0,,1.0,0,0,0,0
00-0039849,2026,2,ARI,SEA,WR,37.0,50.0,,28,1,26,0,0,3,96,0,17,0,0,0,0.0,2.0,,3.0,,0.0,0,0,0,0
00-0039851,2026,2,NE,PIT,QB,55.0,55.0,,22,0,21,0,0,0,193,4,28,17,22,208,,3.0,0.0,0.0,0.0,0.0,0,0,0,0
00-0039868,2026,2,DEN,JAX,WR,13.0,61.904761904761905,,31,2,29,1,27,33,270,0,28,0,0,0,1.0,5.0,,6.0,,4.0,0,0,0,0
00-0039874,2026,2,MIA,SF,RB,3.0,60.0,,23,0,23,0,0,0,169,2,28,11,0,0,,4.0,2.0,8.0,0.0,1.0,0,0,0,0
00-0039875,2026,2,BUF,DET,RB,10.0,71.42857142857142,,31,0,28,0,0,0,248,0,36,0,0,0,,4.0,,7.0,,4.0,0,0,0,0
00-0039880,2026,2,MIA,SF,WR,43.0,58.9041095890411,,23,5,23,4,43,27,169,1,28,4,0,0,0.0,4.0,1.0,8.0,0.0,1.0,0,0,0,0
00-0039890,2026,2,NYJ,GB,WR,61.0,74.39024390243902,,41,12,36,6,63,178,255,0,27,0,0,0,1.0,6.0,,2.0,,1.0,0,0,0,0
00-0039893,2026,2,JAX,DEN,WR,32.0,59.25925925925925,,29,8,28,3,40,82,290,0,24,0,0,0,0.0,3.0,,3.0,,2.0,0,0,0,0
00-0039894,2026,2,KC,IND,WR,69.0,80.23255813953489,,47,7,43,5,25,40,247,0,28,0,0,0,3.0,10.0,,5.0,,3.0,0,1,0,1
00-0039901,2026,2,BUF,DET,WR,55.0,74.32432432432432,,31,6,28,6,63,48,248,0,36,0,0,0,1.0,4.0,,7.0,,4.0,0,0,0,0
00-0039910,2026,2,WAS,DAL,QB,39.0,70.9090909090909,,35,0,34,0,0,0,361,7,32,69,17,96,,6.0,2.0,5.0,0.0,1.0,0,0,1,0
00-0039912,2026,2,WAS,DAL,TE,48.0,70.58823529411764,,35,1,34,1,6,4,361,0,32,0,0,0,0.0,6.0,,5.0,,1.0,0,0,0,0
00-0039915,2026,2,LAC,LV,WR,31.0,67.39130434782608,,27,3,26,3,35,34,261,0,32,0,0,0,0.0,1.0,,3.0,,2.0,0,0,0,0
00-0039918,2026,2,CHI,MIN,QB,64.0,74.4186046511628,,35,0,30,0,0,0,165,5,31,42,26,138,,10.0,1.0,5.0,0.0,1.0,0,0,0,0
00-0039919,2026,2,CHI,MIN,WR,62.0,73.80952380952381,,35,4,30,3,43,47,165,0,31,0,0,0,0.0,10.0,,5.0,,1.0,0,0,0,0
00-0039920,2026,2,CLE,TB,WR,0.0,,,30,0,30,0,0,0,108,0,23,0,0,0,,5.0,,1.0,,0.0,0,0,0,0
00-0040024,2026,2,PHI,TEN,WR,31.0,75.60975609756098,,37,3,34,2,26,25,303,0,32,0,0,0,1.0,4.0,,7.0,,1.0,0,1,0,1
00-0040075,2026,2,BAL,NO,WR,31.0,58.490566037735846,,31,2,29,1,14,10,310,0,22,0,0,0,0.0,2.0,,5.0,,1.0,0,0,0,0
00-0040078,2026,2,KC,IND,RB,0.0,,,47,0,43,0,0,0,247,0,28,0,0,0,,10.0,,5.0,,3.0,0,0,0,0
00-0040122,2026,2,LV,LAC,RB,51.0,62.96296296296296,,29,7,29,4,15,2,283,21,29,48,0,0,0.0,3.0,6.0,7.0,4.0,4.0,0,0,0,0
00-0040124,2026,2,CAR,ATL,WR,53.0,66.25,,36,10,32,5,101,132,291,0,22,0,0,0,3.0,17.0,,7.0,,0.0,0,0,0,0
00-0040126,2026,2,CHI,MIN,TE,64.0,74.4186046511628,,35,3,30,1,3,13,165,0,31,0,0,0,1.0,10.0,,5.0,,1.0,0,0,0,0
00-0040128,2026,2,IND,KC,TE,58.0,65.1685393258427,,31,7,30,6,21,-13,158,1,32,3,0,0,2.0,4.0,0.0,6.0,0.0,2.0,0,1,0,1
00-0040129,2026,2,TB,CLE,WR,56.0,65.11627906976744,,34,5,33,3,16,75,413,1,25,-3,0,0,2.0,9.0,0.0,4.0,0.0,0.0,0,1,0,1
00-0040131,2026,2,NE,PIT,WR,11.0,55.0,,22,2,21,1,10,23,193,0,28,0,0,0,0.0,3.0,,0.0,,0.0,0,0,0,0
00-0040134,2026,2,DEN,JAX,WR,41.0,62.12121212121212,,31,1,29,0,0,5,270,1,28,16,0,0,0.0,5.0,0.0,6.0,0.0,4.0,0,0,0,0
00-0040138,2026,2,HOU,CIN,WR,48.0,80.0,,55,5,50,1,31,39,459,1,18,13,0,0,0.0,8.0,0.0,2.0,0.0,0.0,0,0,0,0
00-0040142,2026,2,GB,NYJ,RB,16.0,59.25925925925925,,29,0,29,0,0,0,216,8,18,32,0,0,,3.0,0.0,5.0,0.0,0.0,0,0,0,0
00-0040164,2026,2,WAS,DAL,WR,11.0,73.33333333333334,,35,0,34,0,0,0,361,0,32,0,0,0,,6.0,,5.0,,1.0,0,0,0,0
00-0040170,2026,2,TEN,PHI,WR,28.0,52.83018867924528,,20,3,17,2,69,33,113,0,29,0,0,0,1.0,3.0,,11.0,,4.0,0,0,0,0
00-0040177,2026,2,SF,MIA,RB,8.0,53.333333333333336,,22,0,21,0,0,0,181,4,27,15,0,0,,5.0,0.0,7.0,0.0,5.0,0,0,0,0
00-0040187,2026,2,CAR,ATL,TE,38.0,65.51724137931035,,36,1,32,1,13,-1,291,0,22,0,0,0,0.0,17.0,,7.0,,0.0,0,0,0,0
00-0040189,2026,2,LAC,LV,TE,30.0,68.18181818181819,,27,2,26,2,18,18,261,0,32,0,0,0,1.0,1.0,,3.0,,2.0,0,1,0,1
00-0040198,2026,2,MIA,SF,RB,11.0,57.89473684210526,,23,0,23,0,0,0,169,3,28,7,0,0,,4.0,1.0,8.0,0.0,1.0,0,0,0,0
00-0040236,2026,2,CHI,MIN,RB,25.0,73.52941176470588,,35,2,30,2,11,1,165,10,31,47,0,0,1.0,10.0,2.0,5.0,0.0,1.0,0,0,0,0
00-0040237,2026,2,TB,CLE,WR,19.0,65.51724137931035,,34,4,33,1,49,152,413,0,25,0,0,0,1.0,9.0,,4.0,,0.0,0,0,0,0
00-0040238,2026,2,JAX,DEN,RB,9.0,60.0,,29,1,28,0,0,4,290,0,24,0,0,0,1.0,3.0,,3.0,,2.0,0,0,0,0
00-0040242,2026,2,WAS,DAL,RB,26.0,70.27027027027027,,35,1,34,1,5,-1,361,12,32,43,0,0,0.0,6.0,1.0,5.0,0.0,1.0,0,0,0,0
00-0040363,2026,2,BUF,DET,TE,6.0,75.0,,31,0,28,0,0,0,248,0,36,0,0,0,,4.0,,7.0,,4.0,0,0,0,0
00-0040466,2026,2,CLE,TB,RB,11.0,57.89473684210526,,30,1,30,1,7,-4,108,2,23,4,0,0,0.0,5.0,0.0,1.0,0.0,0.0,0,0,0,0
00-0040506,2026,2,MIN,CHI,WR,26.0,52.0,,20,1,19,0,0,2,162,0,28,0,0,0,0.0,1.0,,0.0,,0.0,0,0,0,0
00-0040556,2026,2,NE,PIT,RB,4.0,57.14285714285714,,22,0,21,0,0,0,193,2,28,0,0,0,,3.0,0.0,0.0,0.0,0.0,0,0,0,0
00-0040563,2026,2,NE,PIT,WR,10.0,55.55555555555556,,22,1,21,1,-2,-2,193,0,28,0,0,0,0.0,3.0,,0.0,,0.0,0,0,0,0
00-0040582,2026,2,NYJ,GB,WR,1.0,100.0,,41,0,36,0,0,0,255,0,27,0,0,0,,6.0,,2.0,,1.0,0,0,0,0
00-0040583,2026,2,HOU,CIN,RB,38.0,79.16666666666667,,55,6,50,5,27,11,459,8,18,8,0,0,2.0,8.0,1.0,2.0,0.0,0.0,0,0,0,0
00-0040584,2026,2,TEN,PHI,TE,46.0,52.87356321839081,,20,2,17,2,13,-1,113,0,29,0,0,0,1.0,3.0,,11.0,,4.0,0,0,0,0
00-0040590,2026,2,LA,NYG,WR,43.0,62.31884057971015,,31,2,30,1,12,23,331,0,28,0,0,0,0.0,4.0,,2.0,,0.0,0,0,0,0
00-0040646,2026,2,KC,IND,WR,12.0,80.0,,47,2,43,2,6,1,247,0,28,0,0,0,1.0,10.0,,5.0,,3.0,0,1,0,1
00-0040663,2026,2,CLE,TB,TE,50.0,58.139534883720934,,30,6,30,5,54,24,108,0,23,0,0,0,0.0,5.0,,1.0,,0.0,0,0,0,0
00-0040666,2026,2,LAC,LV,RB,43.0,68.25396825396825,,27,2,26,2,21,-8,261,23,32,94,0,0,0.0,1.0,2.0,3.0,1.0,2.0,1,0,0,1
00-0040667,2026,2,GB,NYJ,WR,51.0,59.30232558139535,,29,6,29,4,58,80,216,0,18,0,0,0,0.0,3.0,,5.0,,0.0,0,0,0,0
00-0040669,2026,2,DET,BUF,WR,49.0,65.33333333333333,,38,5,38,2,26,81,337,0,20,0,0,0,1.0,7.0,,4.0,,0.0,0,0,0,0
00-0040676,2026,2,TEN,PHI,QB,53.0,53.0,,20,0,17,0,0,0,113,4,29,7,20,183,,3.0,4.0,11.0,3.0,4.0,2,0,0,1
00-0040691,2026,2,NYG,LA,QB,7.0,58.333333333333336,,32,0,32,0,0,0,341,0,21,0,5,20,,1.0,,3.0,,1.0,0,0,0,0
00-0040705,2026,2,TEN,PHI,WR,2.0,50.0,,20,0,17,0,0,0,113,0,29,0,0,0,,3.0,,11.0,,4.0,0,0,0,0
00-0040715,2026,2,NYG,LA,RB,34.0,57.6271186440678,,32,4,32,4,19,-4,341,12,21,36,0,0,0.0,1.0,1.0,3.0,0.0,1.0,0,0,0,0
00-0040719,2026,2,JAX,DEN,RB,30.0,58.8235294117647,,29,2,28,2,-3,-8,290,13,24,65,0,0,1.0,3.0,2.0,3.0,1.0,2.0,1,0,0,1
00-0040727,2026,2,LAC,LV,WR,56.0,68.29268292682927,,27,3,26,1,53,56,261,0,32,0,0,0,0.0,1.0,,3.0,,2.0,0,0,0,0
00-0040729,2026,2,LV,LAC,WR,34.0,62.96296296296296,,29,2,29,2,25,18,283,0,29,0,0,0,0.0,3.0,,7.0,,4.0,0,0,0,0
00-0040734,2026,2,NE,PIT,RB,33.0,55.0,,22,0,21,0,0,0,193,16,28,76,0,0,,3.0,0.0,0.0,0.0,0.0,1,0,0,1
00-0040735,2026,2,CHI,MIN,WR,42.0,73.6842105263158,,35,7,30,3,32,87,165,0,31,0,0,0,2.0,10.0,,5.0,,1.0,0,0,0,0
00-0040737,2026,2,LA,NYG,TE,36.0,62.06896551724138,,31,9,30,6,54,54,331,0,28,0,0,0,1.0,4.0,,2.0,,0.0,0,1,0,1
00-0040739,2026,2,SEA,ARI,TE,15.0,71.42857142857143,,26,1,26,1,17,14,227,0,40,0,0,0,0.0,6.0,,15.0,,8.0,0,0,0,0
00-0040743,2026,2,NO,BAL,QB,68.0,68.0,,34,0,32,0,0,0,192,9,27,23,34,252,,3.0,4.0,6.0,2.0,3.0,1,0,1,1
00-0040782,2026,2,CLE,TB,WR,4.0,57.14285714285714,,30,1,30,1,10,7,108,0,23,0,0,0,0.0,5.0,,1.0,,0.0,0,0,0,0
00-0040784,2026,2,CLE,TB,RB,39.0,58.208955223880594,,30,5,30,5,27,-8,108,12,23,21,0,0,0.0,5.0,1.0,1.0,0.0,0.0,0,0,0,0
00-0040785,2026,2,CIN,HOU,WR,11.0,61.111111111111114,,31,1,31,0,0,-4,173,0,23,0,0,0,0.0,1.0,,1.0,,0.0,0,0,0,0
00-0040867,2026,2,PHI,TEN,WR,48.0,76.19047619047619,,37,1,34,1,14,13,303,1,32,-5,0,0,0.0,4.0,0.0,7.0,0.0,1.0,0,0,0,0
00-0040878,2026,2,LV,LAC,RB,12.0,63.1578947368421,,29,1,29,0,0,10,283,3,29,7,0,0,0.0,3.0,1.0,7.0,0.0,4.0,0,0,0,0
00-0040886,2026,2,TEN,PHI,RB,6.0,54.54545454545455,,20,0,17,0,0,0,113,4,29,10,0,0,,3.0,1.0,11.0,0.0,4.0,0,0,0,0
00-0040894,2026,2,LV,LAC,WR,8.0,61.53846153846153,,29,1,29,0,0,27,283,0,29,0,0,0,0.0,3.0,,7.0,,4.0,0,0,0,0
00-0040948,2026,2,GB,NYJ,WR,9.0,60.0,,29,0,29,0,0,0,216,0,18,0,0,0,,3.0,,5.0,,0.0,0,0,0,0
00-0041013,2026,2,KC,IND,RB,14.0,77.77777777777779,,47,2,43,2,20,-4,247,2,28,15,0,0,0.0,10.0,0.0,5.0,0.0,3.0,0,0,0,0
00-0041027,2026,2,ARI,SEA,RB,20.0,50.0,,28,3,26,3,16,0,96,9,17,29,0,0,0.0,2.0,2.0,3.0,0.0,0.0,0,0,0,0
00-0041032,2026,2,NYJ,GB,TE,27.0,75.0,,41,3,36,2,17,8,255,0,27,0,0,0,0.0,6.0,,2.0,,1.0,0,0,0,0
00-0041037,2026,2,CLE,TB,WR,54.0,58.064516129032256,,30,7,30,5,95,60,108,0,23,0,0,0,1.0,5.0,,1.0,,0.0,0,1,0,1
00-0041040,2026,2,WAS,DAL,WR,35.0,71.42857142857143,,35,3,34,3,24,16,361,0,32,0,1,0,0.0,6.0,,5.0,,1.0,0,0,0,0
00-0041041,2026,2,NO,BAL,TE,9.0,69.23076923076923,,34,1,32,1,8,7,192,0,27,0,0,0,0.0,3.0,,6.0,,3.0,0,0,0,0
00-0041042,2026,2,NYG,LA,WR,47.0,58.02469135802469,,32,6,32,2,30,131,341,0,21,0,0,0,0.0,1.0,,3.0,,1.0,0,0,0,0
00-0041044,2026,2,ATL,CAR,WR,14.0,70.0,,32,2,31,2,14,-7,147,0,32,0,0,0,0.0,,,,,,0,0,0,0
00-0041048,2026,2,TB,CLE,WR,48.0,64.86486486486487,,34,7,33,2,27,145,413,0,25,0,0,0,2.0,9.0,,4.0,,0.0,0,0,0,0
00-0041051,2026,2,CHI,MIN,WR,2.0,66.66666666666667,,35,0,30,0,0,0,165,0,31,0,0,0,,10.0,,5.0,,1.0,0,0,0,0
00-0041052,2026,2,SF,MIA,RB,17.0,51.515151515151516,,22,0,21,0,0,0,181,7,27,25,0,0,,5.0,2.0,7.0,0.0,5.0,0,0,0,0
00-0041067,2026,2,NO,BAL,WR,54.0,68.35443037974683,,34,1,32,1,8,8,192,0,27,0,0,0,0.0,3.0,,6.0,,3.0,0,0,0,0
00-0041069,2026,2,CIN,HOU,WR,10.0,58.8235294117647,,31,1,31,1,7,6,173,0,23,0,0,0,0.0,1.0,,1.0,,0.0,0,0,0,0
00-0041096,2026,2,WAS,DAL,RB,6.0,75.0,,35,0,34,0,0,0,361,5,32,24,0,0,,6.0,0.0,5.0,0.0,1.0,0,0,0,0
00-0041099,2026,2,NO,BAL,WR,2.0,66.66666666666667,,34,0,32,0,0,0,192,0,27,0,0,0,,3.0,,6.0,,3.0,0,0,0,0
00-0041100,2026,2,JAX,DEN,WR,10.0,58.8235294117647,,29,0,28,0,0,0,290,0,24,0,0,0,,3.0,,3.0,,2.0,0,0,0,0
00-0041104,2026,2,MIN,CHI,RB,2.0,50.0,,20,1,19,1,2,-7,162,0,28,0,0,0,0.0,1.0,,0.0,,0.0,0,0,0,0
00-0041125,2026,2,IND,KC,RB,4.0,66.66666666666667,,31,0,30,0,0,0,158,2,32,0,0,0,,4.0,0.0,6.0,0.0,2.0,0,0,0,0
00-0041132,2026,2,IND,KC,WR,3.0,60.0,,31,0,30,0,0,0,158,2,32,14,0,0,,4.0,0.0,6.0,0.0,2.0,0,0,0,0
00-0041194,2026,2,ATL,CAR,QB,29.0,69.04761904761905,,32,0,31,0,0,0,147,2,32,16,15,59,,,0.0,,0.0,,0,0,0,0
00-0041326,2026,2,NO,BAL,RB,20.0,68.96551724137932,,34,0,32,0,0,0,192,1,27,2,0,0,,3.0,0.0,6.0,0.0,3.0,0,0,0,0
00-0041395,2026,2,NE,PIT,TE,11.0,55.0,,22,1,21,1,30,25,193,0,28,0,0,0,0.0,3.0,,0.0,,0.0,0,0,0,0
00-0041397,2026,2,PIT,NE,WR,0.0,,,40,0,37,0,0,0,196,0,23,0,0,0,,2.0,,0.0,,0.0,0,0,0,0
00-0041436,2026,2,MIA,SF,RB,17.0,58.62068965517242,,23,3,23,1,18,36,169,0,28,0,0,0,0.0,4.0,,8.0,,1.0,0,0,0,0
00-0041438,2026,2,TEN,PHI,WR,40.0,53.333333333333336,,20,5,17,3,27,50,113,0,29,0,0,0,0.0,3.0,,11.0,,4.0,0,0,0,0
00-0041489,2026,2,PIT,NE,WR,55.0,69.62025316455696,,40,8,37,4,35,70,196,0,23,0,0,0,1.0,2.0,,0.0,,0.0,0,0,0,0
00-0041490,2026,2,PIT,NE,RB,0.0,,,40,0,37,0,0,0,196,0,23,0,0,0,,2.0,,0.0,,0.0,0,0,0,0
00-0041496,2026,2,DEN,JAX,RB,25.0,62.5,,31,3,29,3,19,0,270,10,28,39,0,0,0.0,5.0,3.0,6.0,1.0,4.0,1,0,0,1
00-0041512,2026,2,SEA,ARI,RB,24.0,70.58823529411764,,26,2,26,1,8,16,227,13,40,52,0,0,0.0,6.0,3.0,15.0,1.0,8.0,0,0,0,0
00-0041523,2026,2,MIA,SF,WR,51.0,59.30232558139535,,23,3,23,2,19,17,169,0,28,0,0,0,1.0,4.0,,8.0,,1.0,0,0,0,0
00-0041524,2026,2,MIA,SF,TE,28.0,59.57446808510639,,23,1,23,1,4,2,169,0,28,0,0,0,0.0,4.0,,8.0,,1.0,0,0,0,0
00-0041525,2026,2,MIA,SF,WR,24.0,58.53658536585366,,23,1,23,0,0,12,169,0,28,0,0,0,0.0,4.0,,8.0,,1.0,0,0,0,0
00-0041547,2026,2,CLE,TB,WR,38.0,57.57575757575757,,30,6,30,6,28,12,108,1,23,-6,0,0,2.0,5.0,0.0,1.0,0.0,0.0,0,0,0,0
00-0041550,2026,2,LAC,LV,WR,12.0,66.66666666666667,,27,3,26,1,13,44,261,0,32,0,0,0,0.0,1.0,,3.0,,2.0,0,0,0,0
00-0041558,2026,2,CHI,MIN,TE,20.0,74.07407407407408,,35,3,30,1,9,16,165,0,31,0,0,0,1.0,10.0,,5.0,,1.0,0,0,0,0
00-0023459,2026,3,PIT,CIN,QB,62.0,62.0,,34,0,31,0,0,0,314,3,23,10,34,292,,5.0,0.0,4.0,0.0,0.0,0,0,3,0
00-0026498,2026,3,LA,DEN,QB,86.0,86.0,,55,0,49,0,0,0,518,2,23,13,55,390,,9.0,1.0,3.0,0.0,0.0,0,0,2,0
00-0027973,2026,3,PHI,CHI,QB,4.0,50.0,,26,0,25,0,0,0,159,0,19,0,1,0,,4.0,,5.0,,3.0,0,0,0,0
00-0028986,2026,3,CHI,PHI,QB,72.0,72.0,,34,0,34,0,0,0,209,4,35,6,34,247,,8.0,1.0,11.0,1.0,3.0,1,0,2,1
00-0029604,2026,3,LV,NO,QB,70.0,70.0,,33,0,30,0,0,0,264,3,27,3,33,248,,11.0,0.0,6.0,0.0,2.0,0,0,3,0
00-0029892,2026,3,SF,ARI,FB,30.0,53.57142857142857,,27,2,26,0,0,14,281,0,23,0,0,0,1.0,4.0,,4.0,,1.0,0,0,0,0
00-0030061,2026,3,PHI,CHI,TE,19.0,50.0,,26,2,25,1,9,4,159,0,19,0,0,0,1.0,4.0,,5.0,,3.0,0,0,0,0
00-0030279,2026,3,IND,HOU,WR,52.0,71.23287671232877,,36,9,35,6,63,71,276,0,31,0,0,0,2.0,6.0,,4.0,,0.0,0,1,0,1
00-0030506,2026,3,KC,MIA,TE,41.0,51.89873417721519,,24,2,23,2,59,33,161,0,25,0,0,0,1.0,8.0,,7.0,,1.0,0,1,0,1
00-0030565,2026,3,NYJ,DET,QB,66.0,66.0,,37,0,36,0,0,0,267,2,19,12,37,321,,7.0,0.0,5.0,0.0,2.0,0,0,3,0
00-0031235,2026,3,NYG,TEN,WR,6.0,66.66666666666667,,22,1,21,0,0,17,119,0,33,0,0,0,0.0,2.0,,5.0,,1.0,0,0,0,0
00-0031381,2026,3,LA,DEN,WR,71.0,85.5421686746988,,55,13,49,7,137,227,518,0,23,0,0,0,1.0,9.0,,3.0,,0.0,0,0,0,0
00-0031408,2026,3,SF,ARI,WR,18.0,54.54545454545454,,27,6,26,3,34,80,281,0,23,0,0,0,0.0,4.0,,4.0,,1.0,0,1,0,1
00-0031503,2026,3,NYG,TEN,QB,64.0,64.0,,22,0,21,0,0,0,119,2,33,14,22,118,,2.0,0.0,5.0,0.0,1.0,0,0,0,0
00-0031588,2026,3,WAS,SEA,WR,41.0,69.49152542372882,,31,7,30,4,33,33,241,0,32,0,0,0,0.0,2.0,,5.0,,0.0,0,0,0,0
00-0031595,2026,3,CLE,CAR,FB,15.0,71.42857142857143,,31,1,30,0,0,2,162,0,30,0,0,0,0.0,5.0,,6.0,,1.0,0,0,0,0
00-0031610,2026,3,CAR,CLE,TE,39.0,76.47058823529412,,48,8,42,5,51,56,407,0,23,0,0,0,0.0,4.0,,1.0,,1.0,0,0,0,0
00-0032104,2026,3,JAX,NE,RB,7.0,63.63636363636363,,29,1,27,0,0,-3,168,3,30,2,0,0,1.0,9.0,0.0,8.0,0.0,2.0,0,0,0,0
00-0032268,2026,3,WAS,SEA,QB,69.0,69.0,,31,0,30,0,0,0,241,5,32,11,31,183,,2.0,1.0,5.0,0.0,0.0,0,0,3,0
00-0032385,2026,3,NYJ,DET,WR,30.0,66.66666666666667,,37,1,36,1,3,2,267,0,19,0,0,0,1.0,7.0,,5.0,,2.0,0,0,0,0
00-0032392,2026,3,ATL,GB,TE,16.0,69.56521739130434,,25,2,23,2,11,10,162,0,41,0,0,0,1.0,2.0,,12.0,,5.0,0,1,0,1
00-0032398,2026,3,BAL,DAL,WR,33.0,63.46153846153846,,20,1,20,1,4,4,181,0,38,0,0,0,1.0,5.0,,13.0,,7.0,0,1,0,1
00-0032464,2026,3,CHI,PHI,WR,54.0,72.0,,34,7,34,6,90,58,209,0,35,0,0,0,1.0,8.0,,11.0,,3.0,0,1,0,1
00-0032764,2026,3,BAL,DAL,RB,43.0,64.17910447761194,,20,1,20,1,0,-5,181,26,38,89,0,0,0.0,5.0,9.0,13.0,6.0,7.0,2,0,0,1
00-0032951,2026,3,IND,HOU,WR,56.0,70.88607594936708,,36,1,35,1,20,18,276,0,31,0,0,0,0.0,6.0,,4.0,,0.0,0,0,0,0
00-0033077,2026,3,DAL,BAL,QB,74.0,74.0,,40,0,40,0,0,0,272,4,30,19,40,276,,10.0,1.0,8.0,0.0,2.0,0,0,1,0
00-0033090,2026,3,NE,JAX,TE,44.0,62.85714285714286,,31,2,30,1,5,15,347,0,26,0,0,0,0.0,6.0,,4.0,,2.0,0,0,0,0
00-0033106,2026,3,DET,NYJ,QB,65.0,65.0,,32,0,31,0,0,0,189,4,30,6,32,269,,9.0,0.0,7.0,0.0,2.0,0,0,2,0
00-0033110,2026,3,LA,DEN,TE,61.0,85.91549295774648,,55,11,49,8,62,78,518,0,23,0,0,0,2.0,9.0,,3.0,,0.0,0,1,0,1
00-0033119,2026,3,ARI,SF,QB,87.0,87.0,,52,0,50,0,0,0,322,4,27,4,52,280,,11.0,2.0,7.0,2.0,2.0,1,0,2,1
00-0033217,2026,3,IND,HOU,TE,27.0,71.05263157894737,,36,1,35,1,16,0,276,0,31,0,0,0,0.0,6.0,,4.0,,0.0,0,0,0,0
00-0033246,2026,3,PHI,CHI,TE,26.0,50.0,,26,1,25,1,4,-6,159,0,19,0,0,0,0.0,4.0,,5.0,,3.0,0,0,0,0
00-0033280,2026,3,SF,ARI,RB,45.0,54.21686746987952,,27,5,26,4,41,32,281,15,23,75,0,0,1.0,4.0,2.0,4.0,1.0,1.0,1,0,0,1
00-0033288,2026,3,SF,ARI,TE,46.0,54.11764705882353,,27,7,26,6,82,54,281,0,23,0,0,0,2.0,4.0,,4.0,,1.0,0,2,0,1
00-0033293,2026,3,MIN,TB,RB,47.0,58.75,,29,6,25,5,34,-11,232,17,23,58,0,0,0.0,,0.0,,0.0,,0,0,0,0
00-0033307,2026,3,ARI,SF,WR,48.0,87.27272727272727,,52,3,50,2,22,6,322,0,27,0,0,0,1.0,11.0,,7.0,,2.0,0,0,0,0
00-0033526,2026,3,CIN,PIT,RB,18.0,56.25,,37,3,37,1,5,6,259,3,18,9,0,0,0.0,3.0,1.0,1.0,0.0,0.0,0,0,0,0
00-0033537,2026,3,CLE,CAR,QB,69.0,69.6969696969697,,31,0,30,0,0,0,162,11,30,45,30,144,,5.0,3.0,6.0,1.0,1.0,0,0,2,0
00-0033555,2026,3,NE,JAX,WR,48.0,63.1578947368421,,31,9,30,6,87,120,347,0,26,0,0,0,3.0,6.0,,4.0,,2.0,0,0,0,0
00-0033576,2026,3,SEA,WAS,TE,18.0,66.66666666666666,,46,2,45,1,13,6,290,0,18,0,0,0,1.0,9.0,,3.0,,3.0,0,1,0,1
00-0033589,2026,3,CAR,CLE,WR,5.0,83.33333333333334,,48,2,42,0,0,59,407,0,23,0,0,0,0.0,4.0,,1.0,,1.0,0,0,0,0
00-0033757,2026,3,PIT,CIN,TE,4.0,66.66666666666667,,34,1,31,1,2,0,314,0,23,0,0,0,1.0,5.0,,4.0,,0.0,0,0,0,0
00-0033858,2026,3,GB,ATL,TE,22.0,66.66666666666666,,53,3,51,2,16,19,406,0,9,0,0,0,1.0,8.0,,3.0,,1.0,0,0,0,0
00-0033873,2026,3,KC,MIA,QB,52.0,52.0,,24,0,23,0,0,0,161,1,25,1,24,246,,8.0,0.0,7.0,0.0,1.0,0,0,2,0
00-0033881,2026,3,DEN,LA,TE,40.0,66.66666666666667,,34,2,31,0,0,1,190,0,25,0,0,0,0.0,12.0,,5.0,,3.0,0,0,0,0
00-0033906,2026,3,NO,LV,RB,24.0,75.0,,42,1,40,1,5,-1,308,9,28,36,0,0,0.0,9.0,1.0,5.0,0.0,1.0,0,0,0,0
00-0033908,2026,3,SEA,WAS,WR,45.0,67.16417910447761,,46,5,45,4,46,35,290,0,18,0,0,0,1.0,9.0,,3.0,,3.0,0,1,0,1
00-0033921,2026,3,TB,MIN,WR,43.0,69.35483870967742,,37,4,35,3,25,16,336,0,21,0,0,0,0.0,4.0,,0.0,,0.0,0,0,0,0
00-0034272,2026,3,LAC,BUF,WR,3.0,75.0,,34,1,33,0,0,22,292,0,28,0,0,0,0.0,7.0,,8.0,,2.0,0,0,0,0
00-0034348,2026,3,DEN,LA,WR,58.0,66.66666666666667,,34,7,31,3,46,83,190,0,25,0,0,0,3.0,12.0,,5.0,,3.0,0,0,0,0
00-0034383,2026,3,HOU,IND,TE,29.0,53.7037037037037,,27,3,25,3,30,27,278,0,21,0,0,0,1.0,4.0,,3.0,,1.0,0,0,0,0
00-0034419,2026,3,NYG,TEN,WR,5.0,62.5,,22,0,21,0,0,0,119,0,33,0,0,0,,2.0,,5.0,,1.0,0,0,0,0
00-0034613,2026,3,CIN,PIT,TE,13.0,56.52173913043478,,37,2,37,2,13,9,259,0,18,0,0,0,0.0,3.0,,1.0,,0.0,0,0,0,0
00-0034753,2026,3,BAL,DAL,TE,33.0,63.46153846153846,,20,5,20,3,24,41,181,0,38,0,0,0,0.0,5.0,,13.0,,7.0,0,0,0,0
00-0034796,2026,3,BAL,DAL,QB,64.0,64.0,,20,0,20,0,0,0,181,6,38,50,20,186,,5.0,4.0,13.0,1.0,7.0,0,0,2,0
00-0034827,2026,3,BUF,LAC,WR,42.0,65.625,,26,10,26,6,67,127,266,0,33,0,0,0,2.0,4.0,,6.0,,4.0,0,0,0,0
00-0034829,2026,3,CIN,PIT,TE,29.0,56.86274509803921,,37,3,37,3,37,32,259,0,18,0,0,0,0.0,3.0,,1.0,,0.0,0,1,0,1
00-0034837,2026,3,TEN,NYG,WR,20.0,60.6060606060606,,36,1,35,0,0,7,227,0,21,0,0,0,0.0,7.0,,3.0,,1.0,0,0,0,0
00-0034844,2026,3,PHI,CHI,RB,36.0,50.0,,26,2,25,1,-2,-6,159,15,19,82,0,0,0.0,4.0,3.0,5.0,2.0,3.0,0,0,0,0
00-0034854,2026,3,SF,ARI,WR,30.0,53.57142857142857,,27,0,26,0,0,0,281,0,23,0,0,0,,4.0,,4.0,,1.0,0,0,0,0
00-0034855,2026,3,TB,MIN,QB,65.0,69.14893617021276,,37,0,35,0,0,0,336,2,21,6,34,217,,4.0,0.0,0.0,0.0,0.0,0,0,1,0
00-0034857,2026,3,BUF,LAC,QB,66.0,66.0,,26,1,26,1,1,-8,266,8,33,22,26,204,0.0,4.0,3.0,6.0,2.0,4.0,2,0,0,1
00-0034869,2026,3,SEA,WAS,QB,67.0,67.0,,46,0,45,0,0,0,290,1,18,5,45,379,,9.0,0.0,3.0,0.0,3.0,0,0,4,0
00-0034960,2026,3,JAX,NE,WR,50.0,61.72839506172839,,29,8,27,7,64,64,168,0,30,0,0,0,2.0,9.0,,8.0,,2.0,0,1,0,1
00-0034975,2026,3,BAL,DAL,RB,21.0,63.63636363636363,,20,0,20,0,0,0,181,5,38,33,0,0,,5.0,0.0,13.0,0.0,7.0,0,0,0,0
00-0034981,2026,3,HOU,IND,TE,31.0,54.385964912280706,,27,4,25,2,7,13,278,0,21,0,0,0,2.0,4.0,,3.0,,1.0,0,1,0,1
00-0035125,2026,3,LAC,BUF,FB,31.0,68.88888888888889,,34,4,33,3,35,39,292,0,28,0,0,0,1.0,7.0,,8.0,,2.0,0,0,0,0
00-0035208,2026,3,ATL,GB,WR,24.0,70.58823529411764,,25,2,23,2,9,0,162,0,41,0,0,0,0.0,2.0,,12.0,,5.0,0,0,0,0
00-0035228,2026,3,MIN,TB,QB,59.0,59.0,,29,0,25,0,0,0,232,2,23,17,29,168,,,0.0,,0.0,,0,0,1,0
00-0035229,2026,3,MIN,TB,TE,50.0,58.82352941176471,,29,4,25,2,11,44,232,0,23,0,0,0,0.0,,,,,,0,0,0,0
00-0035249,2026,3,MIN,TB,TE,24.0,58.53658536585366,,29,0,25,0,0,0,232,0,23,0,0,0,,,,,,,0,0,0,0
00-0035261,2026,3,TEN,NYG,RB,32.0,60.37735849056603,,36,4,35,4,22,2,227,17,21,74,0,0,0.0,7.0,3.0,3.0,1.0,1.0,0,0,0,0
00-0035500,2026,3,BUF,LAC,WR,5.0,62.5,,26,0,26,0,0,0,266,0,33,0,0,0,,4.0,,6.0,,4.0,0,0,0,0
00-0035537,2026,3,BUF,LAC,RB,15.0,65.21739130434783,,26,4,26,4,50,0,266,0,33,0,0,0,0.0,4.0,,6.0,,4.0,0,0,0,0
00-0035544,2026,3,DET,NYJ,WR,0.0,,,32,0,31,0,0,0,189,0,30,0,0,0,,9.0,,7.0,,2.0,0,0,0,0
00-0035594,2026,3,PIT,CIN,RB,3.0,60.0,,34,0,31,0,0,0,314,1,23,0,0,0,,5.0,1.0,4.0,0.0,0.0,0,0,0,0
00-0035631,2026,3,CIN,PIT,TE,29.0,56.86274509803921,,37,2,37,1,0,3,259,0,18,0,0,0,0.0,3.0,,1.0,,0.0,0,0,0,0
00-0035640,2026,3,PIT,CIN,WR,59.0,62.10526315789474,,34,5,31,3,31,73,314,0,23,0,0,0,1.0,5.0,,4.0,,0.0,0,1,0,1
00-0035644,2026,3,NO,LV,TE,42.0,73.6842105263158,,42,4,40,4,33,13,308,0,28,0,0,0,2.0,9.0,,5.0,,1.0,0,2,0,1
00-0035659,2026,3,WAS,SEA,WR,52.0,69.33333333333333,,31,9,30,6,77,110,241,0,32,0,0,0,0.0,2.0,,5.0,,0.0,0,1,0,1
00-0035685,2026,3,HOU,IND,RB,34.0,53.96825396825397,,27,2,25,2,15,11,278,11,21,33,0,0,0.0,4.0,1.0,3.0,0.0,1.0,0,0,0,0
00-0035689,2026,3,BUF,LAC,TE,46.0,65.71428571428572,,26,1,26,1,5,3,266,1,33,0,0,0,0.0,4.0,0.0,6.0,0.0,4.0,0,0,0,0
00-0035710,2026,3,IND,HOU,QB,71.0,71.0,,36,0,35,0,0,0,276,3,31,5,36,235,,6.0,1.0,4.0,0.0,0.0,0,0,1,0
00-0035719,2026,3,SF,ARI,WR,41.0,53.94736842105263,,27,0,26,0,80,0,281,2,23,14,0,0,,4.0,0.0,4.0,0.0,1.0,0,1,0,1
00-0035891,2026,3,LV,NO,WR,,,,33,3,30,1,4,14,264,0,27,0,0,0,2.0,11.0,,6.0,,2.0,0,1,0,1
00-0036040,2026,3,NO,LV,TE,46.0,74.19354838709677,,42,8,40,8,53,15,308,0,28,0,0,0,2.0,9.0,,5.0,,1.0,0,2,0,1
00-0036158,2026,3,DEN,LA,RB,33.0,67.34693877551021,,34,2,31,1,4,-3,190,17,25,49,0,0,0.0,12.0,3.0,5.0,1.0,3.0,0,0,0,0
00-0036223,2026,3,IND,HOU,RB,60.0,70.58823529411765,,36,3,35,2,4,-13,276,23,31,68,0,0,1.0,6.0,2.0,4.0,0.0,0.0,0,0,0,0
00-0036244,2026,3,LA,DEN,TE,37.0,86.04651162790698,,55,1,49,0,0,3,518,0,23,0,0,0,1.0,9.0,,3.0,,0.0,0,0,0,0
00-0036252,2026,3,PIT,CIN,WR,45.0,61.64383561643836,,34,5,31,2,16,40,314,0,23,0,0,0,0.0,5.0,,4.0,,0.0,0,0,0,0
00-0036259,2026,3,MIN,TB,WR,47.0,58.75,,29,2,25,1,1,22,232,0,23,0,0,0,0.0,,,,,,0,0,0,0
00-0036264,2026,3,GB,ATL,QB,66.0,66.0,,53,0,51,0,0,0,406,1,9,0,53,312,,8.0,0.0,3.0,0.0,1.0,0,0,2,0
00-0036265,2026,3,CAR,CLE,RB,12.0,75.0,,48,1,42,1,-2,-7,407,4,23,16,0,0,0.0,4.0,0.0,1.0,0.0,1.0,0,0,0,0
00-0036275,2026,3,CHI,PHI,RB,50.0,72.46376811594203,,34,3,34,2,4,-1,209,20,35,84,0,0,0.0,8.0,6.0,11.0,2.0,3.0,0,0,0,0
00-0036290,2026,3,CHI,PHI,TE,43.0,71.66666666666667,,34,1,34,0,0,6,209,0,35,0,0,0,0.0,8.0,,11.0,,3.0,0,0,0,0
00-0036309,2026,3,NYG,TEN,WR,28.0,63.63636363636363,,22,3,21,2,20,31,119,1,33,9,0,0,0.0,2.0,0.0,5.0,0.0,1.0,0,0,0,0
00-0036322,2026,3,MIN,TB,WR,7.0,58.333333333333336,,29,2,25,2,32,18,232,0,23,0,0,0,0.0,,,,,,0,0,0,0
00-0036331,2026,3,ARI,SF,WR,0.0,,,52,0,50,0,0,0,322,0,27,0,0,0,,11.0,,7.0,,2.0,0,0,0,0
00-0036355,2026,3,LAC,BUF,QB,69.0,69.0,,34,0,33,0,0,0,292,4,28,17,34,226,,7.0,0.0,8.0,0.0,2.0,0,0,1,0
00-0036358,2026,3,DAL,BAL,WR,61.0,74.39024390243902,,40,8,40,7,112,85,272,0,30,0,0,0,1.0,10.0,,8.0,,2.0,0,0,0,0
00-0036389,2026,3,PHI,CHI,QB,46.0,50.0,,26,0,25,0,0,0,159,4,19,25,25,153,,4.0,2.0,5.0,1.0,3.0,1,0,0,1
00-0036410,2026,3,CIN,PIT,WR,53.0,56.98924731182795,,37,7,37,6,90,92,259,0,18,0,0,0,1.0,3.0,,1.0,,0.0,0,1,0,1
00-0036425,2026,3,MIN,TB,RB,9.0,60.0,,29,0,25,0,0,0,232,1,23,2,0,0,,,0.0,,0.0,,0,0,0,0
00-0036442,2026,3,CIN,PIT,QB,57.0,57.0,,37,0,37,0,0,0,259,2,18,13,37,282,,3.0,0.0,1.0,0.0,0.0,0,0,3,0
00-0036463,2026,3,ATL,GB,WR,13.0,72.22222222222223,,25,0,23,0,0,0,162,0,41,0,0,0,1.0,2.0,,12.0,,5.0,0,0,0,0
00-0036550,2026,3,BAL,DAL,WR,56.0,63.63636363636363,,20,3,20,2,37,27,181,0,38,0,0,0,1.0,5.0,,13.0,,7.0,0,0,0,0
00-0036555,2026,3,CAR,CLE,RB,65.0,77.38095238095238,,48,4,42,4,28,-14,407,19,23,82,0,0,0.0,4.0,1.0,1.0,1.0,1.0,0,0,0,0
00-0036613,2026,3,DEN,LA,WR,49.0,67.12328767123287,,34,7,31,2,10,81,190,1,25,14,0,0,1.0,12.0,0.0,5.0,0.0,3.0,0,0,0,0
00-0036626,2026,3,WAS,SEA,WR,21.0,70.0,,31,1,30,0,0,22,241,0,32,0,0,0,0.0,2.0,,5.0,,0.0,0,0,0,0
00-0036628,2026,3,WAS,SEA,TE,37.0,68.51851851851852,,31,1,30,1,9,2,241,0,32,0,0,0,0.0,2.0,,5.0,,0.0,0,0,0,0
00-0036630,2026,3,CLE,CAR,WR,14.0,70.0,,31,0,30,0,0,0,162,0,30,0,0,0,,5.0,,6.0,,1.0,0,0,0,0
00-0036637,2026,3,KC,MIA,TE,33.0,52.38095238095238,,24,3,23,3,39,22,161,0,25,0,0,0,1.0,8.0,,7.0,,1.0,0,0,0,0
00-0036646,2026,3,ARI,SF,WR,0.0,,,52,0,50,0,0,0,322,0,27,0,0,0,,11.0,,7.0,,2.0,0,0,0,0
00-0036727,2026,3,DEN,LA,FB,4.0,66.66666666666667,,34,0,31,0,0,0,190,0,25,0,0,0,,12.0,,5.0,,3.0,0,0,0,0
00-0036754,2026,3,DET,NYJ,TE,38.0,65.51724137931035,,32,2,31,2,7,4,189,0,30,0,0,0,0.0,9.0,,7.0,,2.0,0,0,0,0
00-0036825,2026,3,CAR,CLE,TE,0.0,,,48,0,42,0,0,0,407,0,23,0,0,0,,4.0,,1.0,,1.0,0,0,0,0
00-0036862,2026,3,PIT,CIN,WR,11.0,61.111111111111114,,34,1,31,1,23,23,314,0,23,0,0,0,0.0,5.0,,4.0,,0.0,0,1,0,1
00-0036875,2026,3,NE,JAX,RB,33.0,63.46153846153846,,31,3,30,3,16,0,347,7,26,22,0,0,0.0,6.0,1.0,4.0,1.0,2.0,0,0,0,0
00-0036887,2026,3,SF,ARI,TE,18.0,54.54545454545454,,27,1,26,0,0,26,281,0,23,0,0,0,0.0,4.0,,4.0,,1.0,0,0,0,0
00-0036893,2026,3,NYG,TEN,RB,14.0,63.63636363636363,,22,0,21,0,0,0,119,9,33,52,0,0,,2.0,1.0,5.0,0.0,1.0,0,0,0,0
00-0036894,2026,3,PIT,CIN,TE,37.0,61.66666666666667,,34,4,31,2,30,50,314,1,23,1,0,0,0.0,5.0,0.0,4.0,0.0,0.0,0,0,0,0
00-0036900,2026,3,CIN,PIT,WR,57.0,57.0,,37,12,37,9,98,99,259,0,18,0,0,0,2.0,3.0,,1.0,,0.0,0,1,0,1
00-0036912,2026,3,PHI,CHI,WR,50.0,50.0,,26,8,25,6,65,56,159,0,19,0,0,0,1.0,4.0,,5.0,,3.0,0,0,0,0
00-0036919,2026,3,TB,MIN,RB,32.0,69.56521739130434,,37,5,35,2,14,15,336,3,21,-4,0,0,1.0,4.0,0.0,0.0,0.0,0.0,0,0,0,0
00-0036963,2026,3,DET,NYJ,WR,48.0,64.86486486486487,,32,8,31,4,19,57,189,0,30,0,0,0,3.0,9.0,,7.0,,2.0,0,1,0,1
00-0036970,2026,3,ATL,GB,TE,42.0,71.1864406779661,,25,2,23,1,5,8,162,0,41,0,0,0,0.0,2.0,,12.0,,5.0,0,0,0,0
00-0036971,2026,3,JAX,NE,QB,59.0,62.10526315789474,,29,0,27,0,0,0,168,4,30,25,29,182,,9.0,1.0,8.0,0.0,2.0,0,0,3,0
00-0036973,2026,3,NO,LV,RB,28.0,73.6842105263158,,42,2,40,2,13,0,308,13,28,57,0,0,0.0,9.0,3.0,5.0,1.0,1.0,0,0,0,0
00-0036997,2026,3,DAL,BAL,RB,56.0,73.6842105263158,,40,3,40,2,5,-9,272,19,30,98,0,0,0.0,10.0,5.0,8.0,2.0,2.0,1,0,0,1
00-0037004,2026,3,ARI,SF,TE,30.0,88.23529411764706,,52,1,50,1,5,5,322,0,27,0,0,0,0.0,11.0,,7.0,,2.0,0,0,0,0
00-0037005,2026,3,CAR,CLE,TE,37.0,77.08333333333334,,48,4,42,3,41,25,407,0,23,0,0,0,0.0,4.0,,1.0,,1.0,0,0,0,0
00-0037085,2026,3,DEN,LA,RB,12.0,66.66666666666667,,34,1,31,1,12,6,190,1,25,2,0,0,1.0,12.0,0.0,5.0,0.0,3.0,0,0,0,0
00-0037091,2026,3,GB,ATL,WR,21.0,65.625,,53,1,51,0,0,30,406,0,9,0,0,0,0.0,8.0,,3.0,,1.0,0,0,0,0
00-0037093,2026,3,LV,NO,WR,12.0,70.58823529411764,,33,0,30,0,0,0,264,0,27,0,0,0,,11.0,,6.0,,2.0,0,0,0,0
00-0037120,2026,3,DAL,BAL,RB,11.0,73.33333333333334,,40,1,40,1,-5,-6,272,6,30,22,0,0,0.0,10.0,1.0,8.0,0.0,2.0,0,0,0,0
00-0037132,2026,3,PHI,CHI,WR,0.0,,,26,0,25,0,0,0,159,0,19,0,0,0,,4.0,,5.0,,3.0,0,0,0,0
00-0037228,2026,3,PIT,CIN,RB,56.0,62.22222222222222,,34,4,31,3,49,-2,314,17,23,127,0,0,1.0,5.0,2.0,4.0,0.0,0.0,0,0,0,0
00-0037238,2026,3,ATL,GB,WR,66.0,70.96774193548387,,25,10,23,9,194,97,162,0,41,0,0,0,0.0,2.0,,12.0,,5.0,0,0,0,0
00-0037239,2026,3,NO,LV,WR,62.0,73.80952380952381,,42,13,40,9,107,134,308,0,28,0,0,0,3.0,9.0,,5.0,,1.0,0,0,0,0
00-0037240,2026,3,DET,NYJ,WR,53.0,64.63414634146342,,32,4,31,4,49,48,189,0,30,0,0,0,0.0,9.0,,7.0,,2.0,0,0,0,0
00-0037247,2026,3,DAL,BAL,WR,63.0,74.11764705882354,,40,11,40,7,82,80,272,0,30,0,0,0,2.0,10.0,,8.0,,2.0,0,0,0,0
00-0037248,2026,3,BUF,LAC,RB,44.0,65.67164179104478,,26,1,26,0,0,-2,266,24,33,154,0,0,0.0,4.0,3.0,6.0,2.0,4.0,1,0,0,1
00-0037252,2026,3,MIA,KC,TE,51.0,72.85714285714286,,36,7,35,5,55,57,379,0,31,0,0,0,1.0,3.0,,3.0,,1.0,0,0,0,0
00-0037256,2026,3,WAS,SEA,RB,30.0,69.76744186046511,,31,1,30,1,6,6,241,8,32,35,0,0,1.0,2.0,1.0,5.0,0.0,0.0,0,1,0,1
00-0037261,2026,3,BUF,LAC,WR,48.0,65.75342465753425,,26,3,26,1,6,11,266,0,33,0,0,0,1.0,4.0,,6.0,,4.0,0,0,0,0
00-0037263,2026,3,ARI,SF,RB,31.0,86.11111111111111,,52,4,50,4,10,-22,322,2,27,-1,0,0,1.0,11.0,1.0,7.0,0.0,2.0,0,0,0,0
00-0037291,2026,3,LV,NO,WR,40.0,70.17543859649123,,33,3,30,1,16,44,264,0,27,0,0,0,0.0,11.0,,6.0,,2.0,0,0,0,0
00-0037304,2026,3,LV,NO,FB,19.0,70.37037037037037,,33,0,30,0,0,0,264,0,27,0,0,0,,11.0,,6.0,,2.0,0,0,0,0
00-0037311,2026,3,TB,MIN,TE,2.0,66.66666666666667,,37,0,35,0,0,0,336,0,21,0,0,0,,4.0,,0.0,,0.0,0,0,0,0
00-0037317,2026,3,ATL,GB,TE,17.0,70.83333333333334,,25,0,23,0,0,0,162,0,41,0,0,0,,2.0,,12.0,,5.0,0,0,0,0
00-0037545,2026,3,SEA,WAS,WR,31.0,67.39130434782608,,46,3,45,2,14,15,290,0,18,0,0,0,0.0,9.0,,3.0,,3.0,0,0,0,0
00-0037594,2026,3,TEN,NYG,RB,0.0,,,36,0,35,0,0,0,227,0,21,0,0,0,,7.0,,3.0,,1.0,0,0,0,0
00-0037614,2026,3,CAR,CLE,WR,43.0,76.78571428571428,,48,5,42,2,19,39,407,0,23,0,0,0,1.0,4.0,,1.0,,1.0,0,1,0,1
00-0037740,2026,3,NYJ,DET,WR,62.0,65.95744680851064,,37,13,36,10,107,132,267,0,19,0,0,0,1.0,7.0,,5.0,,2.0,0,1,0,1
00-0037741,2026,3,ATL,GB,WR,47.0,71.2121212121212,,25,3,23,1,11,44,162,0,41,0,0,0,0.0,2.0,,12.0,,5.0,0,0,0,0
00-0037742,2026,3,WAS,SEA,WR,25.0,69.44444444444444,,31,2,30,2,13,9,241,0,32,0,0,0,1.0,2.0,,5.0,,0.0,0,1,0,1
00-0037744,2026,3,ARI,SF,TE,79.0,86.8131868131868,,52,11,50,9,75,57,322,0,27,0,0,0,2.0,11.0,,7.0,,2.0,0,0,0,0
00-0037746,2026,3,ATL,GB,RB,19.0,70.37037037037037,,25,0,23,0,0,0,162,10,41,50,0,0,,2.0,1.0,12.0,0.0,5.0,1,0,0,1
00-0037755,2026,3,NYJ,DET,TE,25.0,65.78947368421052,,37,1,36,1,20,19,267,0,19,0,0,0,0.0,7.0,,5.0,,2.0,0,0,0,0
00-0037801,2026,3,DAL,BAL,WR,12.0,75.0,,40,2,40,1,9,15,272,1,30,9,0,0,1.0,10.0,1.0,8.0,0.0,2.0,1,0,0,1
00-0037805,2026,3,NYJ,DET,TE,28.0,66.66666666666667,,37,5,36,5,39,15,267,0,19,0,0,0,1.0,7.0,,5.0,,2.0,0,1,0,1
00-0037816,2026,3,NE,JAX,WR,46.0,63.013698630136986,,31,4,30,3,49,51,347,0,26,0,0,0,1.0,6.0,,4.0,,2.0,0,0,0,0
00-0037834,2026,3,SF,ARI,QB,54.0,54.0,,27,0,26,0,0,0,281,2,23,34,27,297,,4.0,0.0,4.0,0.0,1.0,0,0,4,0
00-0037838,2026,3,NYG,TEN,TE,54.0,64.28571428571429,,22,5,21,2,13,21,119,0,33,0,0,0,0.0,2.0,,5.0,,1.0,0,0,0,0
00-0037840,2026,3,LA,DEN,RB,61.0,85.91549295774648,,55,7,49,6,70,44,518,15,23,88,0,0,0.0,9.0,2.0,3.0,0.0,0.0,0,0,0,0
00-0038041,2026,3,DAL,BAL,TE,51.0,73.91304347826087,,40,5,40,3,23,12,272,0,30,0,0,0,1.0,10.0,,8.0,,2.0,0,1,0,1
00-0038090,2026,3,GB,ATL,WR,34.0,65.38461538461539,,53,7,51,3,31,23,406,0,9,0,0,0,2.0,8.0,,3.0,,1.0,0,0,0,0
00-0038104,2026,3,KC,MIA,WR,24.0,52.17391304347826,,24,2,23,2,22,20,161,0,25,0,0,0,0.0,8.0,,7.0,,1.0,0,0,0,0
00-0038115,2026,3,TEN,NYG,TE,24.0,60.0,,36,2,35,2,16,-1,227,0,21,0,0,0,0.0,7.0,,3.0,,1.0,0,0,0,0
00-0038117,2026,3,TEN,NYG,WR,38.0,60.317460317460316,,36,11,35,7,57,62,227,0,21,0,0,0,3.0,7.0,,3.0,,1.0,0,1,0,1
00-0038120,2026,3,NYJ,DET,RB,32.0,66.66666666666667,,37,3,36,3,23,-2,267,13,19,32,0,0,0.0,7.0,3.0,5.0,2.0,2.0,0,0,0,0
00-0038124,2026,3,GB,ATL,WR,53.0,66.25,,53,10,51,7,96,91,406,0,9,0,0,0,3.0,8.0,,3.0,,1.0,0,1,0,1
00-0038128,2026,3,MIA,KC,QB,73.0,73.0,,36,0,35,0,0,0,379,9,31,56,36,210,,3.0,0.0,3.0,0.0,1.0,0,0,0,0
00-0038129,2026,3,TB,MIN,TE,65.0,69.14893617021276,,37,6,35,3,56,61,336,0,21,0,0,0,0.0,4.0,,0.0,,0.0,0,0,0,0
00-0038134,2026,3,KC,MIA,RB,38.0,52.054794520547944,,24,2,23,2,3,-7,161,18,25,70,0,0,2.0,8.0,7.0,7.0,1.0,1.0,1,1,0,1
00-0038359,2026,3,LA,DEN,WR,38.0,86.36363636363636,,55,0,49,0,0,0,518,0,23,0,0,0,,9.0,,3.0,,0.0,0,0,0,0
00-0038393,2026,3,PHI,CHI,WR,44.0,50.0,,26,5,25,2,32,55,159,0,19,0,0,0,2.0,4.0,,5.0,,3.0,0,0,0,0
00-0038409,2026,3,PIT,CIN,RB,3.0,60.0,,34,0,31,0,0,0,314,1,23,0,0,0,,5.0,1.0,4.0,0.0,0.0,0,0,0,0
00-0038454,2026,3,LAC,BUF,RB,26.0,68.42105263157895,,34,3,33,3,-5,-11,292,8,28,52,0,0,1.0,7.0,1.0,8.0,0.0,2.0,0,1,0,1
00-0038476,2026,3,NE,JAX,QB,12.0,63.1578947368421,,31,0,30,0,0,0,347,1,26,2,5,30,,6.0,0.0,4.0,0.0,2.0,0,0,0,0
00-0038488,2026,3,SEA,WAS,RB,12.0,66.66666666666667,,46,1,45,1,20,13,290,0,18,0,0,0,0.0,9.0,,3.0,,3.0,0,0,0,0
00-0038489,2026,3,KC,MIA,RB,0.0,,,24,0,23,0,0,0,161,0,25,0,0,0,,8.0,,7.0,,1.0,0,0,0,0
00-0038498,2026,3,PHI,CHI,TE,13.0,50.0,,26,0,25,0,0,0,159,0,19,0,0,0,,4.0,,5.0,,3.0,0,0,0,0
00-0038519,2026,3,KC,MIA,WR,0.0,,,24,0,23,0,0,0,161,0,25,0,0,0,,8.0,,7.0,,1.0,0,0,0,0
00-0038542,2026,3,ATL,GB,RB,51.0,70.83333333333334,,25,2,23,2,19,-10,162,29,41,194,0,0,0.0,2.0,11.0,12.0,5.0,5.0,2,0,0,1
00-0038543,2026,3,SEA,WAS,WR,58.0,66.66666666666667,,46,14,45,10,128,151,290,0,18,0,1,14,3.0,9.0,,3.0,,3.0,0,2,0,1
00-0038544,2026,3,LAC,BUF,WR,60.0,68.96551724137932,,34,6,33,3,40,68,292,0,28,0,0,0,0.0,7.0,,8.0,,2.0,0,0,0,0
00-0038547,2026,3,DAL,BAL,TE,16.0,72.72727272727273,,40,1,40,1,9,6,272,0,30,0,0,0,0.0,10.0,,8.0,,2.0,0,0,0,0
00-0038551,2026,3,NO,LV,RB,14.0,73.6842105263158,,42,3,40,2,5,-5,308,4,28,14,0,0,0.0,9.0,0.0,5.0,0.0,1.0,0,0,0,0
00-0038555,2026,3,PHI,CHI,RB,2.0,50.0,,26,1,25,1,5,0,159,0,19,0,0,0,0.0,4.0,,5.0,,3.0,0,0,0,0
00-0038558,2026,3,PIT,CIN,TE,47.0,61.8421052631579,,34,4,31,3,67,16,314,0,23,0,0,0,0.0,5.0,,4.0,,0.0,0,0,0,0
00-0038559,2026,3,ARI,SF,WR,81.0,87.09677419354838,,52,17,50,11,89,162,322,0,27,0,0,0,5.0,11.0,,7.0,,2.0,0,1,0,1
00-0038563,2026,3,LV,NO,WR,40.0,70.17543859649123,,33,4,30,4,43,35,264,0,27,0,0,0,0.0,11.0,,6.0,,2.0,0,0,0,0
00-0038564,2026,3,NE,JAX,TE,9.0,64.28571428571428,,31,0,30,0,0,0,347,0,26,0,0,0,,6.0,,4.0,,2.0,0,0,0,0
00-0038573,2026,3,LAC,BUF,WR,1.0,100.0,,34,0,33,0,0,0,292,0,28,0,0,0,,7.0,,8.0,,2.0,0,0,0,0
00-0038597,2026,3,CIN,PIT,RB,40.0,57.142857142857146,,37,2,37,2,8,-1,259,13,18,61,0,0,0.0,3.0,0.0,1.0,0.0,0.0,0,0,0,0
00-0038606,2026,3,JAX,NE,WR,50.0,61.72839506172839,,29,5,27,3,40,50,168,0,30,0,0,0,3.0,9.0,,8.0,,2.0,0,1,0,1
00-0038608,2026,3,HOU,IND,WR,37.0,53.62318840579711,,27,2,25,2,21,15,278,0,21,0,0,0,1.0,4.0,,3.0,,1.0,0,0,0,0
00-0038611,2026,3,JAX,NE,RB,13.0,61.904761904761905,,29,0,27,0,0,0,168,8,30,37,0,0,,9.0,3.0,8.0,1.0,2.0,1,0,0,1
00-0038618,2026,3,HOU,IND,WR,29.0,53.7037037037037,,27,6,25,3,51,121,278,2,21,4,0,0,0.0,4.0,0.0,3.0,0.0,1.0,0,0,0,0
00-0038621,2026,3,NE,JAX,WR,37.0,62.71186440677966,,31,5,30,1,38,104,347,0,26,0,0,0,1.0,6.0,,4.0,,2.0,0,0,0,0
00-0038640,2026,3,ARI,SF,WR,4.0,80.0,,52,1,50,0,0,12,322,0,27,0,0,0,0.0,11.0,,7.0,,2.0,0,0,0,0
00-0038643,2026,3,SF,ARI,TE,2.0,50.0,,27,0,26,0,0,0,281,0,23,0,0,0,,4.0,,4.0,,1.0,0,0,0,0
00-0038685,2026,3,GB,ATL,RB,27.0,65.85365853658537,,53,1,51,1,4,-1,406,0,9,0,0,0,0.0,8.0,,3.0,,1.0,0,0,0,0
00-0038728,2026,3,HOU,IND,WR,33.0,54.09836065573771,,27,4,25,1,20,69,278,0,21,0,0,0,0.0,4.0,,3.0,,1.0,0,0,0,0
00-0038740,2026,3,NO,LV,WR,0.0,,,42,0,40,0,0,0,308,0,28,0,0,0,,9.0,,5.0,,1.0,0,0,0,0
00-0038783,2026,3,DEN,LA,TE,23.0,67.6470588235294,,34,2,31,1,8,6,190,0,25,0,0,0,2.0,12.0,,5.0,,3.0,0,1,0,1
00-0038797,2026,3,SEA,WAS,RB,24.0,66.66666666666667,,46,0,45,0,0,0,290,9,18,14,0,0,,9.0,2.0,3.0,2.0,3.0,0,0,0,0
00-0038824,2026,3,MIA,KC,WR,16.0,72.72727272727273,,36,3,35,2,15,2,379,0,31,0,0,0,0.0,3.0,,3.0,,1.0,0,0,0,0
00-0038840,2026,3,CAR,CLE,WR,62.0,76.5432098765432,,48,6,42,4,83,108,407,0,23,0,0,0,0.0,4.0,,1.0,,1.0,0,0,0,0
00-0038896,2026,3,DET,NYJ,RB,2.0,66.66666666666667,,32,0,31,0,0,0,189,0,30,0,0,0,,9.0,,7.0,,2.0,0,0,0,0
00-0038933,2026,3,BUF,LAC,TE,44.0,65.67164179104478,,26,3,26,2,38,36,266,0,33,0,0,0,0.0,4.0,,6.0,,4.0,0,0,0,0
00-0038935,2026,3,JAX,NE,TE,48.0,62.33766233766234,,29,5,27,3,32,32,168,0,30,0,0,0,0.0,9.0,,8.0,,2.0,0,0,0,0
00-0038994,2026,3,MIN,TB,WR,58.0,59.183673469387756,,29,9,25,5,90,151,232,0,23,0,0,0,0.0,,,,,,0,1,0,1
00-0038996,2026,3,GB,ATL,TE,50.0,65.78947368421052,,53,8,51,4,26,36,406,0,9,0,0,0,1.0,8.0,,3.0,,1.0,0,0,0,0
00-0038997,2026,3,IND,HOU,WR,48.0,70.58823529411764,,36,11,35,5,77,172,276,0,31,0,0,0,2.0,6.0,,4.0,,0.0,0,0,0,0
00-0039032,2026,3,TEN,NYG,RB,28.0,59.57446808510639,,36,0,35,0,0,0,227,3,21,5,0,0,,7.0,0.0,3.0,0.0,1.0,0,0,0,0
00-0039040,2026,3,MIA,KC,RB,4.0,80.0,,36,1,35,0,0,10,379,3,31,17,0,0,0.0,3.0,0.0,3.0,0.0,1.0,0,0,0,0
00-0039041,2026,3,ARI,SF,TE,35.0,87.5,,52,3,50,3,20,8,322,0,27,0,0,0,0.0,11.0,,7.0,,2.0,0,0,0,0
00-0039050,2026,3,TB,MIN,TE,38.0,69.09090909090908,,37,1,35,0,0,4,336,0,21,0,0,0,0.0,4.0,,0.0,,0.0,0,0,0,0
00-0039064,2026,3,BAL,DAL,WR,21.0,63.63636363636363,,20,6,20,5,84,55,181,1,38,20,0,0,2.0,5.0,0.0,13.0,0.0,7.0,0,0,0,0
00-0039065,2026,3,DET,NYJ,TE,60.0,65.21739130434783,,32,4,31,3,44,39,189,0,30,0,0,0,1.0,9.0,,7.0,,2.0,0,0,0,0
00-0039066,2026,3,LV,NO,TE,61.0,70.11494252873564,,33,3,30,3,32,12,264,0,27,0,0,0,1.0,11.0,,6.0,,2.0,0,1,0,1
00-0039067,2026,3,KC,MIA,WR,40.0,51.94805194805195,,24,9,23,7,88,75,161,0,25,0,0,0,2.0,8.0,,7.0,,1.0,0,0,0,0
00-0039074,2026,3,LA,DEN,TE,31.0,86.11111111111111,,55,3,49,2,19,22,518,0,23,0,0,0,0.0,9.0,,3.0,,0.0,0,0,0,0
00-0039139,2026,3,DET,NYJ,RB,45.0,65.21739130434783,,32,8,31,7,65,4,189,20,30,99,0,0,3.0,9.0,7.0,7.0,2.0,2.0,2,1,0,1
00-0039150,2026,3,CAR,CLE,QB,77.0,77.0,,48,0,42,0,0,0,407,0,23,0,48,291,,4.0,,1.0,,1.0,0,0,1,0
00-0039163,2026,3,HOU,IND,QB,54.0,54.0,,27,0,25,0,0,0,278,2,21,10,27,167,,4.0,0.0,3.0,0.0,1.0,0,0,1,0
00-0039299,2026,3,SEA,WAS,RB,24.0,66.66666666666667,,46,5,45,5,48,-10,290,3,18,10,0,0,0.0,9.0,1.0,3.0,1.0,3.0,0,0,0,0
00-0039337,2026,3,NYG,TEN,WR,50.0,64.1025641025641,,22,6,21,5,26,5,119,0,33,0,0,0,1.0,2.0,,5.0,,1.0,0,0,0,0
00-0039338,2026,3,LV,NO,TE,55.0,69.62025316455696,,33,13,30,10,116,106,264,0,27,0,0,0,3.0,11.0,,6.0,,2.0,0,1,0,1
00-0039355,2026,3,WAS,SEA,WR,0.0,,,31,0,30,0,0,0,241,0,32,0,0,0,,2.0,,5.0,,0.0,0,0,0,0
00-0039361,2026,3,TB,MIN,RB,36.0,69.23076923076923,,37,4,35,2,12,14,336,15,21,46,0,0,2.0,4.0,0.0,0.0,0.0,0.0,0,0,0,0
00-0039364,2026,3,DET,NYJ,RB,20.0,64.51612903225806,,32,1,31,1,11,5,189,6,30,26,0,0,0.0,9.0,0.0,7.0,0.0,2.0,0,0,0,0
00-0039365,2026,3,SF,ARI,WR,17.0,54.83870967741935,,27,2,26,0,0,47,281,0,23,0,0,0,0.0,4.0,,4.0,,1.0,0,0,0,0
00-0039384,2026,3,NYG,TEN,RB,1.0,50.0,,22,0,21,0,0,0,119,1,33,3,0,0,,2.0,0.0,5.0,0.0,1.0,0,0,0,0
00-0039391,2026,3,LAC,BUF,RB,17.0,68.0,,34,3,33,1,14,19,292,1,28,6,0,0,0.0,7.0,1.0,8.0,0.0,2.0,0,0,0,0
00-0039407,2026,3,LV,NO,RB,4.0,66.66666666666667,,33,0,30,0,0,0,264,0,27,0,0,0,,11.0,,6.0,,2.0,0,0,0,0
00-0039410,2026,3,DAL,BAL,WR,49.0,74.24242424242424,,40,8,40,2,22,87,272,0,30,0,0,0,4.0,10.0,,8.0,,2.0,0,0,0,0
00-0039424,2026,3,NO,LV,WR,65.0,73.86363636363636,,42,6,40,3,39,94,308,0,28,0,0,0,1.0,9.0,,5.0,,1.0,0,0,0,0
00-0039451,2026,3,NYJ,DET,WR,59.0,66.29213483146067,,37,2,36,1,21,28,267,0,19,0,0,0,0.0,7.0,,5.0,,2.0,0,0,0,0
00-0039489,2026,3,LAC,BUF,TE,28.0,68.29268292682927,,34,0,33,0,0,0,292,0,28,0,0,0,,7.0,,8.0,,2.0,0,0,0,0
00-0039491,2026,3,CAR,CLE,WR,28.0,77.77777777777779,,48,4,42,2,18,80,407,0,23,0,0,0,0.0,4.0,,1.0,,1.0,0,0,0,0
00-0039530,2026,3,DAL,BAL,TE,28.0,73.6842105263158,,40,1,40,1,19,2,272,0,30,0,0,0,0.0,10.0,,8.0,,2.0,0,0,0,0
00-0039589,2026,3,TB,MIN,WR,1.0,100.0,,37,0,35,0,0,0,336,0,21,0,0,0,,4.0,,0.0,,0.0,0,0,0,0
00-0039686,2026,3,WAS,SEA,TE,32.0,69.56521739130434,,31,2,30,1,2,-3,241,0,32,0,0,0,0.0,2.0,,5.0,,0.0,0,0,0,0
00-0039732,2026,3,DEN,LA,QB,67.0,67.0,,34,0,31,0,0,0,190,4,25,7,34,186,,12.0,2.0,5.0,2.0,3.0,1,0,2,1
00-0039738,2026,3,LA,DEN,RB,25.0,86.20689655172414,,55,4,49,2,0,-1,518,6,23,15,0,0,1.0,9.0,0.0,3.0,0.0,0.0,0,0,0,0
00-0039739,2026,3,PIT,CIN,WR,24.0,61.53846153846153,,34,6,31,3,60,100,314,0,23,0,0,0,0.0,5.0,,4.0,,0.0,0,1,0,1
00-0039746,2026,3,PHI,CHI,RB,13.0,50.0,,26,2,25,1,11,10,159,0,19,0,0,0,0.0,4.0,,5.0,,3.0,0,0,0,0
00-0039792,2026,3,BAL,DAL,WR,17.0,62.96296296296296,,20,1,20,0,0,51,181,0,38,0,0,0,0.0,5.0,,13.0,,7.0,0,0,0,0
00-0039793,2026,3,SEA,WAS,TE,61.0,67.03296703296704,,46,9,45,5,69,10,290,0,18,0,0,0,4.0,9.0,,3.0,,3.0,0,0,0,0
00-0039794,2026,3,NYJ,DET,RB,34.0,65.38461538461539,,37,3,36,3,3,-5,267,4,19,14,0,0,1.0,7.0,2.0,5.0,0.0,2.0,0,0,0,0
00-0039796,2026,3,BAL,DAL,RB,0.0,,,20,0,20,0,0,0,181,0,38,0,0,0,,5.0,,13.0,,7.0,0,0,0,0
00-0039798,2026,3,NYJ,DET,RB,0.0,,,37,0,36,0,0,0,267,0,19,0,0,0,,7.0,,5.0,,2.0,0,0,0,0
00-0039811,2026,3,GB,ATL,RB,15.0,65.21739130434783,,53,3,51,2,7,-12,406,4,9,11,0,0,0.0,8.0,3.0,3.0,1.0,1.0,0,0,0,0
00-0039816,2026,3,IND,HOU,WR,0.0,,,36,0,35,0,0,0,276,0,31,0,0,0,,6.0,,4.0,,0.0,0,0,0,0
00-0039849,2026,3,ARI,SF,WR,67.0,87.01298701298701,,52,5,50,3,40,85,322,0,27,0,0,0,0.0,11.0,,7.0,,2.0,0,0,0,0
00-0039851,2026,3,NE,JAX,QB,51.0,62.96296296296296,,31,0,30,0,0,0,347,4,26,18,25,199,,6.0,2.0,4.0,1.0,2.0,0,0,0,0
00-0039855,2026,3,TB,MIN,WR,2.0,66.66666666666667,,37,1,35,0,0,15,336,0,21,0,0,0,0.0,4.0,,0.0,,0.0,0,0,0,0
00-0039868,2026,3,DEN,LA,WR,12.0,66.66666666666667,,34,1,31,1,21,8,190,0,25,0,0,0,0.0,12.0,,5.0,,3.0,0,0,0,0
00-0039880,2026,3,MIA,KC,WR,63.0,73.25581395348837,,36,10,35,5,56,113,379,2,31,5,0,0,1.0,3.0,0.0,3.0,0.0,1.0,0,0,0,0
00-0039893,2026,3,JAX,NE,WR,23.0,62.16216216216216,,29,1,27,1,8,4,168,0,30,0,0,0,0.0,9.0,,8.0,,2.0,0,0,0,0
00-0039894,2026,3,KC,MIA,WR,43.0,51.807228915662655,,24,2,23,2,20,13,161,0,25,0,0,0,0.0,8.0,,7.0,,1.0,0,0,0,0
00-0039901,2026,3,BUF,LAC,WR,32.0,66.66666666666667,,26,2,26,1,37,63,266,0,33,0,0,0,0.0,4.0,,6.0,,4.0,0,0,0,0
00-0039912,2026,3,WAS,SEA,TE,34.0,69.38775510204081,,31,1,30,0,0,7,241,0,32,0,0,0,0.0,2.0,,5.0,,0.0,0,0,0,0
00-0039915,2026,3,LAC,BUF,WR,61.0,69.31818181818181,,34,5,33,4,66,77,292,0,28,0,0,0,0.0,7.0,,8.0,,2.0,0,0,0,0
00-0039917,2026,3,ATL,GB,QB,71.0,71.0,,25,0,23,0,0,0,162,2,41,-2,25,256,,2.0,,12.0,,5.0,0,0,1,0
00-0039919,2026,3,CHI,PHI,WR,61.0,71.76470588235294,,34,6,34,3,44,87,209,0,35,0,0,0,2.0,8.0,,11.0,,3.0,0,0,0,0
00-0039920,2026,3,CLE,CAR,WR,1.0,100.0,,31,0,30,0,0,0,162,0,30,0,0,0,,5.0,,6.0,,1.0,0,0,0,0
00-0040024,2026,3,PHI,CHI,WR,5.0,50.0,,26,0,25,0,0,0,159,0,19,0,0,0,,4.0,,5.0,,3.0,0,0,0,0
00-0040075,2026,3,BAL,DAL,WR,11.0,64.70588235294117,,20,0,20,0,0,0,181,0,38,0,0,0,,5.0,,13.0,,7.0,0,0,0,0
00-0040078,2026,3,KC,MIA,RB,4.0,50.0,,24,1,23,1,4,-3,161,0,25,0,0,0,1.0,8.0,,7.0,,1.0,0,0,0,0
00-0040081,2026,3,KC,MIA,TE,6.0,50.0,,24,1,23,0,0,6,161,0,25,0,0,0,0.0,8.0,,7.0,,1.0,0,0,0,0
00-0040122,2026,3,LV,NO,RB,59.0,70.23809523809524,,33,3,30,3,37,13,264,19,27,56,0,0,1.0,11.0,6.0,6.0,2.0,2.0,0,0,0,0
00-0040124,2026,3,CAR,CLE,WR,73.0,76.8421052631579,,48,5,42,2,17,44,407,0,23,0,0,0,1.0,4.0,,1.0,,1.0,0,0,0,0
00-0040126,2026,3,CHI,PHI,TE,57.0,72.15189873417721,,34,4,34,4,31,4,209,0,35,0,0,0,1.0,8.0,,11.0,,3.0,0,0,0,0
00-0040128,2026,3,IND,HOU,TE,67.0,71.27659574468086,,36,10,35,9,55,28,276,1,31,2,0,0,0.0,6.0,0.0,4.0,0.0,0.0,0,0,0,0
00-0040129,2026,3,TB,MIN,WR,51.0,68.91891891891892,,37,9,35,5,62,91,336,0,21,0,0,0,0.0,4.0,,0.0,,0.0,0,0,0,0
00-0040131,2026,3,NE,JAX,WR,22.0,62.85714285714286,,31,3,30,1,34,53,347,0,26,0,0,0,0.0,6.0,,4.0,,2.0,0,0,0,0
00-0040134,2026,3,DEN,LA,WR,47.0,67.14285714285715,,34,2,31,2,44,19,190,0,25,0,0,0,2.0,12.0,,5.0,,3.0,0,1,0,1
00-0040138,2026,3,HOU,IND,WR,14.0,53.84615384615385,,27,2,25,2,17,16,278,1,21,8,0,0,0.0,4.0,0.0,3.0,0.0,1.0,0,0,0,0
00-0040142,2026,3,GB,ATL,RB,24.0,66.66666666666667,,53,3,51,1,10,-1,406,4,9,6,0,0,0.0,8.0,0.0,3.0,0.0,1.0,0,0,0,0
00-0040154,2026,3,MIN,TB,WR,32.0,59.25925925925925,,29,2,25,0,0,8,232,0,23,0,0,0,0.0,,,,,,0,0,0,0
00-0040164,2026,3,WAS,SEA,WR,5.0,71.42857142857142,,31,1,30,1,21,-2,241,0,32,0,0,0,0.0,2.0,,5.0,,0.0,0,0,0,0
00-0040170,2026,3,TEN,NYG,WR,48.0,60.0,,36,3,35,1,11,23,227,0,21,0,0,0,2.0,7.0,,3.0,,1.0,0,0,0,0
00-0040172,2026,3,SF,ARI,WR,15.0,53.57142857142857,,27,2,26,2,60,33,281,0,23,0,0,0,0.0,4.0,,4.0,,1.0,0,0,0,0
00-0040187,2026,3,CAR,CLE,TE,21.0,77.77777777777777,,48,3,42,3,36,17,407,0,23,0,0,0,0.0,4.0,,1.0,,1.0,0,0,0,0
00-0040189,2026,3,LAC,BUF,TE,39.0,68.42105263157896,,34,3,33,0,0,28,292,0,28,0,0,0,1.0,7.0,,8.0,,2.0,0,0,0,0
00-0040194,2026,3,BUF,LAC,TE,25.0,65.78947368421052,,26,1,26,0,0,36,266,0,33,0,0,0,0.0,4.0,,6.0,,4.0,0,0,0,0
00-0040198,2026,3,MIA,KC,RB,61.0,72.61904761904762,,36,3,35,3,14,-4,379,17,31,41,0,0,0.0,3.0,3.0,3.0,1.0,1.0,1,0,0,1
00-0040208,2026,3,CIN,PIT,RB,0.0,,,37,0,37,0,0,0,259,0,18,0,0,0,,3.0,,1.0,,0.0,0,0,0,0
00-0040236,2026,3,CHI,PHI,RB,22.0,70.96774193548387,,34,0,34,0,0,0,209,10,35,31,0,0,,8.0,3.0,11.0,0.0,3.0,0,0,0,0
00-0040237,2026,3,TB,MIN,WR,16.0,69.56521739130434,,37,2,35,1,8,49,336,0,21,0,0,0,0.0,4.0,,0.0,,0.0,0,0,0,0
00-0040238,2026,3,JAX,NE,RB,11.0,61.111111111111114,,29,2,27,2,9,4,168,0,30,0,0,0,0.0,9.0,,8.0,,2.0,0,0,0,0
00-0040242,2026,3,WAS,SEA,RB,39.0,68.42105263157896,,31,1,30,1,7,5,241,19,32,36,0,0,0.0,2.0,3.0,5.0,0.0,0.0,0,0,0,0
00-0040390,2026,3,DET,NYJ,WR,10.0,66.66666666666667,,32,1,31,1,8,5,189,0,30,0,0,0,0.0,9.0,,7.0,,2.0,0,0,0,0
00-0040394,2026,3,CAR,CLE,RB,,,,48,0,42,0,0,0,407,0,23,0,0,0,,4.0,,1.0,,1.0,0,0,0,0
00-0040405,2026,3,NYJ,DET,WR,0.0,,,37,0,36,0,0,0,267,0,19,0,0,0,,7.0,,5.0,,2.0,0,0,0,0
00-0040466,2026,3,CLE,CAR,RB,30.0,69.76744186046511,,31,5,30,4,34,4,162,1,30,17,0,0,0.0,5.0,0.0,6.0,0.0,1.0,0,0,0,0
00-0040506,2026,3,MIN,TB,WR,4.0,57.14285714285714,,29,0,25,0,0,0,232,0,23,0,0,0,,,,,,,0,0,0,0
00-0040534,2026,3,CIN,PIT,WR,0.0,,,37,0,37,0,0,0,259,0,18,0,0,0,,3.0,,1.0,,0.0,0,0,0,0
00-0040556,2026,3,NE,JAX,RB,8.0,61.53846153846153,,31,1,30,1,9,-3,347,6,26,18,0,0,0.0,6.0,0.0,4.0,0.0,2.0,0,0,0,0
00-0040563,2026,3,NE,JAX,WR,16.0,64.0,,31,2,30,1,1,3,347,0,26,0,1,16,1.0,6.0,,4.0,,2.0,0,0,0,0
00-0040583,2026,3,HOU,IND,RB,20.0,54.054054054054056,,27,1,25,1,6,-4,278,5,21,15,0,0,0.0,4.0,2.0,3.0,1.0,1.0,1,0,0,1
00-0040584,2026,3,TEN,NYG,TE,49.0,59.75609756097561,,36,4,35,2,14,29,227,0,21,0,0,0,1.0,7.0,,3.0,,1.0,0,0,0,0
00-0040590,2026,3,LA,DEN,WR,63.0,86.3013698630137,,55,8,49,4,93,144,518,0,23,0,0,0,1.0,9.0,,3.0,,0.0,0,1,0,1
00-0040646,2026,3,KC,MIA,WR,10.0,52.63157894736842,,24,1,23,1,11,2,161,0,25,0,0,0,0.0,8.0,,7.0,,1.0,0,0,0,0
00-0040648,2026,3,SEA,WAS,WR,15.0,68.18181818181819,,46,3,45,3,48,44,290,0,18,0,0,0,0.0,9.0,,3.0,,3.0,0,0,0,0
00-0040663,2026,3,CLE,CAR,TE,60.0,69.76744186046511,,31,9,30,7,51,75,162,0,30,0,0,0,2.0,5.0,,6.0,,1.0,0,2,0,1
00-0040666,2026,3,LAC,BUF,RB,29.0,69.04761904761905,,34,1,33,0,0,-9,292,15,28,56,0,0,0.0,7.0,6.0,8.0,2.0,2.0,0,0,0,0
00-0040667,2026,3,GB,ATL,WR,54.0,65.85365853658537,,53,12,51,5,100,199,406,0,9,0,0,0,1.0,8.0,,3.0,,1.0,0,1,0,1
00-0040668,2026,3,CLE,CAR,QB,1.0,100.0,,31,0,30,0,0,0,162,0,30,0,1,0,,5.0,,6.0,,1.0,0,0,0,0
00-0040669,2026,3,DET,NYJ,WR,31.0,64.58333333333334,,32,3,31,3,66,27,189,0,30,0,0,0,1.0,9.0,,7.0,,2.0,0,0,0,0
00-0040676,2026,3,TEN,NYG,QB,60.0,60.0,,36,0,35,0,0,0,227,1,21,2,36,181,,7.0,0.0,3.0,0.0,1.0,0,0,1,0
00-0040705,2026,3,TEN,NYG,WR,6.0,60.0,,36,1,35,1,3,3,227,0,21,0,0,0,0.0,7.0,,3.0,,1.0,0,0,0,0
00-0040715,2026,3,NYG,TEN,RB,49.0,63.63636363636363,,22,4,21,3,40,34,119,20,33,60,0,0,0.0,2.0,4.0,5.0,1.0,1.0,0,0,0,0
00-0040719,2026,3,JAX,NE,RB,30.0,62.5,,29,2,27,2,17,-7,168,15,30,73,0,0,0.0,9.0,4.0,8.0,1.0,2.0,1,0,0,1
00-0040727,2026,3,LAC,BUF,WR,40.0,68.96551724137932,,34,7,33,6,76,59,292,0,28,0,0,0,3.0,7.0,,8.0,,2.0,0,0,0,0
00-0040730,2026,3,DEN,LA,RB,24.0,66.66666666666667,,34,7,31,6,41,-11,190,2,25,6,0,0,2.0,12.0,0.0,5.0,0.0,3.0,0,0,0,0
00-0040734,2026,3,NE,JAX,RB,23.0,62.16216216216216,,31,1,30,1,6,4,347,8,26,23,0,0,0.0,6.0,1.0,4.0,0.0,2.0,0,0,0,0
00-0040735,2026,3,CHI,PHI,WR,44.0,72.1311475409836,,34,11,34,7,61,56,209,1,35,7,0,0,4.0,8.0,1.0,11.0,0.0,3.0,0,1,0,1
00-0040737,2026,3,LA,DEN,TE,22.0,84.61538461538461,,55,2,49,1,9,1,518,0,23,0,0,0,0.0,9.0,,3.0,,0.0,0,0,0,0
00-0040743,2026,3,NO,LV,QB,74.0,74.0,,42,0,40,0,0,0,308,1,28,36,42,255,,9.0,0.0,5.0,0.0,1.0,0,0,4,0
00-0040784,2026,3,CLE,CAR,RB,36.0,70.58823529411765,,31,2,30,2,9,-6,162,18,30,70,0,0,1.0,5.0,3.0,6.0,0.0,1.0,0,0,0,0
00-0040785,2026,3,CIN,PIT,WR,32.0,57.14285714285714,,37,5,37,3,29,18,259,0,18,0,0,0,0.0,3.0,,1.0,,0.0,0,0,0,0
00-0040867,2026,3,PHI,CHI,WR,35.0,50.0,,26,4,25,3,29,46,159,0,19,0,0,0,0.0,4.0,,5.0,,3.0,0,0,0,0
00-0040878,2026,3,LV,NO,RB,11.0,68.75,,33,0,30,0,0,0,264,5,27,54,0,0,,11.0,0.0,6.0,0.0,2.0,1,0,0,1
00-0040879,2026,3,BAL,DAL,TE,32.0,64.0,,20,2,20,2,23,5,181,0,38,0,0,0,1.0,5.0,,13.0,,7.0,0,1,0,1
00-0040887,2026,3,BAL,DAL,TE,16.0,64.0,,20,1,20,1,14,3,181,0,38,0,0,0,0.0,5.0,,13.0,,7.0,0,0,0,0
00-0040894,2026,3,LV,NO,WR,4.0,66.66666666666667,,33,1,30,0,0,40,264,0,27,0,0,0,0.0,11.0,,6.0,,2.0,0,0,0,0
00-0040948,2026,3,GB,ATL,WR,21.0,65.625,,53,3,51,3,22,22,406,0,9,0,0,0,0.0,8.0,,3.0,,1.0,0,0,0,0
00-0041013,2026,3,KC,MIA,RB,14.0,51.85185185185185,,24,0,23,0,0,0,161,6,25,17,0,0,,8.0,0.0,7.0,0.0,1.0,0,0,0,0
00-0041027,2026,3,ARI,SF,RB,56.0,87.5,,52,5,50,5,19,9,322,21,27,90,0,0,2.0,11.0,4.0,7.0,0.0,2.0,0,1,0,1
00-0041032,2026,3,NYJ,DET,TE,38.0,65.51724137931035,,37,8,36,7,105,78,267,0,19,0,0,0,0.0,7.0,,5.0,,2.0,0,1,0,1
00-0041037,2026,3,CLE,CAR,WR,62.0,69.66292134831461,,31,4,30,2,41,51,162,0,30,0,0,0,2.0,5.0,,6.0,,1.0,0,0,0,0
00-0041040,2026,3,WAS,SEA,WR,28.0,68.29268292682927,,31,4,30,2,15,52,241,0,32,0,0,0,0.0,2.0,,5.0,,0.0,0,0,0,0
00-0041042,2026,3,NYG,TEN,WR,44.0,63.76811594202899,,22,2,21,2,19,11,119,0,33,0,0,0,0.0,2.0,,5.0,,1.0,0,0,0,0
00-0041044,2026,3,ATL,GB,WR,13.0,72.22222222222223,,25,2,23,1,7,13,162,0,41,0,0,0,0.0,2.0,,12.0,,5.0,0,0,0,0
00-0041048,2026,3,TB,MIN,WR,52.0,69.33333333333333,,37,3,35,1,40,71,336,0,21,0,0,0,0.0,4.0,,0.0,,0.0,0,1,0,1
00-0041051,2026,3,CHI,PHI,WR,8.0,72.72727272727273,,34,1,34,1,1,-4,209,0,35,0,0,0,0.0,8.0,,11.0,,3.0,0,0,0,0
00-0041052,2026,3,SF,ARI,RB,8.0,53.333333333333336,,27,1,26,0,0,-5,281,4,23,17,0,0,0.0,4.0,2.0,4.0,0.0,1.0,0,0,0,0
00-0041067,2026,3,NO,LV,WR,53.0,73.61111111111111,,42,3,40,0,0,58,308,0,28,0,0,0,0.0,9.0,,5.0,,1.0,0,0,0,0
00-0041069,2026,3,CIN,PIT,WR,1.0,50.0,,37,1,37,1,2,1,259,0,18,0,0,0,0.0,3.0,,1.0,,0.0,0,0,0,0
00-0041081,2026,3,MIN,TB,RB,10.0,58.8235294117647,,29,0,25,0,0,0,232,0,23,0,0,0,,,,,,,0,0,0,0
00-0041094,2026,3,TB,MIN,TE,6.0,66.66666666666667,,37,0,35,0,0,0,336,0,21,0,0,0,,4.0,,0.0,,0.0,0,0,0,0
00-0041100,2026,3,JAX,NE,WR,23.0,62.16216216216216,,29,2,27,1,12,20,168,0,30,0,0,0,1.0,9.0,,8.0,,2.0,0,1,0,1
00-0041104,2026,3,MIN,TB,RB,3.0,60.0,,29,0,25,0,0,0,232,3,23,1,0,0,,,0.0,,0.0,,0,0,0,0
00-0041125,2026,3,IND,HOU,RB,11.0,73.33333333333334,,36,0,35,0,0,0,276,4,31,14,0,0,,6.0,1.0,4.0,0.0,0.0,0,0,0,0
00-0041131,2026,3,CLE,CAR,TE,0.0,,,31,0,30,0,0,0,162,0,30,0,0,0,,5.0,,6.0,,1.0,0,0,0,0
00-0041251,2026,3,TB,MIN,QB,4.0,66.66666666666667,,37,0,35,0,0,0,336,1,21,9,3,0,,4.0,0.0,0.0,0.0,0.0,0,0,0,0
00-0041267,2026,3,NYJ,DET,WR,,,,37,0,36,0,0,0,267,0,19,0,0,0,,7.0,,5.0,,2.0,0,0,0,0
00-0041292,2026,3,DEN,LA,WR,,,,34,0,31,0,0,0,190,0,25,0,0,0,,12.0,,5.0,,3.0,0,0,0,0
00-0041326,2026,3,NO,LV,RB,12.0,75.0,,42,0,40,0,0,0,308,1,28,5,0,0,,9.0,1.0,5.0,0.0,1.0,0,0,0,0
00-0041397,2026,3,PIT,CIN,WR,0.0,,,34,0,31,0,0,0,314,0,23,0,0,0,,5.0,,4.0,,0.0,0,0,0,0
00-0041415,2026,3,LA,DEN,RB,0.0,,,55,0,49,0,0,0,518,0,23,0,0,0,,9.0,,3.0,,0.0,0,0,0,0
00-0041436,2026,3,MIA,KC,RB,27.0,72.97297297297297,,36,0,35,0,0,0,379,0,31,0,0,0,,3.0,,3.0,,1.0,0,0,0,0
00-0041438,2026,3,TEN,NYG,WR,53.0,60.22727272727273,,36,9,35,6,58,102,227,0,21,0,0,0,1.0,7.0,,3.0,,1.0,0,0,0,0
00-0041467,2026,3,HOU,IND,WR,9.0,52.94117647058823,,27,1,25,0,0,10,278,0,21,0,0,0,0.0,4.0,,3.0,,1.0,0,0,0,0
00-0041489,2026,3,PIT,CIN,WR,17.0,62.96296296296296,,34,1,31,1,14,14,314,0,23,0,0,0,0.0,5.0,,4.0,,0.0,0,0,0,0
00-0041503,2026,3,JAX,NE,TE,28.0,62.22222222222222,,29,1,27,0,0,4,168,0,30,0,0,0,1.0,9.0,,8.0,,2.0,0,0,0,0
00-0041512,2026,3,SEA,WAS,RB,19.0,67.85714285714285,,46,3,45,1,7,26,290,5,18,15,0,0,0.0,9.0,0.0,3.0,0.0,3.0,0,0,0,0
00-0041524,2026,3,MIA,KC,TE,30.0,73.17073170731707,,36,0,35,0,0,0,379,0,31,0,0,0,,3.0,,3.0,,1.0,0,0,0,0
00-0041525,2026,3,MIA,KC,WR,52.0,73.23943661971832,,36,7,35,4,67,126,379,0,31,0,0,0,0.0,3.0,,3.0,,1.0,0,0,0,0
00-0041529,2026,3,MIA,KC,WR,45.0,72.58064516129032,,36,4,35,1,3,75,379,0,31,0,0,0,0.0,3.0,,3.0,,1.0,0,0,0,0
00-0041547,2026,3,CLE,CAR,WR,60.0,69.76744186046511,,31,9,30,2,9,36,162,0,30,0,0,0,0.0,5.0,,6.0,,1.0,0,0,0,0
00-0041558,2026,3,CHI,PHI,TE,16.0,72.72727272727273,,34,1,34,1,16,3,209,0,35,0,0,0,0.0,8.0,,11.0,,3.0,0,0,0,0
