player_id,season,player_name,position,jersey_number,prior_team,new_team,changed_team,rookie,new_oc,new_hc_offense,new_dc,scheme_change_major,new_qb,depth_chart_rank_prior,depth_chart_rank_new,depth_chart_volatility,returning_from_ir,usage_shift_tags,manual_share_override,notes
00-0023459,2026,Aaron Rodgers,QB,8.0,PIT,PIT,False,False,False,False,False,False,False,,,0.1,False,,,
00-0025565,2026,Nick Folk,K,6.0,NYJ,ATL,True,False,False,False,False,False,False,,,0.1,False,,,
00-0026027,2026,J.J. Jansen,LS,44.0,CAR,CAR,False,False,False,False,False,False,False,,,0.1,False,,,
00-0026158,2026,Joe Flacco,QB,16.0,CIN,CIN,False,False,False,False,False,False,False,,,0.1,False,,,
00-0026190,2026,Calais Campbell,DL,93.0,ARI,BAL,True,False,False,False,False,False,False,,,0.1,False,,,
00-0026300,2026,Josh Johnson,QB,11.0,WAS,CIN,True,False,False,False,False,False,False,,,0.1,False,,,
00-0026498,2026,Matthew Stafford,QB,9.0,LA,LA,False,False,False,False,False,False,False,,,0.1,False,,,
00-0027224,2026,Jon Weeks,LS,46.0,SF,SF,False,False,False,False,False,False,False,,,0.1,False,,,
00-0027557,2026,Morgan Cox,LS,46.0,TEN,TEN,False,False,False,False,False,False,False,,,0.1,False,,,
00-0027857,2026,Trent Williams,OL,71.0,SF,SF,False,False,False,False,False,False,False,,,0.1,False,,,
00-0027940,2026,Von Miller,LB,40.0,WAS,DAL,True,False,False,False,False,False,False,,,0.1,False,,,
00-0027962,2026,Cameron Jordan,LB,94.0,NO,NO,False,False,False,False,False,False,False,,,0.1,False,,,
00-0027969,2026,Cameron Heyward,DL,97.0,PIT,PIT,False,False,False,False,False,False,False,,,0.1,False,,,
00-0027973,2026,Andy Dalton,QB,14.0,CAR,PHI,True,False,False,False,False,False,False,,,0.1,False,,,
00-0028118,2026,Tyrod Taylor,QB,6.0,NYJ,GB,True,False,False,False,False,False,False,,,0.1,False,,,
00-0028292,2026,Nick Bellore,LB,57.0,WAS,WAS,False,False,False,False,False,False,False,,,0.1,False,,,
00-0028845,2026,Josh Harris,LS,47.0,LAC,LAC,False,False,False,False,False,False,False,,,0.1,False,,,
00-0028986,2026,Case Keenum,QB,11.0,CHI,CHI,False,False,False,False,False,False,False,,,0.1,False,,,
00-0029604,2026,Kirk Cousins,QB,8.0,ATL,LV,True,False,False,False,False,False,False,,,0.1,False,,,
00-0029606,2026,Harrison Smith,DB,22.0,MIN,MIN,False,False,False,False,False,False,False,,,0.1,False,,,
00-0029607,2026,Demario Davis,LB,56.0,NO,NYJ,True,False,False,False,False,False,False,,,0.1,False,,,
00-0029685,2026,Greg Van Roten,OL,70.0,NYG,NE,True,False,False,False,False,False,False,,,0.1,False,,,
00-0029692,2026,Bryan Anger,P,5.0,DAL,DAL,False,False,False,False,False,False,False,,,0.1,False,,,
00-0029714,2026,Andrew DePaola,LS,42.0,MIN,MIN,False,False,False,False,False,False,False,,,0.1,False,,,
00-0029892,2026,Kyle Juszczyk,RB,44.0,SF,SF,False,False,False,False,False,False,False,,,0.1,False,,,
00-0030035,2026,Adam Thielen,WR,16.0,PIT,MIN,True,False,False,False,False,False,False,,,0.1,False,,,
00-0030070,2026,John Jenkins,DL,94.0,BAL,BAL,False,False,False,False,False,False,False,,,0.1,False,,,
00-0030092,2026,Sam Martin,P,6.0,CAR,CAR,False,False,False,False,False,False,False,,,0.1,False,,,
00-0030097,2026,David Quessenberry,OL,68.0,LA,LA,False,False,False,False,False,False,False,,,0.1,False,,,
00-0030140,2026,Tress Way,P,10.0,WAS,WAS,False,False,False,False,False,False,False,,,0.1,False,,,
00-0030279,2026,Keenan Allen,WR,10.0,LAC,IND,True,False,False,False,False,False,False,,,0.1,False,,,
00-0030294,2026,Tony Jefferson,DB,23.0,LAC,LAC,False,False,False,False,False,False,False,,,0.1,False,,,
00-0030506,2026,Travis Kelce,TE,87.0,KC,KC,False,False,False,False,False,False,False,,,0.1,False,,,
00-0030561,2026,Lane Johnson,OL,65.0,PHI,PHI,False,False,False,False,False,False,False,,,0.1,False,,,
00-0030565,2026,Geno Smith,QB,7.0,LV,NYJ,True,False,False,False,False,False,False,,,0.1,False,,,
00-0030615,2026,James Winchester,LS,41.0,KC,KC,False,False,False,False,False,False,False,,,0.1,False,,,
00-0030957,2026,Casey Kreiter,LS,59.0,NYG,ARI,True,False,False,False,False,False,False,,,0.1,False,,,
00-0031040,2026,Khalil Mack,LB,52.0,LAC,LAC,False,False,False,False,False,False,False,,,0.1,False,,,
00-0031054,2026,DaQuan Jones,DL,92.0,BUF,NE,True,False,False,False,False,False,False,,,0.1,False,,,
00-0031136,2026,Chris Boswell,K,9.0,PIT,PIT,False,False,False,False,False,False,False,,,0.1,False,,,
00-0031156,2026,Tyler Ott,LS,69.0,WAS,WAS,False,False,False,False,False,False,False,,,0.1,False,,,
00-0031203,2026,Cairo Santos,K,8.0,CHI,CHI,False,False,False,False,False,False,False,,,0.1,False,,,
00-0031235,2026,Odell Beckham Jr.,WR,13.0,,NYG,False,True,False,False,False,False,False,,,0.1,False,,,
00-0031237,2026,Teddy Bridgewater,QB,5.0,TB,DET,True,False,False,False,False,False,False,,,0.1,False,,,
00-0031270,2026,Shelby Harris,DL,93.0,CLE,NYG,True,False,False,False,False,False,False,,,0.1,False,,,
00-0031279,2026,Jake Matthews,OL,70.0,ATL,ATL,False,False,False,False,False,False,False,,,0.1,False,,,
00-0031330,2026,Morgan Moses,OL,76.0,NE,NE,False,False,False,False,False,False,False,,,0.1,False,,,
00-0031360,2026,Kyle Van Noy,LB,17.0,BAL,MIN,True,False,False,False,False,False,False,,,0.1,False,,,
00-0031364,2026,Jadeveon Clowney,DL,90.0,DAL,HOU,True,False,False,False,False,False,False,,,0.1,False,,,
00-0031381,2026,Davante Adams,WR,17.0,LA,LA,False,False,False,False,False,False,False,,,0.1,False,,,
00-0031388,2026,Aaron Donald,DL,99.0,,LA,False,True,False,False,False,False,False,,,0.1,False,,,
00-0031408,2026,Mike Evans,WR,5.0,TB,SF,True,False,False,False,False,False,False,,,0.1,False,,,
00-0031411,2026,DeMarcus Lawrence,LB,0.0,SEA,SEA,False,False,False,False,False,False,False,,,0.1,False,,,
00-0031484,2026,Chris Manhertz,TE,85.0,NYG,NYG,False,False,False,False,False,False,False,,,0.1,False,,,
00-0031492,2026,Jason Myers,K,5.0,SEA,SEA,False,False,False,False,False,False,False,,,0.1,False,,,
00-0031503,2026,Jameis Winston,QB,19.0,NYG,NYG,False,False,False,False,False,False,False,,,0.1,False,,,
00-0031550,2026,Shaq Thompson,LB,54.0,BUF,BUF,False,False,False,False,False,False,False,,,0.1,False,,,
00-0031565,2026,Danielle Hunter,DL,55.0,HOU,HOU,False,False,False,False,False,False,False,,,0.1,False,,,
00-0031576,2026,Za'Darius Smith,LB,55.0,PHI,ATL,True,False,False,False,False,False,False,,,0.1,False,,,
00-0031583,2026,Grady Jarrett,DL,50.0,CHI,CHI,False,False,False,False,False,False,False,,,0.1,False,,,
00-0031588,2026,Stefon Diggs,WR,3.0,NE,WAS,True,False,False,False,False,False,False,,,0.1,False,,,
00-0031595,2026,Michael Burton,RB,34.0,DEN,CLE,True,False,False,False,False,False,False,,,0.1,False,,,
00-0031610,2026,Darren Waller,TE,88.0,MIA,CAR,True,False,False,False,False,False,False,,,0.1,False,,,
00-0031622,2026,Bobby Hart,OL,68.0,LAC,SEA,True,False,False,False,False,False,False,,,0.1,False,,,
00-0031898,2026,Alex Singleton,LB,49.0,DEN,DEN,False,False,False,False,False,False,False,,,0.1,False,,,
00-0031921,2026,Kendall Lamm,OL,70.0,MIA,BAL,True,False,False,False,False,False,False,,,0.1,False,,,
00-0031933,2026,Leonard Williams,DL,99.0,SEA,SEA,False,False,False,False,False,False,False,,,0.1,False,,,
00-0031957,2026,Rakeem Nunez-Roches,DL,56.0,NYG,TB,True,False,False,False,False,False,False,,,0.1,False,,,
00-0032052,2026,Dante Fowler Jr.,LB,56.0,DAL,SEA,True,False,False,False,False,False,False,,,0.1,False,,,
00-0032065,2026,Bradley Pinion,P,48.0,ATL,MIA,True,False,False,False,False,False,False,,,0.1,False,,,
00-0032071,2026,Trent Brown,OL,77.0,HOU,HOU,False,False,False,False,False,False,False,,,0.1,False,,,
00-0032103,2026,Denzel Perryman,LB,6.0,LAC,LAC,False,False,False,False,False,False,False,,,0.1,False,,,
00-0032104,2026,Ameer Abdullah,RB,20.0,IND,JAX,True,False,False,False,False,False,False,,,0.1,False,,,
00-0032146,2026,Bud Dupree,LB,48.0,LAC,LAC,False,False,False,False,False,False,False,,,0.1,False,,,
00-0032164,2026,Arik Armstead,DL,91.0,JAX,JAX,False,False,False,False,False,False,False,,,0.1,False,,,
00-0032222,2026,D.J. Humphries,OL,79.0,LA,WAS,True,False,False,False,False,False,False,,,0.1,False,,,
00-0032228,2026,Joe Cardona,LS,49.0,MIA,LA,True,False,False,False,False,False,False,,,0.1,False,,,
00-0032234,2026,Laken Tomlinson,OL,71.0,BAL,DAL,True,False,False,False,False,False,False,,,0.1,False,,,
00-0032265,2026,Mario Edwards,DL,97.0,HOU,HOU,False,False,False,False,False,False,False,,,0.1,False,,,
00-0032268,2026,Marcus Mariota,QB,8.0,WAS,WAS,False,False,False,False,False,False,False,,,0.1,False,,,
00-0032378,2026,DeForest Buckner,DL,99.0,IND,IND,False,False,False,False,False,False,False,,,0.1,False,,,
00-0032380,2026,Laremy Tunsil,OL,78.0,WAS,WAS,False,False,False,False,False,False,False,,,0.1,False,,,
00-0032385,2026,Sterling Shepard,WR,15.0,TB,NYJ,True,False,False,False,False,False,False,,,0.1,False,,,
00-0032387,2026,Jarran Reed,DL,90.0,SEA,SEA,False,False,False,False,False,False,False,,,0.1,False,,,
00-0032391,2026,Joe Thuney,OL,62.0,CHI,CHI,False,False,False,False,False,False,False,,,0.1,False,,,
00-0032392,2026,Austin Hooper,TE,81.0,NE,ATL,True,False,False,False,False,False,False,,,0.1,False,,,
00-0032394,2026,Nick Vannett,TE,87.0,LA,BAL,True,False,False,False,False,False,False,,,0.1,False,,,
00-0032398,2026,Chris Moore,WR,17.0,WAS,BAL,True,False,False,False,False,False,False,,,0.1,False,,,
00-0032399,2026,Miles Killebrew,DB,29.0,PIT,TB,True,False,False,False,False,False,False,,,0.1,False,,,
00-0032424,2026,DJ Reader,DL,98.0,DET,NYG,True,False,False,False,False,False,False,,,0.1,False,,,
00-0032445,2026,Ted Karras,OL,64.0,CIN,CIN,False,False,False,False,False,False,False,,,0.1,False,,,
00-0032464,2026,Kalif Raymond,WR,14.0,DET,CHI,True,False,False,False,False,False,False,,,0.1,False,,,
00-0032497,2026,Reid Ferguson,LS,69.0,BUF,BUF,False,False,False,False,False,False,False,,,0.1,False,,,
00-0032569,2026,Wil Lutz,K,3.0,DEN,DEN,False,False,False,False,False,False,False,,,0.1,False,,,
00-0032580,2026,Jonathan Jones,DB,32.0,WAS,PHI,True,False,False,False,False,False,False,,,0.1,False,,,
00-0032667,2026,Roy Robertson-Harris,DL,95.0,NYG,NYG,False,False,False,False,False,False,False,,,0.1,False,,,
00-0032701,2026,Jake Brendel,OL,64.0,SF,SF,False,False,False,False,False,False,False,,,0.1,False,,,
00-0032726,2026,Ka'imi Fairbairn,K,15.0,HOU,HOU,False,False,False,False,False,False,False,,,0.1,False,,,
00-0032753,2026,Luke Rhodes,LS,46.0,IND,IND,False,False,False,False,False,False,False,,,0.1,False,,,
00-0032759,2026,Sheldon Rankins,DL,98.0,HOU,HOU,False,False,False,False,False,False,False,,,0.1,False,,,
00-0032762,2026,Chris Jones,DL,95.0,KC,KC,False,False,False,False,False,False,False,,,0.1,False,,,
00-0032764,2026,Derrick Henry,RB,22.0,BAL,BAL,False,False,False,False,False,False,False,,,0.1,False,,,
00-0032775,2026,Demarcus Robinson,WR,11.0,SF,SF,False,False,False,False,False,False,False,,,0.1,False,,,
00-0032889,2026,A'Shawn Robinson,DL,91.0,CAR,TB,True,False,False,False,False,False,False,,,0.1,False,,,
00-0032918,2026,C.J. Ham,RB,30.0,MIN,MIN,False,False,False,False,False,False,False,,,0.1,False,,,
00-0032943,2026,Riley Dixon,P,9.0,TB,TB,False,False,False,False,False,False,False,,,0.1,False,,,
00-0032950,2026,Carson Wentz,QB,11.0,MIN,MIN,False,False,False,False,False,False,False,,,0.1,False,,,
00-0032951,2026,Laquon Treadwell,WR,13.0,IND,IND,False,False,False,False,False,False,False,,,0.1,False,,,
00-0032954,2026,Isaac Seumalo,OL,73.0,PIT,ARI,True,False,False,False,False,False,False,,,0.1,False,,,
00-0032965,2026,Ronnie Stanley,OL,79.0,BAL,BAL,False,False,False,False,False,False,False,,,0.1,False,,,
00-0033038,2026,Eric Murray,DB,29.0,JAX,JAX,False,False,False,False,False,False,False,,,0.1,False,,,
00-0033046,2026,Jihad Ward,LB,52.0,TEN,MIN,True,False,False,False,False,False,False,,,0.1,False,,,
00-0033051,2026,David Onyemata,DL,93.0,ATL,NYJ,True,False,False,False,False,False,False,,,0.1,False,,,
00-0033055,2026,Jalen Ramsey,DB,5.0,PIT,PIT,False,False,False,False,False,False,False,,,0.1,False,,,
00-0033063,2026,Zach Wood,LS,49.0,NO,NO,False,False,False,False,False,False,False,,,0.1,False,,,
00-0033066,2026,Andrew Billings,DL,95.0,CHI,ARI,True,False,False,False,False,False,False,,,0.1,False,,,
00-0033073,2026,Emmanuel Ogbah,DL,90.0,JAX,KC,True,False,False,False,False,False,False,,,0.1,False,,,
00-0033077,2026,Dak Prescott,QB,4.0,DAL,DAL,False,False,False,False,False,False,False,,,0.1,False,,,
00-0033082,2026,Lucas Patrick,OL,63.0,CIN,WAS,True,False,False,False,False,False,False,,,0.1,False,,,
00-0033090,2026,Hunter Henry,TE,85.0,NE,NE,False,False,False,False,False,False,False,,,0.1,False,,,
00-0033093,2026,Jonathan Bullard,DL,90.0,NO,DAL,True,False,False,False,False,False,False,,,0.1,False,,,
00-0033106,2026,Jared Goff,QB,16.0,DET,DET,False,False,False,False,False,False,False,,,0.1,False,,,
00-0033109,2026,Javon Hargrave,DL,98.0,MIN,GB,True,False,False,False,False,False,False,,,0.1,False,,,
00-0033110,2026,Tyler Higbee,TE,89.0,LA,LA,False,False,False,False,False,False,False,,,0.1,False,,,
00-0033119,2026,Jacoby Brissett,QB,7.0,ARI,ARI,False,False,False,False,False,False,False,,,0.1,False,,,
00-0033120,2026,Kenny Clark,DL,97.0,DAL,DAL,False,False,False,False,False,False,False,,,0.1,False,,,
00-0033131,2026,Maliek Collins,DL,96.0,CLE,CLE,False,False,False,False,False,False,False,,,0.1,False,,,
00-0033132,2026,Kevin Byard,DB,31.0,CHI,NE,True,False,False,False,False,False,False,,,0.1,False,,,
00-0033217,2026,Mo Alie-Cox,TE,81.0,IND,IND,False,False,False,False,False,False,False,,,0.1,False,,,
00-0033246,2026,Johnny Mundt,TE,83.0,JAX,PHI,True,False,False,False,False,False,False,,,0.1,False,,,
00-0033260,2026,Thomas Hennessy,LS,42.0,NYJ,NYJ,False,False,False,False,False,False,False,,,0.1,False,,,
00-0033269,2026,Rigoberto Sanchez,P,8.0,IND,IND,False,False,False,False,False,False,False,,,0.1,False,,,
00-0033280,2026,Christian McCaffrey,RB,23.0,SF,SF,False,False,False,False,False,False,False,,,0.1,False,,,
00-0033281,2026,Marlon Humphrey,DB,44.0,BAL,BAL,False,False,False,False,False,False,False,,,0.1,False,,,
00-0033284,2026,Taylor Moton,OL,72.0,CAR,CAR,False,False,False,False,False,False,False,,,0.1,False,,,
00-0033288,2026,George Kittle,TE,85.0,SF,SF,False,False,False,False,False,False,False,,,0.1,False,,,
00-0033290,2026,Jermaine Eluemunor,OL,72.0,NYG,NYG,False,False,False,False,False,False,False,,,0.1,False,,,
00-0033293,2026,Aaron Jones,RB,33.0,MIN,MIN,False,False,False,False,False,False,False,,,0.1,False,,,
00-0033294,2026,Chuck Clark,DB,36.0,PIT,DET,True,False,False,False,False,False,False,,,0.1,False,,,
00-0033297,2026,D.J. Jones,DL,93.0,DEN,DEN,False,False,False,False,False,False,False,,,0.1,False,,,
00-0033303,2026,Harrison Butker,K,7.0,KC,KC,False,False,False,False,False,False,False,,,0.1,False,,,
00-0033307,2026,Kendrick Bourne,WR,17.0,SF,ARI,True,False,False,False,False,False,False,,,0.1,False,,,
00-0033319,2026,Nick Mullens,QB,14.0,JAX,JAX,False,False,False,False,False,False,False,,,0.1,False,,,
00-0033336,2026,Eric Wilson,LB,55.0,MIN,MIN,False,False,False,False,False,False,False,,,0.1,False,,,
00-0033347,2026,Josh Tupou,DL,94.0,BAL,NYG,True,False,False,False,False,False,False,,,0.1,False,,,
00-0033375,2026,Tim Patrick,WR,17.0,JAX,NYJ,True,False,False,False,False,False,False,,,0.1,False,,,
00-0033376,2026,Patrick Ricard,RB,45.0,BAL,NYG,True,False,False,False,False,False,False,,,0.1,False,,,
00-0033381,2026,Adam Butler,DL,69.0,LV,LV,False,False,False,False,False,False,False,,,0.1,False,,,
00-0033439,2026,Pharaoh Brown,TE,49.0,ARI,IND,True,False,False,False,False,False,False,,,0.1,False,,,
00-0033523,2026,Jonathan Allen,DL,93.0,MIN,CIN,True,False,False,False,False,False,False,,,0.1,False,,,
00-0033526,2026,Samaje Perine,RB,34.0,CIN,CIN,False,False,False,False,False,False,False,,,0.1,False,,,
00-0033537,2026,Deshaun Watson,QB,4.0,CLE,CLE,False,False,False,False,False,False,False,,,0.1,False,,,
00-0033538,2026,Garett Bolles,OL,72.0,DEN,DEN,False,False,False,False,False,False,False,,,0.1,False,,,
00-0033546,2026,Dalvin Tomlinson,DL,94.0,ARI,LAC,True,False,False,False,False,False,False,,,0.1,False,,,
00-0033548,2026,Chidobe Awuzie,DB,3.0,BAL,BAL,False,False,False,False,False,False,False,,,0.1,False,,,
00-0033551,2026,Rasul Douglas,DB,29.0,MIA,WAS,True,False,False,False,False,False,False,,,0.1,False,,,
00-0033553,2026,James Conner,RB,6.0,ARI,ARI,False,False,False,False,False,False,False,,,0.1,False,,,
00-0033555,2026,Mack Hollins,WR,13.0,NE,NE,False,False,False,False,False,False,False,,,0.1,False,,,
00-0033576,2026,Eric Saubert,TE,81.0,SEA,SEA,False,False,False,False,False,False,False,,,0.1,False,,,
00-0033579,2026,Xavier Woods,DB,32.0,TEN,CHI,True,False,False,False,False,False,False,,,0.1,False,,,
00-0033589,2026,David Moore,WR,83.0,CAR,CAR,False,False,False,False,False,False,False,,,0.1,False,,,
00-0033662,2026,Cooper Rush,QB,13.0,BAL,ATL,True,False,False,False,False,False,False,,,0.1,False,,,
00-0033676,2026,Elijah Wilkinson,OL,65.0,ATL,ARI,True,False,False,False,False,False,False,,,0.1,False,,,
00-0033729,2026,Cameron Johnston,P,19.0,NYG,PIT,True,False,False,False,False,False,False,,,0.1,False,,,
00-0033752,2026,Storm Norton,OL,77.0,ATL,ATL,False,False,False,False,False,False,False,,,0.1,False,,,
00-0033757,2026,Robert Tonyan,TE,85.0,KC,PIT,True,False,False,False,False,False,False,,,0.1,False,,,
00-0033783,2026,Ahkello Witherspoon,DB,24.0,LA,WAS,True,False,False,False,False,False,False,,,0.1,False,,,
00-0033787,2026,Jake Elliott,K,4.0,PHI,PHI,False,False,False,False,False,False,False,,,0.1,False,,,
00-0033793,2026,Corey Levin,OL,62.0,TEN,ATL,True,False,False,False,False,False,False,,,0.1,False,,,
00-0033831,2026,Andrew Wylie,OL,71.0,WAS,WAS,False,False,False,False,False,False,False,,,0.1,False,,,
00-0033854,2026,Dare Ogunbowale,RB,32.0,HOU,LV,True,False,False,False,False,False,False,,,0.1,False,,,
00-0033858,2026,Jonnu Smith,TE,18.0,PIT,GB,True,False,False,False,False,False,False,,,0.1,False,,,
00-0033860,2026,Davon Godchaux,DL,92.0,NO,NO,False,False,False,False,False,False,False,,,0.1,False,,,
00-0033868,2026,Myles Garrett,LB,95.0,CLE,LA,True,False,False,False,False,False,False,,,0.1,False,,,
00-0033869,2026,Mitchell Trubisky,QB,10.0,BUF,TEN,True,False,False,False,False,False,False,,,0.1,False,,,
00-0033870,2026,Solomon Thomas,DL,90.0,DAL,TEN,True,False,False,False,False,False,False,,,0.1,False,,,
00-0033872,2026,Jamal Adams,LB,32.0,LV,MIN,True,False,False,False,False,False,False,,,0.1,False,,,
00-0033873,2026,Patrick Mahomes,QB,15.0,KC,KC,False,False,False,False,False,False,False,,,0.1,False,,,
00-0033876,2026,Derek Barnett,DL,97.0,HOU,CLE,True,False,False,False,False,False,False,,,0.1,False,,,
00-0033877,2026,Malik Hooker,DB,24.0,DAL,DAL,False,False,False,False,False,False,False,,,0.1,False,,,
00-0033881,2026,Evan Engram,TE,1.0,DEN,DEN,False,False,False,False,False,False,False,,,0.1,False,,,
00-0033885,2026,David Njoku,TE,83.0,CLE,LAC,True,False,False,False,False,False,False,,,0.1,False,,,
00-0033886,2026,T.J. Watt,LB,90.0,PIT,PIT,False,False,False,False,False,False,False,,,0.1,False,,,
00-0033890,2026,Budda Baker,DB,3.0,ARI,ARI,False,False,False,False,False,False,False,,,0.1,False,,,
00-0033901,2026,Ethan Pocic,OL,77.0,CLE,BAL,True,False,False,False,False,False,False,,,0.1,False,,,
00-0033902,2026,Tanoh Kpassagnon,DL,58.0,IND,TEN,True,False,False,False,False,False,False,,,0.1,False,,,
00-0033904,2026,Dion Dawkins,OL,73.0,BUF,BUF,False,False,False,False,False,False,False,,,0.1,False,,,
00-0033906,2026,Alvin Kamara,RB,41.0,NO,NO,False,False,False,False,False,False,False,,,0.1,False,,,
00-0033908,2026,Cooper Kupp,WR,10.0,SEA,SEA,False,False,False,False,False,False,False,,,0.1,False,,,
00-0033910,2026,Dan Feeney,OL,65.0,TB,TB,False,False,False,False,False,False,False,,,0.1,False,,,
00-0033914,2026,Alex Anzalone,LB,34.0,DET,TB,True,False,False,False,False,False,False,,,0.1,False,,,
00-0033918,2026,Fabian Moreau,DB,24.0,MIN,WAS,True,False,False,False,False,False,False,,,0.1,False,,,
00-0033921,2026,Chris Godwin Jr.,WR,14.0,TB,TB,False,False,False,False,False,False,False,,,0.1,False,,,
00-0033928,2026,Jourdan Lewis,DB,2.0,JAX,JAX,False,False,False,False,False,False,False,,,0.1,False,,,
00-0033935,2026,Trey Hendrickson,LB,91.0,CIN,BAL,True,False,False,False,False,False,False,,,0.1,False,,,
00-0033941,2026,Rayshawn Jenkins,DB,20.0,CLE,PIT,True,False,False,False,False,False,False,,,0.1,False,,,
00-0033945,2026,Samson Ebukam,DL,52.0,IND,ATL,True,False,False,False,False,False,False,,,0.1,False,,,
00-0033947,2026,Deatrich Wise,DL,91.0,WAS,WAS,False,False,False,False,False,False,False,,,0.1,False,,,
00-0033949,2026,Joshua Dobbs,QB,11.0,NE,DET,True,False,False,False,False,False,False,,,0.1,False,,,
00-0033952,2026,Grover Stewart,DL,90.0,IND,IND,False,False,False,False,False,False,False,,,0.1,False,,,
00-0033955,2026,Jeremy McNichols,RB,26.0,WAS,WAS,False,False,False,False,False,False,False,,,0.1,False,,,
00-0033964,2026,Al-Quadin Muhammad,LB,97.0,DET,TB,True,False,False,False,False,False,False,,,0.1,False,,,
00-0034051,2026,Christian Kuntz,LS,46.0,PIT,PIT,False,False,False,False,False,False,False,,,0.1,False,,,
00-0034067,2026,Scott Daly,LS,46.0,CHI,NO,True,False,False,False,False,False,False,,,0.1,False,,,
00-0034091,2026,George Odum,DB,36.0,IND,HOU,True,False,False,False,False,False,False,,,0.1,False,,,
00-0034112,2026,Austin Schlottmann,OL,51.0,NYG,TEN,True,False,False,False,False,False,False,,,0.1,False,,,
00-0034114,2026,Coleman Shelton,OL,65.0,LA,LA,False,False,False,False,False,False,False,,,0.1,False,,,
00-0034158,2026,Brian O'Neill,OL,75.0,MIN,MIN,False,False,False,False,False,False,False,,,0.1,False,,,
00-0034160,2026,Michael Dickson,P,4.0,SEA,SEA,False,False,False,False,False,False,False,,,0.1,False,,,
00-0034161,2026,Daniel Carlson,K,10.0,LV,NO,True,False,False,False,False,False,False,,,0.1,False,,,
00-0034162,2026,J.K. Scott,P,16.0,LAC,LAC,False,False,False,False,False,False,False,,,0.1,False,,,
00-0034163,2026,Jacob Martin,DL,57.0,WAS,TEN,True,False,False,False,False,False,False,,,0.1,False,,,
00-0034173,2026,Eddy Pineiro,K,18.0,SF,SF,False,False,False,False,False,False,False,,,0.1,False,,,
00-0034198,2026,Trent Sieg,LS,44.0,DAL,DAL,False,False,False,False,False,False,False,,,0.1,False,,,
00-0034234,2026,Poona Ford,DL,97.0,LA,LA,False,False,False,False,False,False,False,,,0.1,False,,,
00-0034248,2026,Elijah Campbell,DB,28.0,MIA,NYG,True,False,False,False,False,False,False,,,0.1,False,,,
00-0034261,2026,Austin Corbett,OL,63.0,CAR,BUF,True,False,False,False,False,False,False,,,0.1,False,,,
00-0034264,2026,Jalyn Holmes,DL,97.0,WAS,TEN,True,False,False,False,False,False,False,,,0.1,False,,,
00-0034270,2026,Tyler Conklin,TE,83.0,LAC,DET,True,False,False,False,False,False,False,,,0.1,False,,,
00-0034272,2026,Marquez Valdes-Scantling,WR,13.0,PIT,LAC,True,False,False,False,False,False,False,,,0.1,False,,,
00-0034275,2026,Foley Fatukasi,DL,94.0,HOU,LV,True,False,False,False,False,False,False,,,0.1,False,,,
00-0034277,2026,DeShon Elliott,DB,25.0,PIT,PIT,False,False,False,False,False,False,False,,,0.1,False,,,
00-0034278,2026,Tremon Smith,DB,11.0,HOU,HOU,False,False,False,False,False,False,False,,,0.1,False,,,
00-0034285,2026,Zach Sieler,DL,92.0,MIA,MIA,False,False,False,False,False,False,False,,,0.1,False,,,
00-0034302,2026,Frankie Luvu,LB,4.0,WAS,WAS,False,False,False,False,False,False,False,,,0.1,False,,,
00-0034320,2026,Kentavius Street,DL,93.0,ATL,CHI,True,False,False,False,False,False,False,,,0.1,False,,,
00-0034333,2026,Daron Payne,DL,94.0,WAS,WAS,False,False,False,False,False,False,False,,,0.1,False,,,
00-0034342,2026,Quenton Nelson,OL,56.0,IND,IND,False,False,False,False,False,False,False,,,0.1,False,,,
00-0034344,2026,Marcus Davenport,DL,52.0,DET,CHI,True,False,False,False,False,False,False,,,0.1,False,,,
00-0034348,2026,Courtland Sutton,WR,14.0,DEN,DEN,False,False,False,False,False,False,False,,,0.1,False,,,
00-0034350,2026,Uchenna Nwosu,LB,7.0,SEA,SEA,False,False,False,False,False,False,False,,,0.1,False,,,
00-0034351,2026,Dallas Goedert,TE,88.0,PHI,PHI,False,False,False,False,False,False,False,,,0.1,False,,,
00-0034355,2026,M.J. Stewart,DB,29.0,HOU,HOU,False,False,False,False,False,False,False,,,0.1,False,,,
00-0034356,2026,Donte Jackson,DB,26.0,LAC,LAC,False,False,False,False,False,False,False,,,0.1,False,,,
00-0034357,2026,Isaiah Oliver,DB,28.0,NYJ,TEN,True,False,False,False,False,False,False,,,0.1,False,,,
00-0034361,2026,Justin Reid,DB,21.0,NO,NO,False,False,False,False,False,False,False,,,0.1,False,,,
00-0034365,2026,Ian Thomas,TE,80.0,LV,LV,False,False,False,False,False,False,False,,,0.1,False,,,
00-0034371,2026,Da'Shawn Hand,DL,90.0,LAC,ATL,True,False,False,False,False,False,False,,,0.1,False,,,
00-0034373,2026,Dorance Armstrong,LB,92.0,WAS,WAS,False,False,False,False,False,False,False,,,0.1,False,,,
00-0034376,2026,Taron Johnson,DB,3.0,BUF,LV,True,False,False,False,False,False,False,,,0.1,False,,,
00-0034377,2026,Avonte Maddox,DB,29.0,DET,DET,False,False,False,False,False,False,False,,,0.1,False,,,
00-0034381,2026,Josh Sweat,LB,10.0,ARI,ARI,False,False,False,False,False,False,False,,,0.1,False,,,
00-0034383,2026,Dalton Schultz,TE,86.0,HOU,HOU,False,False,False,False,False,False,False,,,0.1,False,,,
00-0034384,2026,D.J. Reed,DB,4.0,DET,DET,False,False,False,False,False,False,False,,,0.1,False,,,
00-0034391,2026,Siran Neal,DB,33.0,SF,SF,False,False,False,False,False,False,False,,,0.1,False,,,
00-0034397,2026,Tim Settle,DL,97.0,HOU,WAS,True,False,False,False,False,False,False,,,0.1,False,,,
00-0034399,2026,Wyatt Teller,OL,75.0,CLE,HOU,True,False,False,False,False,False,False,,,0.1,False,,,
00-0034407,2026,Ray-Ray McCloud,WR,20.0,NYG,CHI,True,False,False,False,False,False,False,,,0.1,False,,,
00-0034413,2026,Foye Oluokun,LB,23.0,JAX,JAX,False,False,False,False,False,False,False,,,0.1,False,,,
00-0034417,2026,Matt Pryor,OL,76.0,PHI,ARI,True,False,False,False,False,False,False,,,0.1,False,,,
00-0034419,2026,Braxton Berrios,WR,87.0,HOU,NYG,True,False,False,False,False,False,False,,,0.1,False,,,
00-0034429,2026,Jordan Mailata,OL,68.0,PHI,PHI,False,False,False,False,False,False,False,,,0.1,False,,,
00-0034431,2026,Zaire Franklin,LB,44.0,IND,GB,True,False,False,False,False,False,False,,,0.1,False,,,
00-0034437,2026,Logan Cooke,P,9.0,JAX,JAX,False,False,False,False,False,False,False,,,0.1,False,,,
00-0034446,2026,Jalen Davis,DB,35.0,CIN,CIN,False,False,False,False,False,False,False,,,0.1,False,,,
00-0034465,2026,Jeremy Reaves,DB,39.0,WAS,WAS,False,False,False,False,False,False,False,,,0.1,False,,,
00-0034473,2026,Dennis Gardeck,LB,47.0,JAX,JAX,False,False,False,False,False,False,False,,,0.1,False,,,
00-0034485,2026,Jonathan Owens,DB,38.0,CHI,IND,True,False,False,False,False,False,False,,,0.1,False,,,
00-0034487,2026,Trent Sherfield,WR,18.0,NE,BUF,True,False,False,False,False,False,False,,,0.1,False,,,
00-0034488,2026,Tavierre Thomas,DB,37.0,MIN,MIN,False,False,False,False,False,False,False,,,0.1,False,,,
00-0034495,2026,Evan Brown,OL,63.0,ARI,HOU,True,False,False,False,False,False,False,,,0.1,False,,,
00-0034571,2026,Trent Scott,OL,73.0,WAS,WAS,False,False,False,False,False,False,False,,,0.1,False,,,
00-0034573,2026,Charvarius Ward,DB,7.0,IND,IND,False,False,False,False,False,False,False,,,0.1,False,,,
00-0034577,2026,Kyle Allen,QB,11.0,DET,BUF,True,False,False,False,False,False,False,,,0.1,False,,,
00-0034613,2026,Tanner Hudson,TE,87.0,CIN,CIN,False,False,False,False,False,False,False,,,0.1,False,,,
00-0034639,2026,Mike Ford,DB,28.0,ATL,ATL,False,False,False,False,False,False,False,,,0.1,False,,,
00-0034657,2026,Matt Dickerson,DL,93.0,JAX,JAX,False,False,False,False,False,False,False,,,0.1,False,,,
00-0034668,2026,Aaron Stinnie,OL,64.0,NYG,NYG,False,False,False,False,False,False,False,,,0.1,False,,,
00-0034673,2026,Tremaine Edmunds,LB,49.0,CHI,NYG,True,False,False,False,False,False,False,,,0.1,False,,,
00-0034675,2026,Jessie Bates,DB,3.0,ATL,ATL,False,False,False,False,False,False,False,,,0.1,False,,,
00-0034720,2026,Robert Spillane,LB,14.0,NE,NE,False,False,False,False,False,False,False,,,0.1,False,,,
00-0034721,2026,Corey Bojorquez,P,13.0,CLE,CLE,False,False,False,False,False,False,False,,,0.1,False,,,
00-0034752,2026,Orlando Brown,OL,75.0,CIN,CIN,False,False,False,False,False,False,False,,,0.1,False,,,
00-0034753,2026,Mark Andrews,TE,89.0,BAL,BAL,False,False,False,False,False,False,False,,,0.1,False,,,
00-0034754,2026,Oren Burks,LB,42.0,CIN,CIN,False,False,False,False,False,False,False,,,0.1,False,,,
00-0034759,2026,Kolton Miller,OL,74.0,LV,LV,False,False,False,False,False,False,False,,,0.1,False,,,
00-0034760,2026,Nathan Shepherd,DL,93.0,NO,NO,False,False,False,False,False,False,False,,,0.1,False,,,
00-0034768,2026,Chukwuma Okorafor,OL,79.0,NYJ,NYJ,False,False,False,False,False,False,False,,,0.1,False,,,
00-0034771,2026,Mason Rudolph,QB,2.0,PIT,PIT,False,False,False,False,False,False,False,,,0.1,False,,,
00-0034773,2026,Vita Vea,DL,50.0,TB,TB,False,False,False,False,False,False,False,,,0.1,False,,,
00-0034775,2026,Christian Kirk,WR,3.0,HOU,SF,True,False,False,False,False,False,False,,,0.1,False,,,
00-0034778,2026,Carlton Davis III,DB,7.0,NE,NE,False,False,False,False,False,False,False,,,0.1,False,,,
00-0034779,2026,Ronnie Harrison,LB,56.0,ATL,MIA,True,False,False,False,False,False,False,,,0.1,False,,,
00-0034780,2026,Isaac Yiadom,DB,37.0,NO,WAS,True,False,False,False,False,False,False,,,0.1,False,,,
00-0034782,2026,Harrison Phillips,DL,97.0,NYJ,NYJ,False,False,False,False,False,False,False,,,0.1,False,,,
00-0034789,2026,Minkah Fitzpatrick,DB,29.0,MIA,NYJ,True,False,False,False,False,False,False,,,0.1,False,,,
00-0034790,2026,Derwin James,DB,3.0,LAC,LAC,False,False,False,False,False,False,False,,,0.1,False,,,
00-0034794,2026,Jason Sanders,K,19.0,MIA,NYJ,True,False,False,False,False,False,False,,,0.1,False,,,
00-0034796,2026,Lamar Jackson,QB,8.0,BAL,BAL,False,False,False,False,False,False,False,,,0.1,False,,,
00-0034798,2026,Durham Smythe,TE,80.0,CHI,BAL,True,False,False,False,False,False,False,,,0.1,False,,,
00-0034800,2026,B.J. Hill,DL,92.0,CIN,CIN,False,False,False,False,False,False,False,,,0.1,False,,,
00-0034801,2026,Josh Woods,LB,42.0,ATL,ATL,False,False,False,False,False,False,False,,,0.1,False,,,
00-0034805,2026,John Franklin-Myers,DL,91.0,DEN,TEN,True,False,False,False,False,False,False,,,0.1,False,,,
00-0034807,2026,Ogbo Okoronkwo,DL,59.0,PHI,SF,True,False,False,False,False,False,False,,,0.1,False,,,
00-0034810,2026,Sebastian Joseph-Day,DL,69.0,TEN,PIT,True,False,False,False,False,False,False,,,0.1,False,,,
00-0034815,2026,Fred Warner,LB,54.0,SF,SF,False,False,False,False,False,False,False,,,0.1,False,,,
00-0034817,2026,Geron Christian,OL,79.0,DEN,JAX,True,False,False,False,False,False,False,,,0.1,False,,,
00-0034825,2026,Arden Key,DL,98.0,TEN,IND,True,False,False,False,False,False,False,,,0.1,False,,,
00-0034827,2026,DJ Moore,WR,2.0,CHI,BUF,True,False,False,False,False,False,False,,,0.1,False,,,
00-0034828,2026,Harold Landry III,LB,2.0,NE,NE,False,False,False,False,False,False,False,,,0.1,False,,,
00-0034829,2026,Mike Gesicki,TE,88.0,CIN,CIN,False,False,False,False,False,False,False,,,0.1,False,,,
00-0034832,2026,Bradley Chubb,LB,9.0,MIA,BUF,True,False,False,False,False,False,False,,,0.1,False,,,
00-0034836,2026,Braden Smith,OL,71.0,IND,HOU,True,False,False,False,False,False,False,,,0.1,False,,,
00-0034837,2026,Calvin Ridley,WR,0.0,TEN,TEN,False,False,False,False,False,False,False,,,0.1,False,,,
00-0034843,2026,Mike Hughes,DB,21.0,ATL,ATL,False,False,False,False,False,False,False,,,0.1,False,,,
00-0034844,2026,Saquon Barkley,RB,26.0,PHI,PHI,False,False,False,False,False,False,False,,,0.1,False,,,
00-0034847,2026,Mike McGlinchey,OL,69.0,DEN,DEN,False,False,False,False,False,False,False,,,0.1,False,,,
00-0034854,2026,KhaDarel Hodge,WR,86.0,ATL,SF,True,False,False,False,False,False,False,,,0.1,False,,,
00-0034855,2026,Baker Mayfield,QB,6.0,TB,TB,False,False,False,False,False,False,False,,,0.1,False,,,
00-0034856,2026,Denzel Ward,DB,21.0,CLE,CLE,False,False,False,False,False,False,False,,,0.1,False,,,
00-0034857,2026,Josh Allen,QB,17.0,BUF,BUF,False,False,False,False,False,False,False,,,0.1,False,,,
00-0034869,2026,Sam Darnold,QB,14.0,SEA,SEA,False,False,False,False,False,False,False,,,0.1,False,,,
00-0034874,2026,Roquan Smith,LB,0.0,BAL,BAL,False,False,False,False,False,False,False,,,0.1,False,,,
00-0034941,2026,Mitch Wishnowsky,P,19.0,BUF,NE,True,False,False,False,False,False,False,,,0.1,False,,,
00-0034951,2026,Fred Johnson,OL,74.0,PHI,PHI,False,False,False,False,False,False,False,,,0.1,False,,,
00-0034959,2026,Andrew Beck,RB,47.0,NYJ,NYJ,False,False,False,False,False,False,False,,,0.1,False,,,
00-0034960,2026,Jakobi Meyers,WR,3.0,JAX,JAX,False,False,False,False,False,False,False,,,0.1,False,,,
00-0034966,2026,D'Angelo Ross,DB,38.0,CLE,CLE,False,False,False,False,False,False,False,,,0.1,False,,,
00-0034967,2026,Rashan Gary,LB,7.0,GB,DAL,True,False,False,False,False,False,False,,,0.1,False,,,
00-0034973,2026,Maxx Crosby,DL,98.0,LV,LV,False,False,False,False,False,False,False,,,0.1,False,,,
00-0034974,2026,Julian Love,DB,20.0,SEA,SEA,False,False,False,False,False,False,False,,,0.1,False,,,
00-0034975,2026,Justice Hill,RB,43.0,BAL,BAL,False,False,False,False,False,False,False,,,0.1,False,,,
00-0034978,2026,Ben Powers,OL,74.0,DEN,DEN,False,False,False,False,False,False,False,,,0.1,False,,,
00-0034981,2026,Foster Moreau,TE,87.0,NO,HOU,True,False,False,False,False,False,False,,,0.1,False,,,
00-0034982,2026,Dre Greenlaw,LB,57.0,DEN,SF,True,False,False,False,False,False,False,,,0.1,False,,,
00-0034987,2026,E.J. Speed,LB,45.0,HOU,HOU,False,False,False,False,False,False,False,,,0.1,False,,,
00-0034989,2026,Justin Skule,OL,77.0,MIN,TB,True,False,False,False,False,False,False,,,0.1,False,,,
00-0034993,2026,Marcus Epps,DB,29.0,PHI,PHI,False,False,False,False,False,False,False,,,0.1,False,,,
00-0035020,2026,Demetrius Flannigan-Fowles,LB,50.0,NYG,BUF,True,False,False,False,False,False,False,,,0.1,False,,,
00-0035021,2026,Ashton Dulin,WR,16.0,IND,IND,False,False,False,False,False,False,False,,,0.1,False,,,
00-0035026,2026,Kevin Givens,DL,90.0,SF,SF,False,False,False,False,False,False,False,,,0.1,False,,,
00-0035039,2026,Stephen Carlson,TE,88.0,CHI,CHI,False,False,False,False,False,False,False,,,0.1,False,,,
00-0035045,2026,D.J. Montgomery,WR,3.0,IND,IND,False,False,False,False,False,False,False,,,0.1,False,,,
00-0035062,2026,Sam Mustipher,OL,69.0,DEN,JAX,True,False,False,False,False,False,False,,,0.1,False,,,
00-0035112,2026,Patrick Mekari,OL,65.0,JAX,JAX,False,False,False,False,False,False,False,,,0.1,False,,,
00-0035118,2026,Matthew Orzech,LS,42.0,GB,GB,False,False,False,False,False,False,False,,,0.1,False,,,
00-0035125,2026,Alec Ingold,RB,30.0,MIA,LAC,True,False,False,False,False,False,False,,,0.1,False,,,
00-0035127,2026,Andre James,OL,61.0,LAC,TEN,True,False,False,False,False,False,False,,,0.1,False,,,
00-0035133,2026,Keisean Nixon,DB,25.0,GB,GB,False,False,False,False,False,False,False,,,0.1,False,,,
00-0035144,2026,Mack Wilson,LB,1.0,ARI,ARI,False,False,False,False,False,False,False,,,0.1,False,,,
00-0035149,2026,Nick Allegretti,OL,67.0,WAS,WAS,False,False,False,False,False,False,False,,,0.1,False,,,
00-0035156,2026,Jack Fox,P,3.0,DET,DET,False,False,False,False,False,False,False,,,0.1,False,,,
00-0035166,2026,Azeez Al-Shaair,LB,0.0,HOU,HOU,False,False,False,False,False,False,False,,,0.1,False,,,
00-0035190,2026,AJ Cole,P,6.0,LV,LV,False,False,False,False,False,False,False,,,0.1,False,,,
00-0035192,2026,Joey Slye,K,6.0,TEN,TEN,False,False,False,False,False,False,False,,,0.1,False,,,
00-0035202,2026,Del'Shawn Phillips,LB,53.0,LAC,LAC,False,False,False,False,False,False,False,,,0.1,False,,,
00-0035208,2026,Olamide Zaccheaus,WR,14.0,CHI,ATL,True,False,False,False,False,False,False,,,0.1,False,,,
00-0035227,2026,P.J. Locke,DB,1.0,DEN,DAL,True,False,False,False,False,False,False,,,0.1,False,,,
00-0035228,2026,Kyler Murray,QB,1.0,ARI,MIN,True,False,False,False,False,False,False,,,0.1,False,,,
00-0035229,2026,T.J. Hockenson,TE,87.0,MIN,MIN,False,False,False,False,False,False,False,,,0.1,False,,,
00-0035230,2026,Ed Oliver,DL,91.0,BUF,BUF,False,False,False,False,False,False,False,,,0.1,False,,,
00-0035234,2026,Tytus Howard,OL,71.0,HOU,CLE,True,False,False,False,False,False,False,,,0.1,False,,,
00-0035235,2026,Kaleb McGary,OL,76.0,ATL,ATL,False,False,False,False,False,False,False,,,0.1,False,,,
00-0035236,2026,Byron Murphy,DB,7.0,MIN,MIN,False,False,False,False,False,False,False,,,0.1,False,,,
00-0035237,2026,Jawaan Taylor,OL,71.0,KC,ATL,True,False,False,False,False,False,False,,,0.1,False,,,
00-0035239,2026,Sean Murphy-Bunting,DB,26.0,ARI,TB,True,False,False,False,False,False,False,,,0.1,False,,,
00-0035240,2026,Jahlani Tavai,LB,31.0,NE,JAX,True,False,False,False,False,False,False,,,0.1,False,,,
00-0035242,2026,Erik McCoy,OL,78.0,NO,NO,False,False,False,False,False,False,False,,,0.1,False,,,
00-0035248,2026,Zach Allen,DL,99.0,DEN,DEN,False,False,False,False,False,False,False,,,0.1,False,,,
00-0035249,2026,Josh Oliver,TE,84.0,MIN,MIN,False,False,False,False,False,False,False,,,0.1,False,,,
00-0035250,2026,Devin Singletary,RB,26.0,NYG,NYG,False,False,False,False,False,False,False,,,0.1,False,,,
00-0035251,2026,Will Grier,QB,14.0,DAL,CAR,True,False,False,False,False,False,False,,,0.1,False,,,
00-0035253,2026,C.J. Gardner-Johnson,DB,22.0,CHI,BUF,True,False,False,False,False,False,False,,,0.1,False,,,
00-0035254,2026,Anthony Nelson,LB,98.0,TB,TB,False,False,False,False,False,False,False,,,0.1,False,,,
00-0035258,2026,Hjalte Froholdt,OL,72.0,ARI,ARI,False,False,False,False,False,False,False,,,0.1,False,,,
00-0035261,2026,Tony Pollard,RB,20.0,TEN,TEN,False,False,False,False,False,False,False,,,0.1,False,,,
00-0035262,2026,Drue Tranquill,LB,23.0,KC,KC,False,False,False,False,False,False,False,,,0.1,False,,,
00-0035264,2026,Jarrett Stidham,QB,8.0,DEN,DEN,False,False,False,False,False,False,False,,,0.1,False,,,
00-0035269,2026,Matt Gay,K,14.0,SF,LV,True,False,False,False,False,False,False,,,0.1,False,,,
00-0035270,2026,Amani Oruwariye,DB,25.0,BAL,BAL,False,False,False,False,False,False,False,,,0.1,False,,,
00-0035272,2026,Andrew Van Ginkel,LB,43.0,MIN,MIN,False,False,False,False,False,False,False,,,0.1,False,,,
00-0035276,2026,Blake Cashman,LB,51.0,MIN,MIN,False,False,False,False,False,False,False,,,0.1,False,,,
00-0035277,2026,Mike Jackson,DB,2.0,CAR,CAR,False,False,False,False,False,False,False,,,0.1,False,,,
00-0035278,2026,Byron Cowart,DL,55.0,NYJ,WAS,True,False,False,False,False,False,False,,,0.1,False,,,
00-0035279,2026,Charles Omenihu,DL,90.0,KC,WAS,True,False,False,False,False,False,False,,,0.1,False,,,
00-0035280,2026,Jake Bailey,P,16.0,MIA,ATL,True,False,False,False,False,False,False,,,0.1,False,,,
00-0035282,2026,Easton Stick,QB,16.0,ATL,TB,True,False,False,False,False,False,False,,,0.1,False,,,
00-0035286,2026,Cole Holcomb,LB,55.0,PIT,PIT,False,False,False,False,False,False,False,,,0.1,False,,,
00-0035289,2026,Gardner Minshew,QB,15.0,KC,ARI,True,False,False,False,False,False,False,,,0.1,False,,,
00-0035298,2026,Scott Miller,WR,82.0,PIT,CHI,True,False,False,False,False,False,False,,,0.1,False,,,
00-0035316,2026,Kaden Elliss,LB,55.0,ATL,NO,True,False,False,False,False,False,False,,,0.1,False,,,
00-0035317,2026,Joshua Miles,OL,77.0,LV,LV,False,False,False,False,False,False,False,,,0.1,False,,,
00-0035345,2026,Chris Myarick,TE,41.0,MIA,LV,True,False,False,False,False,False,False,,,0.1,False,,,
00-0035352,2026,Tyrel Dodson,LB,33.0,MIA,CAR,True,False,False,False,False,False,False,,,0.1,False,,,
00-0035355,2026,Blake Hance,OL,72.0,TEN,LA,True,False,False,False,False,False,False,,,0.1,False,,,
00-0035357,2026,Cam Lewis,DB,21.0,BUF,CHI,True,False,False,False,False,False,False,,,0.1,False,,,
00-0035358,2026,Chase McLaughlin,K,4.0,TB,TB,False,False,False,False,False,False,False,,,0.1,False,,,
00-0035359,2026,David Sills,WR,80.0,ATL,TB,True,False,False,False,False,False,False,,,0.1,False,,,
00-0035363,2026,Joe Giles-Harris,LB,43.0,CIN,CIN,False,False,False,False,False,False,False,,,0.1,False,,,
00-0035378,2026,Andrew Wingard,DB,28.0,JAX,ARI,True,False,False,False,False,False,False,,,0.1,False,,,
00-0035386,2026,T.J. Edwards,LB,53.0,CHI,CHI,False,False,False,False,False,False,False,,,0.1,False,,,
00-0035402,2026,Carl Granderson,LB,96.0,NO,NO,False,False,False,False,False,False,False,,,0.1,False,,,
00-0035406,2026,Lil'Jordan Humphrey,WR,5.0,DEN,DEN,False,False,False,False,False,False,False,,,0.1,False,,,
00-0035408,2026,Nick Moore,LS,46.0,BAL,BAL,False,False,False,False,False,False,False,,,0.1,False,,,
00-0035409,2026,Shy Tuttle,DL,96.0,WAS,WAS,False,False,False,False,False,False,False,,,0.1,False,,,
00-0035413,2026,Luke Gifford,LB,51.0,SF,SF,False,False,False,False,False,False,False,,,0.1,False,,,
00-0035500,2026,Greg Dortch,WR,19.0,ARI,BUF,True,False,False,False,False,False,False,,,0.1,False,,,
00-0035525,2026,Devin Bush,LB,12.0,CLE,CHI,True,False,False,False,False,False,False,,,0.1,False,,,
00-0035526,2026,Elgton Jenkins,OL,74.0,GB,CLE,True,False,False,False,False,False,False,,,0.1,False,,,
00-0035535,2026,Darius Slayton,WR,18.0,NYG,NYG,False,False,False,False,False,False,False,,,0.1,False,,,
00-0035537,2026,Ty Johnson,RB,26.0,BUF,BUF,False,False,False,False,False,False,False,,,0.1,False,,,
00-0035544,2026,Tom Kennedy,WR,85.0,DET,DET,False,False,False,False,False,False,False,,,0.1,False,,,
00-0035567,2026,Craig Reynolds,RB,32.0,NE,WAS,True,False,False,False,False,False,False,,,0.1,False,,,
00-0035588,2026,Garrett Bradbury,OL,67.0,NE,CHI,True,False,False,False,False,False,False,,,0.1,False,,,
00-0035589,2026,Gary Jennings,WR,87.0,,LAC,False,True,False,False,False,False,False,,,0.1,False,,,
00-0035594,2026,Travis Homer,RB,21.0,CHI,PIT,True,False,False,False,False,False,False,,,0.1,False,,,
00-0035602,2026,Alex Bachman,WR,11.0,LV,LA,True,False,False,False,False,False,False,,,0.1,False,,,
00-0035617,2026,Troy Reeder,LB,50.0,LA,NYJ,True,False,False,False,False,False,False,,,0.1,False,,,
00-0035630,2026,Chris Lindstrom,OL,63.0,ATL,ATL,False,False,False,False,False,False,False,,,0.1,False,,,
00-0035631,2026,Drew Sample,TE,89.0,CIN,CIN,False,False,False,False,False,False,False,,,0.1,False,,,
00-0035632,2026,Amani Hooker,DB,37.0,TEN,TEN,False,False,False,False,False,False,False,,,0.1,False,,,
00-0035636,2026,L.J. Collier,DL,91.0,ARI,ARI,False,False,False,False,False,False,False,,,0.1,False,,,
00-0035637,2026,Rock Ya-Sin,DB,23.0,DET,DET,False,False,False,False,False,False,False,,,0.1,False,,,
00-0035639,2026,Parris Campbell,WR,11.0,DAL,DAL,False,False,False,False,False,False,False,,,0.1,False,,,
00-0035640,2026,DK Metcalf,WR,4.0,PIT,PIT,False,False,False,False,False,False,False,,,0.1,False,,,
00-0035642,2026,Josh Hines-Allen,DL,41.0,JAX,JAX,False,False,False,False,False,False,False,,,0.1,False,,,
00-0035643,2026,Jeffery Simmons,DL,98.0,TEN,TEN,False,False,False,False,False,False,False,,,0.1,False,,,
00-0035644,2026,Noah Fant,TE,87.0,CIN,NO,True,False,False,False,False,False,False,,,0.1,False,,,
00-0035645,2026,Gunner Olszewski,WR,80.0,NYG,NYG,False,False,False,False,False,False,False,,,0.1,False,,,
00-0035647,2026,Montez Sweat,DL,98.0,CHI,CHI,False,False,False,False,False,False,False,,,0.1,False,,,
00-0035659,2026,Terry McLaurin,WR,17.0,WAS,WAS,False,False,False,False,False,False,False,,,0.1,False,,,
00-0035662,2026,Marquise Brown,WR,0.0,KC,PHI,True,False,False,False,False,False,False,,,0.1,False,,,
00-0035663,2026,Taylor Rapp,DB,30.0,BUF,DEN,True,False,False,False,False,False,False,,,0.1,False,,,
00-0035665,2026,David Long,DB,45.0,CAR,NO,True,False,False,False,False,False,False,,,0.1,False,,,
00-0035667,2026,Greg Gaines,DL,97.0,TB,BUF,True,False,False,False,False,False,False,,,0.1,False,,,
00-0035668,2026,David Edwards,OL,76.0,BUF,NO,True,False,False,False,False,False,False,,,0.1,False,,,
00-0035669,2026,Nick Scott,DB,21.0,CAR,CAR,False,False,False,False,False,False,False,,,0.1,False,,,
00-0035672,2026,Cody Barton,LB,50.0,TEN,TEN,False,False,False,False,False,False,False,,,0.1,False,,,
00-0035674,2026,Jerry Tillery,DL,94.0,KC,IND,True,False,False,False,False,False,False,,,0.1,False,,,
00-0035676,2026,A.J. Brown,WR,1.0,PHI,NE,True,False,False,False,False,False,False,,,0.1,False,,,
00-0035678,2026,Dre'Mont Jones,LB,5.0,BAL,NE,True,False,False,False,False,False,False,,,0.1,False,,,
00-0035679,2026,Connor McGovern,OL,66.0,BUF,BUF,False,False,False,False,False,False,False,,,0.1,False,,,
00-0035680,2026,Quincy Williams,LB,5.0,NYJ,CLE,True,False,False,False,False,False,False,,,0.1,False,,,
00-0035683,2026,Dexter Lawrence,DL,97.0,NYG,CIN,True,False,False,False,False,False,False,,,0.1,False,,,
00-0035685,2026,David Montgomery,RB,32.0,DET,HOU,True,False,False,False,False,False,False,,,0.1,False,,,
00-0035686,2026,Michael Deiter,OL,67.0,DEN,DEN,False,False,False,False,False,False,False,,,0.1,False,,,
00-0035687,2026,Bobby Okereke,LB,58.0,NYG,CAR,True,False,False,False,False,False,False,,,0.1,False,,,
00-0035688,2026,Trey Pipkins,OL,79.0,LAC,LAC,False,False,False,False,False,False,False,,,0.1,False,,,
00-0035689,2026,Dawson Knox,TE,88.0,BUF,BUF,False,False,False,False,False,False,False,,,0.1,False,,,
00-0035692,2026,Clelin Ferrell,DL,98.0,SF,MIA,True,False,False,False,False,False,False,,,0.1,False,,,
00-0035698,2026,Chuma Edoga,OL,62.0,JAX,BAL,True,False,False,False,False,False,False,,,0.1,False,,,
00-0035699,2026,Jamel Dean,DB,35.0,TB,PIT,True,False,False,False,False,False,False,,,0.1,False,,,
00-0035700,2026,Josh Jacobs,RB,8.0,GB,GB,False,False,False,False,False,False,False,,,0.1,False,,,
00-0035702,2026,Dalton Risner,OL,66.0,CIN,CIN,False,False,False,False,False,False,False,,,0.1,False,,,
00-0035704,2026,Drew Lock,QB,2.0,SEA,SEA,False,False,False,False,False,False,False,,,0.1,False,,,
00-0035705,2026,Jalen Thompson,DB,34.0,ARI,DAL,True,False,False,False,False,False,False,,,0.1,False,,,
00-0035707,2026,Devin White,LB,45.0,LV,DET,True,False,False,False,False,False,False,,,0.1,False,,,
00-0035710,2026,Daniel Jones,QB,17.0,IND,IND,False,False,False,False,False,False,False,,,0.1,False,,,
00-0035713,2026,Brian Burns,LB,0.0,NYG,NYG,False,False,False,False,False,False,False,,,0.1,False,,,
00-0035717,2026,Nick Bosa,DL,97.0,SF,SF,False,False,False,False,False,False,False,,,0.1,False,,,
00-0035718,2026,Quinnen Williams,DL,92.0,DAL,DAL,False,False,False,False,False,False,False,,,0.1,False,,,
00-0035719,2026,Deebo Samuel Sr.,WR,19.0,WAS,SF,True,False,False,False,False,False,False,,,0.1,False,,,
00-0035743,2026,Brett Toth,OL,78.0,PHI,SF,True,False,False,False,False,False,False,,,0.1,False,,,
00-0035763,2026,Malcolm Roach,DL,97.0,DEN,DEN,False,False,False,False,False,False,False,,,0.1,False,,,
00-0035764,2026,Calvin Throckmorton,OL,76.0,DEN,DEN,False,False,False,False,False,False,False,,,0.1,False,,,
00-0035795,2026,James Pierre,DB,23.0,PIT,MIN,True,False,False,False,False,False,False,,,0.1,False,,,
00-0035821,2026,Corliss Waitman,P,15.0,PIT,SF,True,False,False,False,False,False,False,,,0.1,False,,,
00-0035827,2026,Ross Matiscik,LS,46.0,JAX,JAX,False,False,False,False,False,False,False,,,0.1,False,,,
00-0035829,2026,Austen Pleasants,OL,62.0,SF,SF,False,False,False,False,False,False,False,,,0.1,False,,,
00-0035857,2026,Chris Williams,DL,61.0,CHI,CLE,True,False,False,False,False,False,False,,,0.1,False,,,
00-0035859,2026,Blake Gillikin,P,12.0,ARI,ARI,False,False,False,False,False,False,False,,,0.1,False,,,
00-0035889,2026,Tommy Townsend,P,3.0,HOU,TEN,True,False,False,False,False,False,False,,,0.1,False,,,
00-0035890,2026,Tershawn Wharton,DL,98.0,CAR,CAR,False,False,False,False,False,False,False,,,0.1,False,,,
00-0035891,2026,Cody White,WR,82.0,SEA,LV,True,False,False,False,False,False,False,,,0.1,False,,,
00-0035895,2026,Joe Bachie,LB,35.0,TEN,DET,True,False,False,False,False,False,False,,,0.1,False,,,
00-0035900,2026,Cole Christiansen,LB,48.0,KC,KC,False,False,False,False,False,False,False,,,0.1,False,,,
00-0035924,2026,Jonathan Ward,RB,35.0,BAL,BAL,False,False,False,False,False,False,False,,,0.1,False,,,
00-0035933,2026,Michael Hoecht,LB,55.0,BUF,BUF,False,False,False,False,False,False,False,,,0.1,False,,,
00-0035942,2026,Christian Rozeboom,LB,52.0,CAR,TB,True,False,False,False,False,False,False,,,0.1,False,,,
00-0035944,2026,Jonah Williams,DL,92.0,NO,NO,False,False,False,False,False,False,False,,,0.1,False,,,
00-0035992,2026,Trystan Colon,OL,69.0,DET,JAX,True,False,False,False,False,False,False,,,0.1,False,,,
00-0035993,2026,Tyler Huntley,QB,5.0,BAL,BAL,False,False,False,False,False,False,False,,,0.1,False,,,
00-0035997,2026,Julian Good-Jones,OL,61.0,WAS,WAS,False,False,False,False,False,False,False,,,0.1,False,,,
00-0036020,2026,Salvon Ahmed,RB,36.0,IND,CHI,True,False,False,False,False,False,False,,,0.1,False,,,
00-0036036,2026,Terence Steele,OL,78.0,DAL,DAL,False,False,False,False,False,False,False,,,0.1,False,,,
00-0036037,2026,Sam Franklin Jr.,DB,28.0,BUF,BUF,False,False,False,False,False,False,False,,,0.1,False,,,
00-0036040,2026,Juwan Johnson,TE,83.0,NO,NO,False,False,False,False,False,False,False,,,0.1,False,,,
00-0036045,2026,Cam Gill,LB,49.0,MIN,CAR,True,False,False,False,False,False,False,,,0.1,False,,,
00-0036081,2026,Broderick Washington,DL,96.0,BAL,BAL,False,False,False,False,False,False,False,,,0.1,False,,,
00-0036082,2026,Liam McCullough,LS,49.0,ATL,ATL,False,False,False,False,False,False,False,,,0.1,False,,,
00-0036087,2026,Myles Bryant,DB,27.0,HOU,CLE,True,False,False,False,False,False,False,,,0.1,False,,,
00-0036093,2026,Bill Murray,OL,66.0,IND,LA,True,False,False,False,False,False,False,,,0.1,False,,,
00-0036105,2026,Nick Leverett,OL,51.0,DAL,DAL,False,False,False,False,False,False,False,,,0.1,False,,,
00-0036114,2026,A.J. Green,DB,24.0,MIA,MIA,False,False,False,False,False,False,False,,,0.1,False,,,
00-0036124,2026,Khalil Dorsey,DB,30.0,DET,DET,False,False,False,False,False,False,False,,,0.1,False,,,
00-0036130,2026,Nnamdi Madubuike,DL,92.0,BAL,BAL,False,False,False,False,False,False,False,,,0.1,False,,,
00-0036132,2026,Ben Bredeson,OL,68.0,TB,TB,False,False,False,False,False,False,False,,,0.1,False,,,
00-0036139,2026,Rico Dowdle,RB,13.0,CAR,PIT,True,False,False,False,False,False,False,,,0.1,False,,,
00-0036157,2026,Kristian Welch,LB,54.0,GB,GB,False,False,False,False,False,False,False,,,0.1,False,,,
00-0036158,2026,J.K. Dobbins,RB,27.0,DEN,DEN,False,False,False,False,False,False,False,,,0.1,False,,,
00-0036159,2026,Joshua Uche,LB,9.0,PHI,MIA,True,False,False,False,False,False,False,,,0.1,False,,,
00-0036162,2026,Tyler Bass,K,16.0,BUF,BUF,False,False,False,False,False,False,False,,,0.1,False,,,
00-0036166,2026,Dane Jackson,DB,38.0,BUF,JAX,True,False,False,False,False,False,False,,,0.1,False,,,
00-0036171,2026,Aaron Brewer,OL,55.0,MIA,MIA,False,False,False,False,False,False,False,,,0.1,False,,,
00-0036181,2026,Teair Tart,DL,93.0,LAC,LAC,False,False,False,False,False,False,False,,,0.1,False,,,
00-0036182,2026,Nick Westbrook-Ikhine,WR,12.0,MIA,IND,True,False,False,False,False,False,False,,,0.1,False,,,
00-0036187,2026,Reggie Gilliam,RB,44.0,BUF,NE,True,False,False,False,False,False,False,,,0.1,False,,,
00-0036192,2026,A.J. Epenesa,DL,57.0,BUF,PHI,True,False,False,False,False,False,False,,,0.1,False,,,
00-0036193,2026,Anfernee Jennings,LB,33.0,NE,NO,True,False,False,False,False,False,False,,,0.1,False,,,
00-0036198,2026,Mike Onwenu,OL,71.0,NE,NE,False,False,False,False,False,False,False,,,0.1,False,,,
00-0036199,2026,Geno Stone,DB,25.0,CIN,BUF,True,False,False,False,False,False,False,,,0.1,False,,,
00-0036204,2026,LaCale London,DL,94.0,ATL,ATL,False,False,False,False,False,False,False,,,0.1,False,,,
00-0036212,2026,Tua Tagovailoa,QB,1.0,MIA,ATL,True,False,False,False,False,False,False,,,0.1,False,,,
00-0036215,2026,Danny Pinter,OL,63.0,IND,BAL,True,False,False,False,False,False,False,,,0.1,False,,,
00-0036220,2026,Derrick Brown,DL,95.0,CAR,CAR,False,False,False,False,False,False,False,,,0.1,False,,,
00-0036221,2026,Brandon Jones,DB,22.0,DEN,DEN,False,False,False,False,False,False,False,,,0.1,False,,,
00-0036222,2026,Isaiah Rodgers,DB,2.0,MIN,MIN,False,False,False,False,False,False,False,,,0.1,False,,,
00-0036223,2026,Jonathan Taylor,RB,28.0,IND,IND,False,False,False,False,False,False,False,,,0.1,False,,,
00-0036224,2026,Jonathan Greenard,LB,52.0,MIN,PHI,True,False,False,False,False,False,False,,,0.1,False,,,
00-0036231,2026,Kyle Dugger,DB,29.0,PIT,CIN,True,False,False,False,False,False,False,,,0.1,False,,,
00-0036237,2026,Larrell Murchison,DL,52.0,LA,LA,False,False,False,False,False,False,False,,,0.1,False,,,
00-0036239,2026,Jonathan Garvin,LB,57.0,CHI,CHI,False,False,False,False,False,False,False,,,0.1,False,,,
00-0036241,2026,Bryce Hall,DB,34.0,TB,HOU,True,False,False,False,False,False,False,,,0.1,False,,,
00-0036244,2026,Colby Parkinson,TE,84.0,LA,LA,False,False,False,False,False,False,False,,,0.1,False,,,
00-0036246,2026,Jon Runyan,OL,76.0,NYG,NYG,False,False,False,False,False,False,False,,,0.1,False,,,
00-0036248,2026,Austin Jackson,OL,73.0,MIA,MIA,False,False,False,False,False,False,False,,,0.1,False,,,
00-0036249,2026,Julian Okwara,DL,99.0,CLE,CLE,False,False,False,False,False,False,False,,,0.1,False,,,
00-0036252,2026,Michael Pittman,WR,11.0,IND,PIT,True,False,False,False,False,False,False,,,0.1,False,,,
00-0036253,2026,Julian Blackmon,DB,23.0,NO,NO,False,False,False,False,False,False,False,,,0.1,False,,,
00-0036256,2026,Colton McKivitz,OL,68.0,SF,SF,False,False,False,False,False,False,False,,,0.1,False,,,
00-0036258,2026,Jonah Jackson,OL,73.0,CHI,CHI,False,False,False,False,False,False,False,,,0.1,False,,,
00-0036259,2026,Jauan Jennings,WR,14.0,SF,MIN,True,False,False,False,False,False,False,,,0.1,False,,,
00-0036260,2026,Javon Kinlaw,DL,99.0,WAS,WAS,False,False,False,False,False,False,False,,,0.1,False,,,
00-0036262,2026,DaVon Hamilton,DL,52.0,JAX,JAX,False,False,False,False,False,False,False,,,0.1,False,,,
00-0036264,2026,Jordan Love,QB,10.0,GB,GB,False,False,False,False,False,False,False,,,0.1,False,,,
00-0036265,2026,AJ Dillon,RB,28.0,PHI,CAR,True,False,False,False,False,False,False,,,0.1,False,,,
00-0036266,2026,Jordan Elliott,DL,95.0,SF,TEN,True,False,False,False,False,False,False,,,0.1,False,,,
00-0036267,2026,Jedrick Wills,OL,71.0,,BUF,False,True,False,False,False,False,False,,,0.1,False,,,
00-0036272,2026,Ben Bartch,OL,78.0,SF,DET,True,False,False,False,False,False,False,,,0.1,False,,,
00-0036275,2026,D'Andre Swift,RB,4.0,CHI,CHI,False,False,False,False,False,False,False,,,0.1,False,,,
00-0036280,2026,Malik Harrison,LB,54.0,PIT,NYG,True,False,False,False,False,False,False,,,0.1,False,,,
00-0036281,2026,C.J. Henderson,DB,26.0,ATL,ATL,False,False,False,False,False,False,False,,,0.1,False,,,
00-0036282,2026,Grant Delpit,DB,9.0,CLE,CLE,False,False,False,False,False,False,False,,,0.1,False,,,
00-0036285,2026,A.J. Terrell,DB,24.0,ATL,ATL,False,False,False,False,False,False,False,,,0.1,False,,,
00-0036286,2026,K'Lavon Chaisson,LB,45.0,NE,WAS,True,False,False,False,False,False,False,,,0.1,False,,,
00-0036287,2026,Noah Igbinoghene,DB,20.0,WAS,CLE,True,False,False,False,False,False,False,,,0.1,False,,,
00-0036290,2026,Cole Kmet,TE,85.0,CHI,CHI,False,False,False,False,False,False,False,,,0.1,False,,,
00-0036292,2026,Jaylon Johnson,DB,1.0,CHI,CHI,False,False,False,False,False,False,False,,,0.1,False,,,
00-0036293,2026,Jeremy Chinn,DB,11.0,LV,LV,False,False,False,False,False,False,False,,,0.1,False,,,
00-0036295,2026,Matt Hennessy,OL,72.0,SF,DAL,True,False,False,False,False,False,False,,,0.1,False,,,
00-0036298,2026,Akeem Davis-Gaither,LB,51.0,ARI,IND,True,False,False,False,False,False,False,,,0.1,False,,,
00-0036300,2026,Mykal Walker,LB,43.0,NYJ,NYJ,False,False,False,False,False,False,False,,,0.1,False,,,
00-0036302,2026,Jaylinn Hawkins,DB,21.0,NE,BAL,True,False,False,False,False,False,False,,,0.1,False,,,
00-0036305,2026,Trevis Gipson,LB,52.0,CAR,CAR,False,False,False,False,False,False,False,,,0.1,False,,,
00-0036306,2026,Daniel Thomas,DB,24.0,DET,CLE,True,False,False,False,False,False,False,,,0.1,False,,,
00-0036307,2026,Kindle Vildor,DB,28.0,TB,NE,True,False,False,False,False,False,False,,,0.1,False,,,
00-0036309,2026,Darnell Mooney,WR,17.0,ATL,NYG,True,False,False,False,False,False,False,,,0.1,False,,,
00-0036310,2026,Hakeem Adeniji,OL,75.0,DAL,BAL,True,False,False,False,False,False,False,,,0.1,False,,,
00-0036313,2026,Braden Mann,P,10.0,PHI,PHI,False,False,False,False,False,False,False,,,0.1,False,,,
00-0036321,2026,Chase Young,LB,99.0,NO,NO,False,False,False,False,False,False,False,,,0.1,False,,,
00-0036322,2026,Justin Jefferson,WR,18.0,MIN,MIN,False,False,False,False,False,False,False,,,0.1,False,,,
00-0036323,2026,Patrick Queen,LB,6.0,PIT,PIT,False,False,False,False,False,False,False,,,0.1,False,,,
00-0036325,2026,Robert Hunt,OL,50.0,CAR,CAR,False,False,False,False,False,False,False,,,0.1,False,,,
00-0036327,2026,Ezra Cleveland,OL,76.0,JAX,JAX,False,False,False,False,False,False,False,,,0.1,False,,,
00-0036329,2026,Ashtyn Davis,DB,24.0,MIA,SF,True,False,False,False,False,False,False,,,0.1,False,,,
00-0036331,2026,Devin Duvernay,WR,81.0,CHI,ARI,True,False,False,False,False,False,False,,,0.1,False,,,
00-0036332,2026,Josiah Deguara,TE,46.0,ARI,PHI,True,False,False,False,False,False,False,,,0.1,False,,,
00-0036333,2026,Alex Highsmith,LB,56.0,PIT,PIT,False,False,False,False,False,False,False,,,0.1,False,,,
00-0036335,2026,D.J. Wonnum,LB,98.0,CAR,DET,True,False,False,False,False,False,False,,,0.1,False,,,
00-0036337,2026,James Lynch,DL,97.0,TEN,CHI,True,False,False,False,False,False,False,,,0.1,False,,,
00-0036338,2026,Troy Dye,LB,43.0,LAC,LAC,False,False,False,False,False,False,False,,,0.1,False,,,
00-0036339,2026,Kevin Dotson,OL,69.0,LA,LA,False,False,False,False,False,False,False,,,0.1,False,,,
00-0036341,2026,Khalid Kareem,DL,47.0,ATL,SF,True,False,False,False,False,False,False,,,0.1,False,,,
00-0036345,2026,K.J. Osborn,WR,8.0,ATL,TEN,True,False,False,False,False,False,False,,,0.1,False,,,
00-0036347,2026,Blake Brandel,OL,64.0,MIN,MIN,False,False,False,False,False,False,False,,,0.1,False,,,
00-0036348,2026,Josh Metellus,DB,44.0,MIN,MIN,False,False,False,False,False,False,False,,,0.1,False,,,
00-0036349,2026,Kam Curl,DB,3.0,LA,LA,False,False,False,False,False,False,False,,,0.1,False,,,
00-0036354,2026,Kyle Hinton,OL,68.0,ATL,ATL,False,False,False,False,False,False,False,,,0.1,False,,,
00-0036355,2026,Justin Herbert,QB,10.0,LAC,LAC,False,False,False,False,False,False,False,,,0.1,False,,,
00-0036356,2026,Isaiah Simmons,DB,27.0,CAR,CAR,False,False,False,False,False,False,False,,,0.1,False,,,
00-0036358,2026,CeeDee Lamb,WR,88.0,DAL,DAL,False,False,False,False,False,False,False,,,0.1,False,,,
00-0036361,2026,Trevon Diggs,DB,16.0,GB,SEA,True,False,False,False,False,False,False,,,0.1,False,,,
00-0036362,2026,Willie Gay Jr.,LB,40.0,MIA,MIA,False,False,False,False,False,False,False,,,0.1,False,,,
00-0036363,2026,Josh Jones,OL,74.0,SEA,SEA,False,False,False,False,False,False,False,,,0.1,False,,,
00-0036366,2026,Neville Gallimore,DL,90.0,IND,CHI,True,False,False,False,False,False,False,,,0.1,False,,,
00-0036369,2026,John Simpson,OL,74.0,NYJ,BAL,True,False,False,False,False,False,False,,,0.1,False,,,
00-0036374,2026,L'Jarius Sneed,DB,38.0,TEN,KC,True,False,False,False,False,False,False,,,0.1,False,,,
00-0036375,2026,Amik Robertson,DB,2.0,DET,WAS,True,False,False,False,False,False,False,,,0.1,False,,,
00-0036376,2026,Tyler Biadasz,OL,63.0,WAS,LAC,True,False,False,False,False,False,False,,,0.1,False,,,
00-0036378,2026,Michael Danna,LB,51.0,KC,BUF,True,False,False,False,False,False,False,,,0.1,False,,,
00-0036380,2026,Alohi Gilman,DB,17.0,BAL,KC,True,False,False,False,False,False,False,,,0.1,False,,,
00-0036386,2026,Andrew Thomas,OL,78.0,NYG,NYG,False,False,False,False,False,False,False,,,0.1,False,,,
00-0036387,2026,Jalen Reagor,WR,88.0,LAC,MIA,True,False,False,False,False,False,False,,,0.1,False,,,
00-0036388,2026,Xavier McKinney,DB,29.0,GB,GB,False,False,False,False,False,False,False,,,0.1,False,,,
00-0036389,2026,Jalen Hurts,QB,1.0,PHI,PHI,False,False,False,False,False,False,False,,,0.1,False,,,
00-0036391,2026,Lloyd Cushenberry III,OL,53.0,TEN,BUF,True,False,False,False,False,False,False,,,0.1,False,,,
00-0036392,2026,Matt Peart,OL,79.0,DEN,DEN,False,False,False,False,False,False,False,,,0.1,False,,,
00-0036394,2026,Darnay Holmes,DB,30.0,LV,ATL,True,False,False,False,False,False,False,,,0.1,False,,,
00-0036395,2026,K'Von Wallace,DB,25.0,HOU,BAL,True,False,False,False,False,False,False,,,0.1,False,,,
00-0036396,2026,Jack Driscoll,OL,68.0,PIT,PIT,False,False,False,False,False,False,False,,,0.1,False,,,
00-0036406,2026,Tristan Wirfs,OL,78.0,TB,TB,False,False,False,False,False,False,False,,,0.1,False,,,
00-0036407,2026,Jerry Jeudy,WR,3.0,CLE,CLE,False,False,False,False,False,False,False,,,0.1,False,,,
00-0036408,2026,Cesar Ruiz,OL,51.0,NO,NO,False,False,False,False,False,False,False,,,0.1,False,,,
00-0036409,2026,Jordyn Brooks,LB,20.0,MIA,MIA,False,False,False,False,False,False,False,,,0.1,False,,,
00-0036410,2026,Tee Higgins,WR,5.0,CIN,CIN,False,False,False,False,False,False,False,,,0.1,False,,,
00-0036411,2026,Antoine Winfield Jr.,DB,31.0,TB,TB,False,False,False,False,False,False,False,,,0.1,False,,,
00-0036415,2026,Van Jefferson,WR,12.0,TEN,WAS,True,False,False,False,False,False,False,,,0.1,False,,,
00-0036416,2026,Kristian Fulton,DB,8.0,KC,KC,False,False,False,False,False,False,False,,,0.1,False,,,
00-0036417,2026,Damien Lewis,OL,68.0,CAR,CAR,False,False,False,False,False,False,False,,,0.1,False,,,
00-0036418,2026,Zack Baun,LB,53.0,PHI,PHI,False,False,False,False,False,False,False,,,0.1,False,,,
00-0036421,2026,Terrell Burgess,DB,38.0,NO,TEN,True,False,False,False,False,False,False,,,0.1,False,,,
00-0036422,2026,Adam Trautman,TE,82.0,DEN,DEN,False,False,False,False,False,False,False,,,0.1,False,,,
00-0036423,2026,Albert Okwuegbunam,TE,85.0,LV,LV,False,False,False,False,False,False,False,,,0.1,False,,,
00-0036425,2026,DeeJay Dallas,RB,31.0,JAX,MIN,True,False,False,False,False,False,False,,,0.1,False,,,
00-0036427,2026,Tyler Johnson,WR,15.0,NYJ,NYJ,False,False,False,False,False,False,False,,,0.1,False,,,
00-0036428,2026,Justin Strnad,LB,40.0,DEN,DEN,False,False,False,False,False,False,False,,,0.1,False,,,
00-0036429,2026,Charlie Woerner,TE,89.0,ATL,ATL,False,False,False,False,False,False,False,,,0.1,False,,,
00-0036441,2026,"Kenneth Murray, Jr.",LB,59.0,DAL,HOU,True,False,False,False,False,False,False,,,0.1,False,,,
00-0036442,2026,Joe Burrow,QB,9.0,CIN,CIN,False,False,False,False,False,False,False,,,0.1,False,,,
00-0036443,2026,Rex Sunahara,LS,50.0,CLE,CLE,False,False,False,False,False,False,False,,,0.1,False,,,
00-0036448,2026,Isaac Alarcon,OL,67.0,SF,SF,False,False,False,False,False,False,False,,,0.1,False,,,
00-0036463,2026,Chris Blair,WR,19.0,ATL,ATL,False,False,False,False,False,False,False,,,0.1,False,,,
00-0036479,2026,Kwity Paye,DL,95.0,IND,LV,True,False,False,False,False,False,False,,,0.1,False,,,
00-0036480,2026,Dayo Odeyingbo,DL,55.0,CHI,CHI,False,False,False,False,False,False,False,,,0.1,False,,,
00-0036483,2026,Will Fries,OL,76.0,MIN,MIN,False,False,False,False,False,False,False,,,0.1,False,,,
00-0036491,2026,Tarik Black,WR,12.0,,DET,False,True,False,False,False,False,False,,,0.1,False,,,
00-0036497,2026,Tim Jones,WR,13.0,JAX,JAX,False,False,False,False,False,False,False,,,0.1,False,,,
00-0036500,2026,Jamien Sherwood,LB,44.0,NYJ,NYJ,False,False,False,False,False,False,False,,,0.1,False,,,
00-0036501,2026,Michael Carter II,DB,35.0,PHI,PHI,False,False,False,False,False,False,False,,,0.1,False,,,
00-0036502,2026,Jason Pinnock,DB,25.0,SF,NYG,True,False,False,False,False,False,False,,,0.1,False,,,
00-0036504,2026,Brandin Echols,DB,26.0,PIT,PIT,False,False,False,False,False,False,False,,,0.1,False,,,
00-0036511,2026,Milo Eifler,LB,45.0,SF,TEN,True,False,False,False,False,False,False,,,0.1,False,,,
00-0036534,2026,Shane Zylstra,TE,80.0,DET,NE,True,False,False,False,False,False,False,,,0.1,False,,,
00-0036535,2026,Will Sherman,OL,66.0,NO,NO,False,False,False,False,False,False,False,,,0.1,False,,,
00-0036550,2026,Rashod Bateman,WR,7.0,BAL,BAL,False,False,False,False,False,False,False,,,0.1,False,,,
00-0036551,2026,Aaron Banks,OL,65.0,GB,GB,False,False,False,False,False,False,False,,,0.1,False,,,
00-0036552,2026,Azeez Ojulari,LB,51.0,PHI,LV,True,False,False,False,False,False,False,,,0.1,False,,,
00-0036554,2026,Nico Collins,WR,12.0,HOU,HOU,False,False,False,False,False,False,False,,,0.1,False,,,
00-0036555,2026,Chuba Hubbard,RB,30.0,CAR,CAR,False,False,False,False,False,False,False,,,0.1,False,,,
00-0036556,2026,Brevin Jordan,TE,9.0,HOU,HOU,False,False,False,False,False,False,False,,,0.1,False,,,
00-0036557,2026,Jaylon Moore,OL,77.0,KC,KC,False,False,False,False,False,False,False,,,0.1,False,,,
00-0036563,2026,Deommodore Lenoir,DB,2.0,SF,SF,False,False,False,False,False,False,False,,,0.1,False,,,
00-0036564,2026,Talanoa Hufanga,DB,9.0,DEN,DEN,False,False,False,False,False,False,False,,,0.1,False,,,
00-0036568,2026,Roy Lopez,DL,51.0,DET,ARI,True,False,False,False,False,False,False,,,0.1,False,,,
00-0036584,2026,Foster Sarell,OL,70.0,LAC,SF,True,False,False,False,False,False,False,,,0.1,False,,,
00-0036587,2026,Ar'Darius Washington,DB,24.0,BAL,NYG,True,False,False,False,False,False,False,,,0.1,False,,,
00-0036590,2026,Quintin Morris,TE,80.0,JAX,JAX,False,False,False,False,False,False,False,,,0.1,False,,,
00-0036603,2026,Alaric Jackson,OL,77.0,LA,LA,False,False,False,False,False,False,False,,,0.1,False,,,
00-0036604,2026,Jordan Meredith,OL,67.0,LV,NYJ,True,False,False,False,False,False,False,,,0.1,False,,,
00-0036605,2026,Max Pircher,OL,67.0,MIN,HOU,True,False,False,False,False,False,False,,,0.1,False,,,
00-0036613,2026,Jaylen Waddle,WR,17.0,MIA,DEN,True,False,False,False,False,False,False,,,0.1,False,,,
00-0036616,2026,Christian Darrisaw,OL,71.0,MIN,MIN,False,False,False,False,False,False,False,,,0.1,False,,,
00-0036617,2026,Asante Samuel Jr.,DB,22.0,PIT,PIT,False,False,False,False,False,False,False,,,0.1,False,,,
00-0036618,2026,Sam Cosmi,OL,76.0,WAS,WAS,False,False,False,False,False,False,False,,,0.1,False,,,
00-0036619,2026,Dillon Radunz,OL,77.0,NO,NO,False,False,False,False,False,False,False,,,0.1,False,,,
00-0036621,2026,Nick Bolton,LB,32.0,KC,KC,False,False,False,False,False,False,False,,,0.1,False,,,
00-0036622,2026,Josh Myers,OL,71.0,NYJ,NYJ,False,False,False,False,False,False,False,,,0.1,False,,,
00-0036623,2026,Creed Humphrey,OL,52.0,KC,KC,False,False,False,False,False,False,False,,,0.1,False,,,
00-0036624,2026,Alim McNeill,DL,54.0,DET,DET,False,False,False,False,False,False,False,,,0.1,False,,,
00-0036625,2026,Benjamin St-Juste,DB,21.0,LAC,GB,True,False,False,False,False,False,False,,,0.1,False,,,
00-0036626,2026,Dyami Brown,WR,6.0,JAX,WAS,True,False,False,False,False,False,False,,,0.1,False,,,
00-0036628,2026,John Bates,TE,87.0,WAS,WAS,False,False,False,False,False,False,False,,,0.1,False,,,
00-0036629,2026,Camryn Bynum,DB,0.0,IND,IND,False,False,False,False,False,False,False,,,0.1,False,,,
00-0036630,2026,Tylan Wallace,WR,16.0,BAL,CLE,True,False,False,False,False,False,False,,,0.1,False,,,
00-0036634,2026,Tony Fields II,LB,43.0,LA,CHI,True,False,False,False,False,False,False,,,0.1,False,,,
00-0036635,2026,Ihmir Smith-Marsette,WR,83.0,NYG,ARI,True,False,False,False,False,False,False,,,0.1,False,,,
00-0036637,2026,Noah Gray,TE,83.0,KC,KC,False,False,False,False,False,False,False,,,0.1,False,,,
00-0036638,2026,Darrick Forrest,DB,29.0,SF,SF,False,False,False,False,False,False,False,,,0.1,False,,,
00-0036642,2026,Tedarrell Slaton,DL,98.0,CIN,CIN,False,False,False,False,False,False,False,,,0.1,False,,,
00-0036643,2026,K.J. Britt,LB,35.0,MIA,NE,True,False,False,False,False,False,False,,,0.1,False,,,
00-0036644,2026,Cameron McGrone,LB,57.0,CLE,LV,True,False,False,False,False,False,False,,,0.1,False,,,
00-0036646,2026,Simi Fehoko,WR,80.0,ARI,ARI,False,False,False,False,False,False,False,,,0.1,False,,,
00-0036647,2026,Cornell Powell,WR,85.0,PIT,PIT,False,False,False,False,False,False,False,,,0.1,False,,,
00-0036648,2026,Nick Niemann,LB,31.0,GB,GB,False,False,False,False,False,False,False,,,0.1,False,,,
00-0036653,2026,Stone Forsythe,OL,73.0,LV,CAR,True,False,False,False,False,False,False,,,0.1,False,,,
00-0036655,2026,Cole Van Lanen,OL,70.0,JAX,JAX,False,False,False,False,False,False,False,,,0.1,False,,,
00-0036658,2026,Isaiah McDuffie,LB,58.0,GB,GB,False,False,False,False,False,False,False,,,0.1,False,,,
00-0036660,2026,Trey Smith,OL,65.0,KC,KC,False,False,False,False,False,False,False,,,0.1,False,,,
00-0036670,2026,Jermar Jefferson,RB,17.0,ARI,MIN,True,False,False,False,False,False,False,,,0.1,False,,,
00-0036672,2026,Grant Stuard,LB,44.0,DET,LA,True,False,False,False,False,False,False,,,0.1,False,,,
00-0036677,2026,Zayne Anderson,DB,23.0,GB,MIA,True,False,False,False,False,False,False,,,0.1,False,,,
00-0036679,2026,Shane Buechele,QB,6.0,BUF,BUF,False,False,False,False,False,False,False,,,0.1,False,,,
00-0036682,2026,Malik Herring,DL,90.0,KC,MIA,True,False,False,False,False,False,False,,,0.1,False,,,
00-0036683,2026,Devon Key,DB,26.0,DEN,DEN,False,False,False,False,False,False,False,,,0.1,False,,,
00-0036695,2026,Naquan Jones,DL,91.0,HOU,MIN,True,False,False,False,False,False,False,,,0.1,False,,,
00-0036705,2026,Sam Kamara,DL,92.0,CLE,CLE,False,False,False,False,False,False,False,,,0.1,False,,,
00-0036716,2026,Amen Ogbongbemiga,LB,57.0,CHI,DET,True,False,False,False,False,False,False,,,0.1,False,,,
00-0036727,2026,Adam Prentice,RB,46.0,DEN,DEN,False,False,False,False,False,False,False,,,0.1,False,,,
00-0036728,2026,Curtis Robinson,LB,42.0,SF,DAL,True,False,False,False,False,False,False,,,0.1,False,,,
00-0036736,2026,Kayode Awosika,OL,74.0,DET,LAC,True,False,False,False,False,False,False,,,0.1,False,,,
00-0036741,2026,Jack Stoll,TE,89.0,NO,SF,True,False,False,False,False,False,False,,,0.1,False,,,
00-0036754,2026,Brock Wright,TE,89.0,DET,DET,False,False,False,False,False,False,False,,,0.1,False,,,
00-0036775,2026,Brandon Smith,WR,87.0,NE,PIT,True,False,False,False,False,False,False,,,0.1,False,,,
00-0036783,2026,Ryan McCollum,OL,62.0,PIT,PIT,False,False,False,False,False,False,False,,,0.1,False,,,
00-0036788,2026,Jack Heflin,DL,96.0,LA,NYJ,True,False,False,False,False,False,False,,,0.1,False,,,
00-0036795,2026,Jake Curhan,OL,74.0,CAR,CAR,False,False,False,False,False,False,False,,,0.1,False,,,
00-0036813,2026,Christian Elliss,LB,53.0,NE,NE,False,False,False,False,False,False,False,,,0.1,False,,,
00-0036816,2026,Riley Patterson,K,47.0,MIA,MIA,False,False,False,False,False,False,False,,,0.1,False,,,
00-0036825,2026,Feleipe Franks,TE,81.0,ATL,CAR,True,False,False,False,False,False,False,,,0.1,False,,,
00-0036833,2026,Ryan Neuzil,OL,64.0,ATL,ATL,False,False,False,False,False,False,False,,,0.1,False,,,
00-0036841,2026,Austin Trammell,WR,81.0,JAX,JAX,False,False,False,False,False,False,False,,,0.1,False,,,
00-0036842,2026,Kene Nwangwu,RB,3.0,NYJ,NYJ,False,False,False,False,False,False,False,,,0.1,False,,,
00-0036844,2026,Garret Wallow,LB,49.0,SF,SF,False,False,False,False,False,False,False,,,0.1,False,,,
00-0036849,2026,Tutu Atwell,WR,8.0,LA,LA,False,False,False,False,False,False,False,,,0.1,False,,,
00-0036850,2026,Cameron Sample,DL,69.0,CIN,ATL,True,False,False,False,False,False,False,,,0.1,False,,,
00-0036854,2026,Evan McPherson,K,2.0,CIN,CIN,False,False,False,False,False,False,False,,,0.1,False,,,
00-0036859,2026,Jimmy Morrissey,OL,65.0,IND,IND,False,False,False,False,False,False,False,,,0.1,False,,,
00-0036862,2026,Ben Skowronek,WR,15.0,PIT,PIT,False,False,False,False,False,False,False,,,0.1,False,,,
00-0036866,2026,James Hudson,OL,59.0,NYG,TEN,True,False,False,False,False,False,False,,,0.1,False,,,
00-0036867,2026,Chris Rumph II,LB,58.0,NO,NO,False,False,False,False,False,False,False,,,0.1,False,,,
00-0036869,2026,Dan Moore Jr.,OL,75.0,TEN,TEN,False,False,False,False,False,False,False,,,0.1,False,,,
00-0036870,2026,Buddy Johnson,LB,47.0,IND,CHI,True,False,False,False,False,False,False,,,0.1,False,,,
00-0036871,2026,Nate Hobbs,DB,22.0,GB,SF,True,False,False,False,False,False,False,,,0.1,False,,,
00-0036872,2026,Joshuah Bledsoe,DB,46.0,TEN,WAS,True,False,False,False,False,False,False,,,0.1,False,,,
00-0036874,2026,Pat Surtain II,DB,2.0,DEN,DEN,False,False,False,False,False,False,False,,,0.1,False,,,
00-0036875,2026,Rhamondre Stevenson,RB,38.0,NE,NE,False,False,False,False,False,False,False,,,0.1,False,,,
00-0036876,2026,Kylen Granson,TE,86.0,PHI,TEN,True,False,False,False,False,False,False,,,0.1,False,,,
00-0036879,2026,Sam Ehlinger,QB,4.0,DEN,DEN,False,False,False,False,False,False,False,,,0.1,False,,,
00-0036880,2026,Penei Sewell,OL,58.0,DET,DET,False,False,False,False,False,False,False,,,0.1,False,,,
00-0036883,2026,Tommy Togiai,DL,72.0,HOU,HOU,False,False,False,False,False,False,False,,,0.1,False,,,
00-0036885,2026,Tre Brown,DB,30.0,NYJ,NYJ,False,False,False,False,False,False,False,,,0.1,False,,,
00-0036887,2026,Luke Farrell,TE,89.0,SF,SF,False,False,False,False,False,False,False,,,0.1,False,,,
00-0036888,2026,Damar Hamlin,DB,3.0,BUF,BUF,False,False,False,False,False,False,False,,,0.1,False,,,
00-0036893,2026,Najee Harris,RB,23.0,LAC,NYG,True,False,False,False,False,False,False,,,0.1,False,,,
00-0036894,2026,Pat Freiermuth,TE,88.0,PIT,PIT,False,False,False,False,False,False,False,,,0.1,False,,,
00-0036896,2026,Victor Dimukeje,DL,96.0,NYG,SF,True,False,False,False,False,False,False,,,0.1,False,,,
00-0036898,2026,Davis Mills,QB,10.0,HOU,HOU,False,False,False,False,False,False,False,,,0.1,False,,,
00-0036900,2026,Ja'Marr Chase,WR,1.0,CIN,CIN,False,False,False,False,False,False,False,,,0.1,False,,,
00-0036901,2026,Eric Stokes,DB,5.0,LV,LV,False,False,False,False,False,False,False,,,0.1,False,,,
00-0036902,2026,Joseph Ossai,LB,46.0,CIN,NYJ,True,False,False,False,False,False,False,,,0.1,False,,,
00-0036903,2026,Bobby Brown III,DL,97.0,CAR,CAR,False,False,False,False,False,False,False,,,0.1,False,,,
00-0036905,2026,Larry Borom,OL,79.0,MIA,DET,True,False,False,False,False,False,False,,,0.1,False,,,
00-0036906,2026,Khalil Herbert,RB,25.0,NYJ,ATL,True,False,False,False,False,False,False,,,0.1,False,,,
00-0036909,2026,Khyiris Tonga,DL,92.0,NE,KC,True,False,False,False,False,False,False,,,0.1,False,,,
00-0036912,2026,DeVonta Smith,WR,6.0,PHI,PHI,False,False,False,False,False,False,False,,,0.1,False,,,
00-0036914,2026,Greg Rousseau,LB,15.0,BUF,BUF,False,False,False,False,False,False,False,,,0.1,False,,,
00-0036915,2026,Jeremiah Owusu-Koramoah,LB,6.0,CLE,CLE,False,False,False,False,False,False,False,,,0.1,False,,,
00-0036916,2026,Milton Williams,DL,97.0,NE,NE,False,False,False,False,False,False,False,,,0.1,False,,,
00-0036917,2026,Zech McPhearson,DB,41.0,,LA,False,True,False,False,False,False,False,,,0.1,False,,,
00-0036919,2026,Kenny Gainwell,RB,1.0,PIT,TB,True,False,False,False,False,False,False,,,0.1,False,,,
00-0036922,2026,Patrick Johnson,LB,93.0,NE,LV,True,False,False,False,False,False,False,,,0.1,False,,,
00-0036924,2026,Michael Carter,RB,35.0,ARI,TEN,True,False,False,False,False,False,False,,,0.1,False,,,
00-0036926,2026,Payton Turner,DL,92.0,DAL,DET,True,False,False,False,False,False,False,,,0.1,False,,,
00-0036927,2026,Pete Werner,LB,20.0,NO,NO,False,False,False,False,False,False,False,,,0.1,False,,,
00-0036932,2026,Micah Parsons,LB,1.0,GB,GB,False,False,False,False,False,False,False,,,0.1,False,,,
00-0036933,2026,Zaven Collins,LB,25.0,ARI,ARI,False,False,False,False,False,False,False,,,0.1,False,,,
00-0036934,2026,Jaelan Phillips,LB,5.0,PHI,CAR,True,False,False,False,False,False,False,,,0.1,False,,,
00-0036937,2026,Paulson Adebo,DB,21.0,NYG,NYG,False,False,False,False,False,False,False,,,0.1,False,,,
00-0036940,2026,Odafe Oweh,LB,98.0,LAC,WAS,True,False,False,False,False,False,False,,,0.1,False,,,
00-0036941,2026,Andre Cisco,DB,8.0,NYJ,NYJ,False,False,False,False,False,False,False,,,0.1,False,,,
00-0036942,2026,Osa Odighizuwa,DL,92.0,DAL,SF,True,False,False,False,False,False,False,,,0.1,False,,,
00-0036943,2026,Mitchell Fraboni,LS,48.0,DEN,DEN,False,False,False,False,False,False,False,,,0.1,False,,,
00-0036944,2026,Jaycee Horn,DB,8.0,CAR,CAR,False,False,False,False,False,False,False,,,0.1,False,,,
00-0036945,2026,Justin Fields,QB,6.0,NYJ,KC,True,False,False,False,False,False,False,,,0.1,False,,,
00-0036952,2026,Jonathon Cooper,LB,0.0,DEN,DEN,False,False,False,False,False,False,False,,,0.1,False,,,
00-0036953,2026,Teven Jenkins,OL,78.0,CLE,CLE,False,False,False,False,False,False,False,,,0.1,False,,,
00-0036954,2026,Levi Onwuzurike,DL,95.0,DET,DET,False,False,False,False,False,False,False,,,0.1,False,,,
00-0036956,2026,Darren Hall,DB,41.0,ARI,ATL,True,False,False,False,False,False,False,,,0.1,False,,,
00-0036959,2026,Michael Bandy,WR,83.0,DEN,DEN,False,False,False,False,False,False,False,,,0.1,False,,,
00-0036962,2026,Tre'von Moehrig,DB,7.0,CAR,CAR,False,False,False,False,False,False,False,,,0.1,False,,,
00-0036963,2026,Amon-Ra St. Brown,WR,14.0,DET,DET,False,False,False,False,False,False,False,,,0.1,False,,,
00-0036964,2026,Derrick Barnes,LB,55.0,DET,DET,False,False,False,False,False,False,False,,,0.1,False,,,
00-0036967,2026,Joe Tryon,DL,93.0,CHI,PHI,True,False,False,False,False,False,False,,,0.1,False,,,
00-0036968,2026,Brady Christensen,OL,70.0,CAR,CAR,False,False,False,False,False,False,False,,,0.1,False,,,
00-0036970,2026,Kyle Pitts,TE,8.0,ATL,ATL,False,False,False,False,False,False,False,,,0.1,False,,,
00-0036971,2026,Trevor Lawrence,QB,16.0,JAX,JAX,False,False,False,False,False,False,False,,,0.1,False,,,
00-0036972,2026,Mac Jones,QB,10.0,SF,SF,False,False,False,False,False,False,False,,,0.1,False,,,
00-0036973,2026,Travis Etienne,RB,3.0,JAX,NO,True,False,False,False,False,False,False,,,0.1,False,,,
00-0036974,2026,Tyson Campbell,DB,7.0,CLE,CLE,False,False,False,False,False,False,False,,,0.1,False,,,
00-0036975,2026,Walker Little,OL,72.0,JAX,JAX,False,False,False,False,False,False,False,,,0.1,False,,,
00-0036976,2026,Spencer Brown,OL,79.0,BUF,BUF,False,False,False,False,False,False,False,,,0.1,False,,,
00-0036979,2026,Alijah Vera-Tucker,OL,75.0,NYJ,NE,True,False,False,False,False,False,False,,,0.1,False,,,
00-0036980,2026,Elijah Moore,WR,19.0,DEN,PHI,True,False,False,False,False,False,False,,,0.1,False,,,
00-0036981,2026,Christian Barmore,DL,90.0,NE,NE,False,False,False,False,False,False,False,,,0.1,False,,,
00-0036982,2026,Chauncey Golston,DL,57.0,NYG,NYG,False,False,False,False,False,False,False,,,0.1,False,,,
00-0036983,2026,Kendrick Green,OL,53.0,CLE,CLE,False,False,False,False,False,False,False,,,0.1,False,,,
00-0036984,2026,Trey Sermon,RB,44.0,PIT,ATL,True,False,False,False,False,False,False,,,0.1,False,,,
00-0036985,2026,Robert Hainsey,OL,73.0,JAX,JAX,False,False,False,False,False,False,False,,,0.1,False,,,
00-0036986,2026,Nahshon Wright,DB,26.0,CHI,NYJ,True,False,False,False,False,False,False,,,0.1,False,,,
00-0036987,2026,Brandon Stephens,DB,21.0,NYJ,NYJ,False,False,False,False,False,False,False,,,0.1,False,,,
00-0036988,2026,Josh Palmer,WR,5.0,BUF,BUF,False,False,False,False,False,False,False,,,0.1,False,,,
00-0036989,2026,Malcolm Koonce,DL,51.0,LV,LV,False,False,False,False,False,False,False,,,0.1,False,,,
00-0036990,2026,Divine Deablo,LB,0.0,ATL,ATL,False,False,False,False,False,False,False,,,0.1,False,,,
00-0036992,2026,Elijah Molden,DB,2.0,LAC,LAC,False,False,False,False,False,False,False,,,0.1,False,,,
00-0036993,2026,Ifeatu Melifonwu,DB,5.0,MIA,TB,True,False,False,False,False,False,False,,,0.1,False,,,
00-0036994,2026,Ernest Jones,LB,13.0,SEA,SEA,False,False,False,False,False,False,False,,,0.1,False,,,
00-0036995,2026,Baron Browning,LB,5.0,ARI,ARI,False,False,False,False,False,False,False,,,0.1,False,,,
00-0036996,2026,Greg Newsome II,DB,20.0,JAX,NYG,True,False,False,False,False,False,False,,,0.1,False,,,
00-0036997,2026,Javonte Williams,RB,33.0,DAL,DAL,False,False,False,False,False,False,False,,,0.1,False,,,
00-0036998,2026,Jevon Holland,DB,8.0,NYG,NYG,False,False,False,False,False,False,False,,,0.1,False,,,
00-0037001,2026,Quinn Meinerz,OL,77.0,DEN,DEN,False,False,False,False,False,False,False,,,0.1,False,,,
00-0037002,2026,Landon Dickerson,OL,69.0,PHI,PHI,False,False,False,False,False,False,False,,,0.1,False,,,
00-0037003,2026,Chazz Surratt,LB,44.0,SEA,SEA,False,False,False,False,False,False,False,,,0.1,False,,,
00-0037004,2026,Hunter Long,TE,89.0,JAX,ARI,True,False,False,False,False,False,False,,,0.1,False,,,
00-0037005,2026,Tommy Tremble,TE,82.0,CAR,CAR,False,False,False,False,False,False,False,,,0.1,False,,,
00-0037007,2026,Patrick Jones II,LB,91.0,CAR,CAR,False,False,False,False,False,False,False,,,0.1,False,,,
00-0037009,2026,Rashawn Slater,OL,70.0,LAC,LAC,False,False,False,False,False,False,False,,,0.1,False,,,
00-0037011,2026,Tre' McKitty,TE,46.0,,WAS,False,True,False,False,False,False,False,,,0.1,False,,,
00-0037012,2026,Trey Lance,QB,5.0,LAC,LAC,False,False,False,False,False,False,False,,,0.1,False,,,
00-0037013,2026,Zach Wilson,QB,11.0,MIA,NO,True,False,False,False,False,False,False,,,0.1,False,,,
00-0037031,2026,Nikola Kalinic,TE,86.0,CHI,CHI,False,False,False,False,False,False,False,,,0.1,False,,,
00-0037034,2026,Dee Alford,DB,23.0,ATL,BUF,True,False,False,False,False,False,False,,,0.1,False,,,
00-0037040,2026,Roy Mbaeteka,OL,78.0,MIA,IND,True,False,False,False,False,False,False,,,0.1,False,,,
00-0037051,2026,Elijah Garcia,DL,93.0,ATL,DAL,True,False,False,False,False,False,False,,,0.1,False,,,
00-0037055,2026,Lance McCutcheon,WR,89.0,TEN,TEN,False,False,False,False,False,False,False,,,0.1,False,,,
00-0037057,2026,Keir Thomas,LB,11.0,LA,LA,False,False,False,False,False,False,False,,,0.1,False,,,
00-0037073,2026,Jordan Davis,DL,90.0,PHI,PHI,False,False,False,False,False,False,False,,,0.1,False,,,
00-0037074,2026,Quay Walker,LB,7.0,GB,LV,True,False,False,False,False,False,False,,,0.1,False,,,
00-0037075,2026,Devonte Wyatt,DL,95.0,GB,GB,False,False,False,False,False,False,False,,,0.1,False,,,
00-0037076,2026,Sean Rhyan,OL,75.0,GB,GB,False,False,False,False,False,False,False,,,0.1,False,,,
00-0037077,2026,Sam Howell,QB,16.0,PHI,DAL,True,False,False,False,False,False,False,,,0.1,False,,,
00-0037078,2026,Cole Turner,TE,87.0,TEN,MIA,True,False,False,False,False,False,False,,,0.1,False,,,
00-0037079,2026,Riq Woolen,DB,2.0,SEA,PHI,True,False,False,False,False,False,False,,,0.1,False,,,
00-0037080,2026,Tyreke Smith,DL,57.0,KC,KC,False,False,False,False,False,False,False,,,0.1,False,,,
00-0037081,2026,Braxton Jones,OL,70.0,CHI,CHI,False,False,False,False,False,False,False,,,0.1,False,,,
00-0037082,2026,Dominique Robinson,DL,94.0,CHI,HOU,True,False,False,False,False,False,False,,,0.1,False,,,
00-0037083,2026,Kingsley Enagbare,LB,52.0,GB,NYJ,True,False,False,False,False,False,False,,,0.1,False,,,
00-0037085,2026,Tyler Badie,RB,28.0,DEN,DEN,False,False,False,False,False,False,False,,,0.1,False,,,
00-0037086,2026,Grant Calcaterra,TE,81.0,PHI,PHI,False,False,False,False,False,False,False,,,0.1,False,,,
00-0037091,2026,Bo Melton,WR,16.0,GB,GB,False,False,False,False,False,False,False,,,0.1,False,,,
00-0037092,2026,Chris Paul,OL,75.0,WAS,WAS,False,False,False,False,False,False,False,,,0.1,False,,,
00-0037093,2026,Dareke Young,WR,81.0,SEA,LV,True,False,False,False,False,False,False,,,0.1,False,,,
00-0037094,2026,Jonathan Ford,DL,96.0,GB,GB,False,False,False,False,False,False,False,,,0.1,False,,,
00-0037096,2026,Elijah Hicks,DB,22.0,CHI,CHI,False,False,False,False,False,False,False,,,0.1,False,,,
00-0037098,2026,Samori Toure,WR,46.0,NO,PHI,True,False,False,False,False,False,False,,,0.1,False,,,
00-0037106,2026,Jaylon Jones,DB,33.0,CHI,CHI,False,False,False,False,False,False,False,,,0.1,False,,,
00-0037109,2026,Jack Sanborn,LB,57.0,DAL,CHI,True,False,False,False,False,False,False,,,0.1,False,,,
00-0037112,2026,Jake Tonges,TE,88.0,SF,SF,False,False,False,False,False,False,False,,,0.1,False,,,
00-0037120,2026,Tyler Goodson,RB,25.0,IND,DAL,True,False,False,False,False,False,False,,,0.1,False,,,
00-0037129,2026,Josh Blackwell,DB,39.0,CHI,CHI,False,False,False,False,False,False,False,,,0.1,False,,,
00-0037130,2026,Reed Blankenship,DB,6.0,PHI,HOU,True,False,False,False,False,False,False,,,0.1,False,,,
00-0037132,2026,Britain Covey,WR,85.0,PHI,PHI,False,False,False,False,False,False,False,,,0.1,False,,,
00-0037136,2026,Mario Goodrich,DB,35.0,NYJ,TEN,True,False,False,False,False,False,False,,,0.1,False,,,
00-0037137,2026,Josh Jobe,DB,29.0,SEA,SEA,False,False,False,False,False,False,False,,,0.1,False,,,
00-0037138,2026,Josh Sills,OL,66.0,IND,IND,False,False,False,False,False,False,False,,,0.1,False,,,
00-0037141,2026,Joey Blount,DB,32.0,ARI,ARI,False,False,False,False,False,False,False,,,0.1,False,,,
00-0037155,2026,Tony Adams,DB,29.0,NYJ,TEN,True,False,False,False,False,False,False,,,0.1,False,,,
00-0037156,2026,Irvin Charles,WR,85.0,NYJ,SEA,True,False,False,False,False,False,False,,,0.1,False,,,
00-0037157,2026,Bam Knight,RB,20.0,ARI,ARI,False,False,False,False,False,False,False,,,0.1,False,,,
00-0037179,2026,Jeremiah Moon,LB,56.0,PIT,CAR,True,False,False,False,False,False,False,,,0.1,False,,,
00-0037184,2026,Josh Ross,LB,52.0,MIN,MIN,False,False,False,False,False,False,False,,,0.1,False,,,
00-0037190,2026,Sauce Gardner,DB,1.0,IND,IND,False,False,False,False,False,False,False,,,0.1,False,,,
00-0037191,2026,Trent McDuffie,DB,22.0,KC,LA,True,False,False,False,False,False,False,,,0.1,False,,,
00-0037192,2026,George Karlaftis,DL,56.0,KC,KC,False,False,False,False,False,False,False,,,0.1,False,,,
00-0037193,2026,Bryan Cook,DB,6.0,KC,CIN,True,False,False,False,False,False,False,,,0.1,False,,,
00-0037194,2026,Darian Kinnard,OL,75.0,GB,NYG,True,False,False,False,False,False,False,,,0.1,False,,,
00-0037195,2026,Jaylen Watson,DB,35.0,KC,LA,True,False,False,False,False,False,False,,,0.1,False,,,
00-0037196,2026,Rasheed Walker,OL,63.0,GB,CAR,True,False,False,False,False,False,False,,,0.1,False,,,
00-0037197,2026,Isiah Pacheco,RB,10.0,KC,DET,True,False,False,False,False,False,False,,,0.1,False,,,
00-0037203,2026,LaBryan Ray,DL,93.0,CAR,CAR,False,False,False,False,False,False,False,,,0.1,False,,,
00-0037205,2026,Brenden Schooler,DB,41.0,NE,NE,False,False,False,False,False,False,False,,,0.1,False,,,
00-0037207,2026,Mike Caliendo,OL,66.0,KC,KC,False,False,False,False,False,False,False,,,0.1,False,,,
00-0037208,2026,Jack Cochrane,LB,43.0,KC,KC,False,False,False,False,False,False,False,,,0.1,False,,,
00-0037224,2026,Cameron Dicker,K,11.0,LAC,LAC,False,False,False,False,False,False,False,,,0.1,False,,,
00-0037225,2026,Chris Glaser,OL,68.0,CHI,DAL,True,False,False,False,False,False,False,,,0.1,False,,,
00-0037228,2026,Jaylen Warren,RB,30.0,PIT,PIT,False,False,False,False,False,False,False,,,0.1,False,,,
00-0037229,2026,Ikem Ekwonu,OL,79.0,CAR,CAR,False,False,False,False,False,False,False,,,0.1,False,,,
00-0037230,2026,Israel Antwine,DL,64.0,,DEN,False,True,False,False,False,False,False,,,0.1,False,,,
00-0037231,2026,Kevin Austin Jr.,WR,81.0,NO,NO,False,False,False,False,False,False,False,,,0.1,False,,,
00-0037235,2026,Travon Walker,DL,44.0,JAX,JAX,False,False,False,False,False,False,False,,,0.1,False,,,
00-0037236,2026,Aidan Hutchinson,DL,97.0,DET,DET,False,False,False,False,False,False,False,,,0.1,False,,,
00-0037237,2026,Derek Stingley Jr.,DB,24.0,HOU,HOU,False,False,False,False,False,False,False,,,0.1,False,,,
00-0037238,2026,Drake London,WR,5.0,ATL,ATL,False,False,False,False,False,False,False,,,0.1,False,,,
00-0037239,2026,Chris Olave,WR,12.0,NO,NO,False,False,False,False,False,False,False,,,0.1,False,,,
00-0037240,2026,Jameson Williams,WR,1.0,DET,DET,False,False,False,False,False,False,False,,,0.1,False,,,
00-0037241,2026,Trevor Penning,OL,75.0,LAC,LAC,False,False,False,False,False,False,False,,,0.1,False,,,
00-0037242,2026,Kaiir Elam,DB,29.0,TEN,LAC,True,False,False,False,False,False,False,,,0.1,False,,,
00-0037243,2026,Tyler Smith,OL,73.0,DAL,DAL,False,False,False,False,False,False,False,,,0.1,False,,,
00-0037244,2026,Devin Lloyd,LB,55.0,JAX,CAR,True,False,False,False,False,False,False,,,0.1,False,,,
00-0037246,2026,Jalen Pitre,DB,5.0,HOU,HOU,False,False,False,False,False,False,False,,,0.1,False,,,
00-0037247,2026,George Pickens,WR,3.0,DAL,DAL,False,False,False,False,False,False,False,,,0.1,False,,,
00-0037248,2026,James Cook,RB,4.0,BUF,BUF,False,False,False,False,False,False,False,,,0.1,False,,,
00-0037249,2026,Nik Bonitto,LB,15.0,DEN,DEN,False,False,False,False,False,False,False,,,0.1,False,,,
00-0037250,2026,Martin Emerson,DB,22.0,CLE,NO,True,False,False,False,False,False,False,,,0.1,False,,,
00-0037251,2026,Alex Wright,DL,91.0,CLE,CLE,False,False,False,False,False,False,False,,,0.1,False,,,
00-0037252,2026,Greg Dulcich,TE,85.0,MIA,MIA,False,False,False,False,False,False,False,,,0.1,False,,,
00-0037253,2026,Marcus Jones,DB,25.0,NE,NE,False,False,False,False,False,False,False,,,0.1,False,,,
00-0037254,2026,Terrel Bernard,LB,8.0,BUF,BUF,False,False,False,False,False,False,False,,,0.1,False,,,
00-0037255,2026,Dylan Parham,OL,64.0,LV,NYJ,True,False,False,False,False,False,False,,,0.1,False,,,
00-0037256,2026,Rachaad White,RB,1.0,TB,WAS,True,False,False,False,False,False,False,,,0.1,False,,,
00-0037258,2026,Dameon Pierce,RB,39.0,KC,PHI,True,False,False,False,False,False,False,,,0.1,False,,,
00-0037259,2026,Micah McFadden,LB,41.0,NYG,NYG,False,False,False,False,False,False,False,,,0.1,False,,,
00-0037260,2026,D.J. Davidson,DL,77.0,NYG,WAS,True,False,False,False,False,False,False,,,0.1,False,,,
00-0037261,2026,Khalil Shakir,WR,10.0,BUF,BUF,False,False,False,False,False,False,False,,,0.1,False,,,
00-0037262,2026,Thomas Booker,DL,99.0,LV,LV,False,False,False,False,False,False,False,,,0.1,False,,,
00-0037263,2026,Tyler Allgeier,RB,22.0,ATL,ARI,True,False,False,False,False,False,False,,,0.1,False,,,
00-0037266,2026,Matt Waletzko,OL,73.0,KC,KC,False,False,False,False,False,False,False,,,0.1,False,,,
00-0037267,2026,Jerome Ford,RB,34.0,CLE,MIN,True,False,False,False,False,False,False,,,0.1,False,,,
00-0037268,2026,Zyon McCollum,DB,27.0,TB,TB,False,False,False,False,False,False,False,,,0.1,False,,,
00-0037269,2026,Eric Johnson,DL,74.0,IND,GB,True,False,False,False,False,False,False,,,0.1,False,,,
00-0037270,2026,Otito Ogbonnia,DL,91.0,LAC,DAL,True,False,False,False,False,False,False,,,0.1,False,,,
00-0037271,2026,D'Marco Jackson,LB,48.0,CHI,CHI,False,False,False,False,False,False,False,,,0.1,False,,,
00-0037274,2026,Esezi Otomewo,DL,93.0,PIT,PIT,False,False,False,False,False,False,False,,,0.1,False,,,
00-0037275,2026,DaRon Bland,DB,26.0,DAL,DAL,False,False,False,False,False,False,False,,,0.1,False,,,
00-0037276,2026,Ty Chandler,RB,32.0,MIN,NO,True,False,False,False,False,False,False,,,0.1,False,,,
00-0037277,2026,Teagan Quitoriano,TE,47.0,ATL,ARI,True,False,False,False,False,False,False,,,0.1,False,,,
00-0037278,2026,Luke Wattenberg,OL,60.0,DEN,DEN,False,False,False,False,False,False,False,,,0.1,False,,,
00-0037281,2026,Damone Clark,LB,11.0,HOU,DET,True,False,False,False,False,False,False,,,0.1,False,,,
00-0037282,2026,James Mitchell,TE,84.0,CAR,DAL,True,False,False,False,False,False,False,,,0.1,False,,,
00-0037283,2026,John Ridgeway,DL,95.0,NO,NO,False,False,False,False,False,False,False,,,0.1,False,,,
00-0037284,2026,Matt Araiza,P,14.0,KC,KC,False,False,False,False,False,False,False,,,0.1,False,,,
00-0037287,2026,Vederian Lowe,OL,76.0,NE,SF,True,False,False,False,False,False,False,,,0.1,False,,,
00-0037288,2026,Christian Benford,DB,47.0,BUF,BUF,False,False,False,False,False,False,False,,,0.1,False,,,
00-0037289,2026,Malcolm Rodriguez,LB,44.0,DET,DET,False,False,False,False,False,False,False,,,0.1,False,,,
00-0037291,2026,Jalen Nailor,WR,9.0,MIN,LV,True,False,False,False,False,False,False,,,0.1,False,,,
00-0037292,2026,Andrew Ogletree,TE,85.0,IND,IND,False,False,False,False,False,False,False,,,0.1,False,,,
00-0037294,2026,Jordan Jackson,DL,94.0,DEN,DEN,False,False,False,False,False,False,False,,,0.1,False,,,
00-0037297,2026,Cade Mays,OL,64.0,CAR,DET,True,False,False,False,False,False,False,,,0.1,False,,,
00-0037301,2026,Theo Jackson,DB,26.0,MIN,MIN,False,False,False,False,False,False,False,,,0.1,False,,,
00-0037302,2026,Austin Deculus,OL,76.0,LAC,TEN,True,False,False,False,False,False,False,,,0.1,False,,,
00-0037303,2026,Matt Henningsen,DL,91.0,DEN,DEN,False,False,False,False,False,False,False,,,0.1,False,,,
00-0037304,2026,Connor Heyward,RB,34.0,PIT,LV,True,False,False,False,False,False,False,,,0.1,False,,,
00-0037305,2026,Luke Tenuta,OL,67.0,IND,IND,False,False,False,False,False,False,False,,,0.1,False,,,
00-0037307,2026,Ja'Sir Taylor,DB,26.0,NYJ,CIN,True,False,False,False,False,False,False,,,0.1,False,,,
00-0037310,2026,James Houston,LB,41.0,DAL,DAL,False,False,False,False,False,False,False,,,0.1,False,,,
00-0037311,2026,Ko Kieft,TE,41.0,TB,TB,False,False,False,False,False,False,False,,,0.1,False,,,
00-0037312,2026,Chance Campbell,LB,59.0,PHI,PHI,False,False,False,False,False,False,False,,,0.1,False,,,
00-0037313,2026,Montaric Brown,DB,1.0,JAX,JAX,False,False,False,False,False,False,False,,,0.1,False,,,
00-0037317,2026,Nick Muse,TE,87.0,NYJ,ATL,True,False,False,False,False,False,False,,,0.1,False,,,
00-0037320,2026,Deane Leonard,DB,33.0,LAC,LAC,False,False,False,False,False,False,False,,,0.1,False,,,
00-0037323,2026,Rodney Thomas,DB,24.0,IND,SEA,True,False,False,False,False,False,False,,,0.1,False,,,
00-0037324,2026,Chris Oladokun,QB,19.0,KC,KC,False,False,False,False,False,False,False,,,0.1,False,,,
00-0037327,2026,Skylar Thompson,QB,11.0,PIT,BAL,True,False,False,False,False,False,False,,,0.1,False,,,
00-0037329,2026,Brittain Brown,RB,38.0,CHI,CHI,False,False,False,False,False,False,False,,,0.1,False,,,
00-0037332,2026,D'Anthony Bell,DB,34.0,CAR,SEA,True,False,False,False,False,False,False,,,0.1,False,,,
00-0037336,2026,Brock Hoffman,OL,67.0,DAL,PIT,True,False,False,False,False,False,False,,,0.1,False,,,
00-0037340,2026,Zaire Mitchell-Paden,TE,88.0,NO,HOU,True,False,False,False,False,False,False,,,0.1,False,,,
00-0037349,2026,Kellen Diesch,OL,65.0,,SEA,False,True,False,False,False,False,False,,,0.1,False,,,
00-0037353,2026,Kader Kohou,DB,26.0,MIA,KC,True,False,False,False,False,False,False,,,0.1,False,,,
00-0037356,2026,Ben Stille,DL,96.0,ATL,DET,True,False,False,False,False,False,False,,,0.1,False,,,
00-0037364,2026,Arron Mosby,LB,53.0,GB,GB,False,False,False,False,False,False,False,,,0.1,False,,,
00-0037380,2026,Kaden Davis,WR,81.0,CLE,CHI,True,False,False,False,False,False,False,,,0.1,False,,,
00-0037381,2026,Sebastian Gutierrez,OL,61.0,NE,DAL,True,False,False,False,False,False,False,,,0.1,False,,,
00-0037382,2026,Brandon Johnson,WR,82.0,DEN,PIT,True,False,False,False,False,False,False,,,0.1,False,,,
00-0037384,2026,Ja'Quan McMillian,DB,29.0,DEN,DEN,False,False,False,False,False,False,False,,,0.1,False,,,
00-0037385,2026,Michael Niese,OL,62.0,DET,DET,False,False,False,False,False,False,False,,,0.1,False,,,
00-0037395,2026,Dallis Flowers,DB,37.0,CHI,CHI,False,False,False,False,False,False,False,,,0.1,False,,,
00-0037404,2026,Ryan Van Demark,OL,72.0,BUF,MIN,True,False,False,False,False,False,False,,,0.1,False,,,
00-0037410,2026,Jashaun Corbin,RB,36.0,NE,DAL,True,False,False,False,False,False,False,,,0.1,False,,,
00-0037412,2026,Cal Adomitis,LS,45.0,PIT,MIA,True,False,False,False,False,False,False,,,0.1,False,,,
00-0037413,2026,Ben Brown,OL,77.0,NE,NE,False,False,False,False,False,False,False,,,0.1,False,,,
00-0037414,2026,Devin Cochran,OL,77.0,DET,DET,False,False,False,False,False,False,False,,,0.1,False,,,
00-0037422,2026,Kendric Pryor,WR,19.0,CIN,CIN,False,False,False,False,False,False,False,,,0.1,False,,,
00-0037428,2026,Alec Anderson,OL,70.0,BUF,BUF,False,False,False,False,False,False,False,,,0.1,False,,,
00-0037431,2026,Kingsley Jonathan,DL,57.0,NYJ,NYJ,False,False,False,False,False,False,False,,,0.1,False,,,
00-0037440,2026,Obinna Eze,OL,62.0,MIA,CLE,True,False,False,False,False,False,False,,,0.1,False,,,
00-0037457,2026,Jake Hansen,LB,35.0,HOU,HOU,False,False,False,False,False,False,False,,,0.1,False,,,
00-0037461,2026,Tristin McCollum,DB,27.0,LV,LV,False,False,False,False,False,False,False,,,0.1,False,,,
00-0037468,2026,Raheem Layne,DB,43.0,NYG,NYG,False,False,False,False,False,False,False,,,0.1,False,,,
00-0037475,2026,Stone Smartt,TE,84.0,NYJ,NO,True,False,False,False,False,False,False,,,0.1,False,,,
00-0037480,2026,Dylan Cook,OL,60.0,PIT,PIT,False,False,False,False,False,False,False,,,0.1,False,,,
00-0037487,2026,Deven Thompkins,WR,83.0,ATL,LV,True,False,False,False,False,False,False,,,0.1,False,,,
00-0037493,2026,Mike Brown,DB,33.0,TEN,NE,True,False,False,False,False,False,False,,,0.1,False,,,
00-0037500,2026,Ryan Wright,P,17.0,MIN,NO,True,False,False,False,False,False,False,,,0.1,False,,,
00-0037509,2026,Sincere McCormick,RB,35.0,MIN,SF,True,False,False,False,False,False,False,,,0.1,False,,,
00-0037512,2026,Isaiah Pola-Mao,DB,20.0,LV,LV,False,False,False,False,False,False,False,,,0.1,False,,,
00-0037522,2026,Qwuantrezz Knight,DB,32.0,,WAS,False,True,False,False,False,False,False,,,0.1,False,,,
00-0037524,2026,Tay Martin,WR,17.0,WAS,DET,True,False,False,False,False,False,False,,,0.1,False,,,
00-0037525,2026,Jordan Mason,RB,27.0,MIN,MIN,False,False,False,False,False,False,False,,,0.1,False,,,
00-0037526,2026,Marcelino McCrary-Ball,LB,41.0,NYJ,NYJ,False,False,False,False,False,False,False,,,0.1,False,,,
00-0037527,2026,Segun Olubi,LB,50.0,IND,LV,True,False,False,False,False,False,False,,,0.1,False,,,
00-0037539,2026,Lucas Krull,TE,85.0,DEN,DEN,False,False,False,False,False,False,False,,,0.1,False,,,
00-0037544,2026,Nephi Sewell,LB,46.0,CHI,CHI,False,False,False,False,False,False,False,,,0.1,False,,,
00-0037545,2026,Rashid Shaheed,WR,22.0,SEA,SEA,False,False,False,False,False,False,False,,,0.1,False,,,
00-0037547,2026,Daniel Whelan,P,19.0,GB,GB,False,False,False,False,False,False,False,,,0.1,False,,,
00-0037549,2026,Darrell Baker Jr.,DB,22.0,TEN,MIA,True,False,False,False,False,False,False,,,0.1,False,,,
00-0037557,2026,Ronnie Rivers,RB,20.0,LA,LA,False,False,False,False,False,False,False,,,0.1,False,,,
00-0037561,2026,Markquese Bell,DB,14.0,DAL,DAL,False,False,False,False,False,False,False,,,0.1,False,,,
00-0037563,2026,Malik Davis,RB,20.0,DAL,DAL,False,False,False,False,False,False,False,,,0.1,False,,,
00-0037570,2026,Dennis Houston,WR,89.0,TB,TB,False,False,False,False,False,False,False,,,0.1,False,,,
00-0037585,2026,Timmy Horne,DL,94.0,TEN,TEN,False,False,False,False,False,False,False,,,0.1,False,,,
00-0037587,2026,Nate Landman,LB,53.0,LA,LA,False,False,False,False,False,False,False,,,0.1,False,,,
00-0037594,2026,Julius Chestnut,RB,36.0,TEN,TEN,False,False,False,False,False,False,False,,,0.1,False,,,
00-0037596,2026,Jack Gibbens,LB,50.0,NE,ARI,True,False,False,False,False,False,False,,,0.1,False,,,
00-0037601,2026,Xavier Newman-Johnson,OL,65.0,NYJ,NE,True,False,False,False,False,False,False,,,0.1,False,,,
00-0037602,2026,Sam Okuayinonu,DL,91.0,SF,SF,False,False,False,False,False,False,False,,,0.1,False,,,
00-0037611,2026,Kayvon Thibodeaux,LB,5.0,NYG,NYG,False,False,False,False,False,False,False,,,0.1,False,,,
00-0037612,2026,Evan Neal,OL,73.0,NYG,LV,True,False,False,False,False,False,False,,,0.1,False,,,
00-0037614,2026,John Metchie III,WR,13.0,NYJ,CAR,True,False,False,False,False,False,False,,,0.1,False,,,
00-0037615,2026,Nakobe Dean,LB,17.0,PHI,LV,True,False,False,False,False,False,False,,,0.1,False,,,
00-0037616,2026,Nick Cross,DB,25.0,IND,WAS,True,False,False,False,False,False,False,,,0.1,False,,,
00-0037617,2026,Hassan Haskins,RB,26.0,LAC,NE,True,False,False,False,False,False,False,,,0.1,False,,,
00-0037618,2026,Zach Thomas,OL,72.0,IND,TEN,True,False,False,False,False,False,False,,,0.1,False,,,
00-0037620,2026,Andrew Stueber,OL,74.0,ATL,ATL,False,False,False,False,False,False,False,,,0.1,False,,,
00-0037633,2026,Jacob Hummel,LB,33.0,BAL,HOU,True,False,False,False,False,False,False,,,0.1,False,,,
00-0037661,2026,Ja'Marcus Ingram,DB,20.0,HOU,HOU,False,False,False,False,False,False,False,,,0.1,False,,,
00-0037663,2026,Jermaine Johnson II,LB,11.0,NYJ,TEN,True,False,False,False,False,False,False,,,0.1,False,,,
00-0037664,2026,Alec Pierce,WR,14.0,IND,IND,False,False,False,False,False,False,False,,,0.1,False,,,
00-0037665,2026,Sam Williams,DL,54.0,DAL,CLE,True,False,False,False,False,False,False,,,0.1,False,,,
00-0037666,2026,Jalen Tolbert,WR,1.0,DAL,MIA,True,False,False,False,False,False,False,,,0.1,False,,,
00-0037667,2026,Kerby Joseph,DB,31.0,DET,DET,False,False,False,False,False,False,False,,,0.1,False,,,
00-0037686,2026,Tucker Addington,LS,46.0,,MIA,False,True,False,False,False,False,False,,,0.1,False,,,
00-0037692,2026,Brandon Aubrey,K,17.0,DAL,DAL,False,False,False,False,False,False,False,,,0.1,False,,,
00-0037708,2026,Maurice Alexander,WR,13.0,CHI,CHI,False,False,False,False,False,False,False,,,0.1,False,,,
00-0037711,2026,Jeremiah Pharms Jr.,DL,98.0,NE,NE,False,False,False,False,False,False,False,,,0.1,False,,,
00-0037740,2026,Garrett Wilson,WR,5.0,NYJ,NYJ,False,False,False,False,False,False,False,,,0.1,False,,,
00-0037741,2026,Jahan Dotson,WR,4.0,PHI,ATL,True,False,False,False,False,False,False,,,0.1,False,,,
00-0037742,2026,Treylon Burks,WR,13.0,WAS,WAS,False,False,False,False,False,False,False,,,0.1,False,,,
00-0037743,2026,Daxton Hill,DB,23.0,CIN,CIN,False,False,False,False,False,False,False,,,0.1,False,,,
00-0037744,2026,Trey McBride,TE,85.0,ARI,ARI,False,False,False,False,False,False,False,,,0.1,False,,,
00-0037745,2026,Velus Jones Jr.,RB,33.0,SEA,SEA,False,False,False,False,False,False,False,,,0.1,False,,,
00-0037746,2026,Brian Robinson,RB,15.0,SF,ATL,True,False,False,False,False,False,False,,,0.1,False,,,
00-0037748,2026,Marquis Hayes,OL,77.0,NYJ,NYJ,False,False,False,False,False,False,False,,,0.1,False,,,
00-0037752,2026,Tycen Anderson,DB,6.0,CIN,DEN,True,False,False,False,False,False,False,,,0.1,False,,,
00-0037753,2026,Cam Taylor-Britt,DB,29.0,CIN,IND,True,False,False,False,False,False,False,,,0.1,False,,,
00-0037754,2026,Nicholas Petit-Frere,OL,77.0,,WAS,False,True,False,False,False,False,False,,,0.1,False,,,
00-0037755,2026,Jelani Woods,TE,86.0,NYJ,NYJ,False,False,False,False,False,False,False,,,0.1,False,,,
00-0037756,2026,Travis Jones,DL,98.0,BAL,BAL,False,False,False,False,False,False,False,,,0.1,False,,,
00-0037757,2026,Bernhard Raimann,OL,79.0,IND,IND,False,False,False,False,False,False,False,,,0.1,False,,,
00-0037758,2026,Cordale Flott,DB,18.0,NYG,TEN,True,False,False,False,False,False,False,,,0.1,False,,,
00-0037799,2026,Dondrea Tillman,LB,92.0,DEN,DEN,False,False,False,False,False,False,False,,,0.1,False,,,
00-0037801,2026,KaVontae Turpin,WR,9.0,DAL,DAL,False,False,False,False,False,False,False,,,0.1,False,,,
00-0037804,2026,Zachary Carter,DL,90.0,ARI,ARI,False,False,False,False,False,False,False,,,0.1,False,,,
00-0037805,2026,Jeremy Ruckert,TE,89.0,NYJ,NYJ,False,False,False,False,False,False,False,,,0.1,False,,,
00-0037807,2026,Joshua Ezeudu,OL,73.0,NYG,KC,True,False,False,False,False,False,False,,,0.1,False,,,
00-0037808,2026,DeAngelo Malone,LB,50.0,ATL,ATL,False,False,False,False,False,False,False,,,0.1,False,,,
00-0037809,2026,Chig Okonkwo,TE,85.0,TEN,WAS,True,False,False,False,False,False,False,,,0.1,False,,,
00-0037812,2026,Abraham Lucas,OL,72.0,SEA,SEA,False,False,False,False,False,False,False,,,0.1,False,,,
00-0037814,2026,Luke Fortner,OL,77.0,NO,CAR,True,False,False,False,False,False,False,,,0.1,False,,,
00-0037815,2026,Cameron Thomas,DL,99.0,CLE,ATL,True,False,False,False,False,False,False,,,0.1,False,,,
00-0037816,2026,Romeo Doubs,WR,87.0,GB,NE,True,False,False,False,False,False,False,,,0.1,False,,,
00-0037817,2026,Zach Bako-Bewele,OL,50.0,GB,GB,False,False,False,False,False,False,False,,,0.1,False,,,
00-0037818,2026,Zion Johnson,OL,77.0,LAC,CLE,True,False,False,False,False,False,False,,,0.1,False,,,
00-0037819,2026,Leo Chenal,LB,54.0,KC,WAS,True,False,False,False,False,False,False,,,0.1,False,,,
00-0037821,2026,Charles Cross,OL,67.0,SEA,SEA,False,False,False,False,False,False,False,,,0.1,False,,,
00-0037823,2026,Christian Harris,LB,45.0,HOU,ATL,True,False,False,False,False,False,False,,,0.1,False,,,
00-0037825,2026,Tyler Linderbaum,OL,65.0,BAL,LV,True,False,False,False,False,False,False,,,0.1,False,,,
00-0037826,2026,Drake Jackson,LB,91.0,WAS,ATL,True,False,False,False,False,False,False,,,0.1,False,,,
00-0037828,2026,Danny Gray,WR,82.0,PHI,PHI,False,False,False,False,False,False,False,,,0.1,False,,,
00-0037829,2026,Spencer Burford,OL,70.0,SF,LV,True,False,False,False,False,False,False,,,0.1,False,,,
00-0037830,2026,Samuel Womack,DB,22.0,NYJ,NYJ,False,False,False,False,False,False,False,,,0.1,False,,,
00-0037831,2026,Nick Zakelj,OL,63.0,SF,SF,False,False,False,False,False,False,False,,,0.1,False,,,
00-0037832,2026,Kalia Davis,DL,93.0,SF,CLE,True,False,False,False,False,False,False,,,0.1,False,,,
00-0037834,2026,Brock Purdy,QB,13.0,SF,SF,False,False,False,False,False,False,False,,,0.1,False,,,
00-0037835,2026,Luke Goedeke,OL,67.0,TB,TB,False,False,False,False,False,False,False,,,0.1,False,,,
00-0037837,2026,Calvin Austin III,WR,82.0,PIT,NYG,True,False,False,False,False,False,False,,,0.1,False,,,
00-0037838,2026,Isaiah Likely,TE,9.0,BAL,NYG,True,False,False,False,False,False,False,,,0.1,False,,,
00-0037839,2026,Cobie Durant,DB,2.0,LA,DAL,True,False,False,False,False,False,False,,,0.1,False,,,
00-0037840,2026,Kyren Williams,RB,23.0,LA,LA,False,False,False,False,False,False,False,,,0.1,False,,,
00-0037841,2026,Quentin Lake,DB,37.0,LA,LA,False,False,False,False,False,False,False,,,0.1,False,,,
00-0037842,2026,Derion Kendrick,DB,15.0,LA,DAL,True,False,False,False,False,False,False,,,0.1,False,,,
00-0037843,2026,Daniel Hardy,DL,92.0,CHI,CHI,False,False,False,False,False,False,False,,,0.1,False,,,
00-0037844,2026,Russ Yeast,DB,22.0,CIN,CIN,False,False,False,False,False,False,False,,,0.1,False,,,
00-0037845,2026,A.J. Arcuri,OL,68.0,LA,BAL,True,False,False,False,False,False,False,,,0.1,False,,,
00-0037984,2026,Pepe Williams,DB,28.0,TB,TB,False,False,False,False,False,False,False,,,0.1,False,,,
00-0038038,2026,Kyle Hamilton,DB,14.0,BAL,BAL,False,False,False,False,False,False,False,,,0.1,False,,,
00-0038039,2026,Jack Jones,DB,25.0,MIA,SF,True,False,False,False,False,False,False,,,0.1,False,,,
00-0038040,2026,Zamir White,RB,26.0,LV,NO,True,False,False,False,False,False,False,,,0.1,False,,,
00-0038041,2026,Jake Ferguson,TE,87.0,DAL,DAL,False,False,False,False,False,False,False,,,0.1,False,,,
00-0038043,2026,Joshua Williams,DB,25.0,KC,TEN,True,False,False,False,False,False,False,,,0.1,False,,,
00-0038046,2026,Charlie Kolar,TE,88.0,BAL,LAC,True,False,False,False,False,False,False,,,0.1,False,,,
00-0038090,2026,Skyy Moore,WR,23.0,SF,GB,True,False,False,False,False,False,False,,,0.1,False,,,
00-0038091,2026,JT Woods,DB,35.0,NYJ,NYG,True,False,False,False,False,False,False,,,0.1,False,,,
00-0038092,2026,Erik Ezukanma,WR,49.0,JAX,PHI,True,False,False,False,False,False,False,,,0.1,False,,,
00-0038094,2026,Jordan Stout,P,15.0,BAL,NYG,True,False,False,False,False,False,False,,,0.1,False,,,
00-0038095,2026,Cordell Volson,OL,73.0,CIN,GB,True,False,False,False,False,False,False,,,0.1,False,,,
00-0038098,2026,Pierre Strong,RB,22.0,GB,GB,False,False,False,False,False,False,False,,,0.1,False,,,
00-0038099,2026,Phidarian Mathis,DL,72.0,BUF,BUF,False,False,False,False,False,False,False,,,0.1,False,,,
00-0038100,2026,Percy Butler,DB,35.0,WAS,WAS,False,False,False,False,False,False,False,,,0.1,False,,,
00-0038101,2026,Akayleb Evans,DB,29.0,CAR,CAR,False,False,False,False,False,False,False,,,0.1,False,,,
00-0038102,2026,Kenny Pickett,QB,12.0,LV,CAR,True,False,False,False,False,False,False,,,0.1,False,,,
00-0038103,2026,Cole Strange,OL,69.0,MIA,LAC,True,False,False,False,False,False,False,,,0.1,False,,,
00-0038104,2026,Tyquan Thornton,WR,2.0,KC,KC,False,False,False,False,False,False,False,,,0.1,False,,,
00-0038105,2026,Damarri Mathis,DB,37.0,CAR,CLE,True,False,False,False,False,False,False,,,0.1,False,,,
00-0038106,2026,Eyioma Uwazurike,DL,96.0,DEN,DEN,False,False,False,False,False,False,False,,,0.1,False,,,
00-0038107,2026,Micheal Clemons,DL,72.0,NYJ,IND,True,False,False,False,False,False,False,,,0.1,False,,,
00-0038108,2026,Bailey Zappe,QB,4.0,CLE,NYJ,True,False,False,False,False,False,False,,,0.1,False,,,
00-0038111,2026,Kyler Gordon,DB,6.0,CHI,CHI,False,False,False,False,False,False,False,,,0.1,False,,,
00-0038112,2026,Cam Jurgens,OL,51.0,PHI,PHI,False,False,False,False,False,False,False,,,0.1,False,,,
00-0038114,2026,Max Mitchell,OL,61.0,NYJ,NYJ,False,False,False,False,False,False,False,,,0.1,False,,,
00-0038115,2026,Daniel Bellinger,TE,82.0,NYG,TEN,True,False,False,False,False,False,False,,,0.1,False,,,
00-0038116,2026,Arnold Ebiketie,LB,17.0,ATL,PHI,True,False,False,False,False,False,False,,,0.1,False,,,
00-0038117,2026,Wan'Dale Robinson,WR,4.0,NYG,TEN,True,False,False,False,False,False,False,,,0.1,False,,,
00-0038118,2026,Daniel Faalele,OL,68.0,BAL,JAX,True,False,False,False,False,False,False,,,0.1,False,,,
00-0038120,2026,Breece Hall,RB,20.0,NYJ,NYJ,False,False,False,False,False,False,False,,,0.1,False,,,
00-0038121,2026,Alontae Taylor,DB,24.0,NO,TEN,True,False,False,False,False,False,False,,,0.1,False,,,
00-0038123,2026,Dane Belton,DB,6.0,NYG,NYJ,True,False,False,False,False,False,False,,,0.1,False,,,
00-0038124,2026,Christian Watson,WR,9.0,GB,GB,False,False,False,False,False,False,False,,,0.1,False,,,
00-0038125,2026,Roger McCreary,DB,21.0,LA,DET,True,False,False,False,False,False,False,,,0.1,False,,,
00-0038127,2026,Logan Hall,DL,96.0,TB,HOU,True,False,False,False,False,False,False,,,0.1,False,,,
00-0038128,2026,Malik Willis,QB,2.0,GB,MIA,True,False,False,False,False,False,False,,,0.1,False,,,
00-0038129,2026,Cade Otton,TE,88.0,TB,TB,False,False,False,False,False,False,False,,,0.1,False,,,
00-0038131,2026,Ed Ingram,OL,69.0,HOU,HOU,False,False,False,False,False,False,False,,,0.1,False,,,
00-0038133,2026,Boye Mafe,DL,53.0,SEA,CIN,True,False,False,False,False,False,False,,,0.1,False,,,
00-0038134,2026,Kenneth Walker III,RB,9.0,SEA,KC,True,False,False,False,False,False,False,,,0.1,False,,,
00-0038135,2026,Jaquan Brisker,DB,3.0,CHI,PIT,True,False,False,False,False,False,False,,,0.1,False,,,
00-0038136,2026,Coby Bryant,DB,2.0,SEA,CHI,True,False,False,False,False,False,False,,,0.1,False,,,
00-0038144,2026,Adedayo Odeleye,DL,96.0,DAL,DAL,False,False,False,False,False,False,False,,,0.1,False,,,
00-0038145,2026,Thomas Odukoya,TE,89.0,NE,KC,True,False,False,False,False,False,False,,,0.1,False,,,
00-0038181,2026,Lucky Jackson,WR,9.0,MIN,DET,True,False,False,False,False,False,False,,,0.1,False,,,
00-0038194,2026,Kohl Levao,OL,60.0,NYJ,NYJ,False,False,False,False,False,False,False,,,0.1,False,,,
00-0038223,2026,Liam Fornadel,OL,50.0,NYJ,NYJ,False,False,False,False,False,False,False,,,0.1,False,,,
00-0038304,2026,Barry Wesley,OL,69.0,NO,NO,False,False,False,False,False,False,False,,,0.1,False,,,
00-0038348,2026,Josh Butler,DB,31.0,DAL,DAL,False,False,False,False,False,False,False,,,0.1,False,,,
00-0038354,2026,Tanner Brown,K,46.0,,NO,False,True,False,False,False,False,False,,,0.1,False,,,
00-0038359,2026,Xavier Smith,WR,19.0,LA,LA,False,False,False,False,False,False,False,,,0.1,False,,,
00-0038360,2026,Alex Ward,LS,47.0,LA,LV,True,False,False,False,False,False,False,,,0.1,False,,,
00-0038366,2026,Tanner Ingle,DB,34.0,LA,LA,False,False,False,False,False,False,False,,,0.1,False,,,
00-0038368,2026,Quindell Johnson,DB,40.0,PIT,WAS,True,False,False,False,False,False,False,,,0.1,False,,,
00-0038383,2026,Andrew Vorhees,OL,72.0,BAL,BAL,False,False,False,False,False,False,False,,,0.1,False,,,
00-0038386,2026,Jalen Carter,DL,98.0,PHI,PHI,False,False,False,False,False,False,False,,,0.1,False,,,
00-0038387,2026,Colby Wooden,DL,50.0,GB,NO,True,False,False,False,False,False,False,,,0.1,False,,,
00-0038388,2026,Darius Rush,DB,36.0,WAS,WAS,False,False,False,False,False,False,False,,,0.1,False,,,
00-0038389,2026,Israel Abanikanda,RB,25.0,DAL,DAL,False,False,False,False,False,False,False,,,0.1,False,,,
00-0038390,2026,Noah Sewell,LB,46.0,CHI,CHI,False,False,False,False,False,False,False,,,0.1,False,,,
00-0038391,2026,Sean Clifford,QB,4.0,CIN,CIN,False,False,False,False,False,False,False,,,0.1,False,,,
00-0038392,2026,Daniel Scott,DB,32.0,IND,IND,False,False,False,False,False,False,False,,,0.1,False,,,
00-0038393,2026,Dontayvion Wicks,WR,13.0,GB,PHI,True,False,False,False,False,False,False,,,0.1,False,,,
00-0038394,2026,Will Mallory,TE,86.0,IND,IND,False,False,False,False,False,False,False,,,0.1,False,,,
00-0038395,2026,Terell Smith,DB,47.0,CHI,WAS,True,False,False,False,False,False,False,,,0.1,False,,,
00-0038396,2026,Eric Gray,RB,20.0,NYG,CLE,True,False,False,False,False,False,False,,,0.1,False,,,
00-0038397,2026,Evan Hull,RB,26.0,NO,ARI,True,False,False,False,False,False,False,,,0.1,False,,,
00-0038398,2026,Karl Brooks,DL,94.0,GB,GB,False,False,False,False,False,False,False,,,0.1,False,,,
00-0038399,2026,Zaire Barnes,LB,46.0,NYG,NYG,False,False,False,False,False,False,False,,,0.1,False,,,
00-0038400,2026,Tanner McKee,QB,16.0,PHI,PHI,False,False,False,False,False,False,False,,,0.1,False,,,
00-0038401,2026,Jarrick Bernard-Converse,DB,35.0,NYG,NYG,False,False,False,False,False,False,False,,,0.1,False,,,
00-0038403,2026,Tre Hawkins III,DB,45.0,WAS,MIN,True,False,False,False,False,False,False,,,0.1,False,,,
00-0038405,2026,Travis Bell,DL,66.0,MIN,CLE,True,False,False,False,False,False,False,,,0.1,False,,,
00-0038406,2026,Zack Kuntz,TE,47.0,NYJ,DAL,True,False,False,False,False,False,False,,,0.1,False,,,
00-0038407,2026,Jaylon Jones,DB,42.0,IND,TEN,True,False,False,False,False,False,False,,,0.1,False,,,
00-0038408,2026,Carrington Valentine,DB,24.0,GB,GB,False,False,False,False,False,False,False,,,0.1,False,,,
00-0038409,2026,Lew Nichols III,RB,31.0,PIT,PIT,False,False,False,False,False,False,False,,,0.1,False,,,
00-0038411,2026,Anthony Johnson,DB,27.0,NYG,CHI,True,False,False,False,False,False,False,,,0.1,False,,,
00-0038412,2026,Moro Ojomo,DL,97.0,PHI,PHI,False,False,False,False,False,False,False,,,0.1,False,,,
00-0038414,2026,Kendall Williamson,DB,32.0,LAC,LAC,False,False,False,False,False,False,False,,,0.1,False,,,
00-0038416,2026,Tyson Bagent,QB,17.0,CHI,CHI,False,False,False,False,False,False,False,,,0.1,False,,,
00-0038426,2026,Lorenz Metz,OL,61.0,NE,NE,False,False,False,False,False,False,False,,,0.1,False,,,
00-0038428,2026,Andre Szmyt,K,25.0,CLE,CLE,False,False,False,False,False,False,False,,,0.1,False,,,
00-0038429,2026,Liam Anderson,LB,50.0,CIN,MIA,True,False,False,False,False,False,False,,,0.1,False,,,
00-0038440,2026,Zavier Scott,RB,30.0,MIN,CHI,True,False,False,False,False,False,False,,,0.1,False,,,
00-0038453,2026,Corey Mayfield Jr.,DB,13.0,,TEN,False,True,False,False,False,False,False,,,0.1,False,,,
00-0038454,2026,Keaton Mitchell,RB,34.0,BAL,LAC,True,False,False,False,False,False,False,,,0.1,False,,,
00-0038458,2026,Owen Wright,RB,42.0,TB,HOU,True,False,False,False,False,False,False,,,0.1,False,,,
00-0038462,2026,Keshawn Banks,DL,59.0,,ATL,False,True,False,False,False,False,False,,,0.1,False,,,
00-0038463,2026,Brenton Cox Jr.,LB,57.0,GB,GB,False,False,False,False,False,False,False,,,0.1,False,,,
00-0038475,2026,Alex Cook,DB,39.0,CHI,LA,True,False,False,False,False,False,False,,,0.1,False,,,
00-0038476,2026,Tommy DeVito,QB,16.0,NE,NE,False,False,False,False,False,False,False,,,0.1,False,,,
00-0038479,2026,Dyontae Johnson,LB,45.0,NYG,TEN,True,False,False,False,False,False,False,,,0.1,False,,,
00-0038488,2026,Brady Russell,RB,38.0,SEA,SEA,False,False,False,False,False,False,False,,,0.1,False,,,
00-0038489,2026,Ben VanSumeren,RB,47.0,PHI,KC,True,False,False,False,False,False,False,,,0.1,False,,,
00-0038492,2026,Jason Brownlee,WR,89.0,KC,KC,False,False,False,False,False,False,False,,,0.1,False,,,
00-0038493,2026,Claudin Cherelus,LB,53.0,CAR,CAR,False,False,False,False,False,False,False,,,0.1,False,,,
00-0038494,2026,Trey Dean III,DB,35.0,,GB,False,True,False,False,False,False,False,,,0.1,False,,,
00-0038496,2026,Xavier Gipson,WR,86.0,NYG,PHI,True,False,False,False,False,False,False,,,0.1,False,,,
00-0038498,2026,E.J. Jenkins,TE,84.0,PHI,PHI,False,False,False,False,False,False,False,,,0.1,False,,,
00-0038504,2026,Trenton Simpson,LB,32.0,BAL,BAL,False,False,False,False,False,False,False,,,0.1,False,,,
00-0038505,2026,Tavius Robinson,LB,95.0,BAL,BAL,False,False,False,False,False,False,False,,,0.1,False,,,
00-0038506,2026,Jordon Riley,DL,97.0,GB,GB,False,False,False,False,False,False,False,,,0.1,False,,,
00-0038509,2026,Jerome Carvin,OL,79.0,JAX,JAX,False,False,False,False,False,False,False,,,0.1,False,,,
00-0038513,2026,Cam Jones,LB,45.0,NYJ,KC,True,False,False,False,False,False,False,,,0.1,False,,,
00-0038514,2026,Truman Jones,DL,56.0,TEN,TEN,False,False,False,False,False,False,False,,,0.1,False,,,
00-0038519,2026,Nikko Remigio,WR,81.0,KC,KC,False,False,False,False,False,False,False,,,0.1,False,,,
00-0038521,2026,Reese Taylor,DB,35.0,DEN,MIA,True,False,False,False,False,False,False,,,0.1,False,,,
00-0038523,2026,Kahlef Hailassie,DB,25.0,MIN,GB,True,False,False,False,False,False,False,,,0.1,False,,,
00-0038535,2026,DJ Johnson,LB,53.0,WAS,WAS,False,False,False,False,False,False,False,,,0.1,False,,,
00-0038536,2026,Chandler Zavala,OL,62.0,CAR,CAR,False,False,False,False,False,False,False,,,0.1,False,,,
00-0038540,2026,Paris Johnson Jr.,OL,70.0,ARI,ARI,False,False,False,False,False,False,False,,,0.1,False,,,
00-0038541,2026,Tyree Wilson,LB,98.0,LV,NO,True,False,False,False,False,False,False,,,0.1,False,,,
00-0038542,2026,Bijan Robinson,RB,7.0,ATL,ATL,False,False,False,False,False,False,False,,,0.1,False,,,
00-0038543,2026,Jaxon Smith-Njigba,WR,11.0,SEA,SEA,False,False,False,False,False,False,False,,,0.1,False,,,
00-0038544,2026,Quentin Johnston,WR,1.0,LAC,LAC,False,False,False,False,False,False,False,,,0.1,False,,,
00-0038545,2026,Mazi Smith,DL,91.0,NYJ,MIA,True,False,False,False,False,False,False,,,0.1,False,,,
00-0038546,2026,Myles Murphy,DL,99.0,CIN,CIN,False,False,False,False,False,False,False,,,0.1,False,,,
00-0038547,2026,Luke Schoonmaker,TE,86.0,DAL,DAL,False,False,False,False,False,False,False,,,0.1,False,,,
00-0038548,2026,O'Cyrus Torrence,OL,64.0,BUF,BUF,False,False,False,False,False,False,False,,,0.1,False,,,
00-0038549,2026,DJ Turner II,DB,0.0,CIN,CIN,False,False,False,False,False,False,False,,,0.1,False,,,
00-0038550,2026,Hendon Hooker,QB,16.0,NYJ,TEN,True,False,False,False,False,False,False,,,0.1,False,,,
00-0038551,2026,Kendre Miller,RB,5.0,NO,NO,False,False,False,False,False,False,False,,,0.1,False,,,
00-0038552,2026,Riley Moss,DB,21.0,DEN,DEN,False,False,False,False,False,False,False,,,0.1,False,,,
00-0038553,2026,Daiyan Henley,LB,0.0,LAC,LAC,False,False,False,False,False,False,False,,,0.1,False,,,
00-0038554,2026,Ji'Ayir Brown,DB,27.0,SF,SF,False,False,False,False,False,False,False,,,0.1,False,,,
00-0038555,2026,Tank Bigsby,RB,8.0,PHI,PHI,False,False,False,False,False,False,False,,,0.1,False,,,
00-0038556,2026,DeMarvion Overshown,LB,0.0,DAL,DAL,False,False,False,False,False,False,False,,,0.1,False,,,
00-0038557,2026,Dorian Williams,LB,42.0,BUF,BUF,False,False,False,False,False,False,False,,,0.1,False,,,
00-0038558,2026,Darnell Washington,TE,80.0,PIT,PIT,False,False,False,False,False,False,False,,,0.1,False,,,
00-0038559,2026,Michael Wilson,WR,14.0,ARI,ARI,False,False,False,False,False,False,False,,,0.1,False,,,
00-0038560,2026,Jordan Battle,DB,27.0,CIN,CIN,False,False,False,False,False,False,False,,,0.1,False,,,
00-0038562,2026,Jake Moody,K,16.0,WAS,BAL,True,False,False,False,False,False,False,,,0.1,False,,,
00-0038563,2026,Tre Tucker,WR,1.0,LV,LV,False,False,False,False,False,False,False,,,0.1,False,,,
00-0038564,2026,Cameron Latu,TE,36.0,PHI,NE,True,False,False,False,False,False,False,,,0.1,False,,,
00-0038565,2026,Mekhi Blackmon,DB,29.0,IND,CLE,True,False,False,False,False,False,False,,,0.1,False,,,
00-0038566,2026,Nick Saldiveri,OL,64.0,NO,NO,False,False,False,False,False,False,False,,,0.1,False,,,
00-0038567,2026,Chad Ryland,K,38.0,ARI,ARI,False,False,False,False,False,False,False,,,0.1,False,,,
00-0038568,2026,Clark Phillips III,DB,20.0,ATL,CHI,True,False,False,False,False,False,False,,,0.1,False,,,
00-0038570,2026,Ventrell Miller,LB,51.0,JAX,JAX,False,False,False,False,False,False,False,,,0.1,False,,,
00-0038571,2026,Jon Gaines II,OL,71.0,ARI,ARI,False,False,False,False,False,False,False,,,0.1,False,,,
00-0038573,2026,Derius Davis,WR,12.0,LAC,LAC,False,False,False,False,False,False,False,,,0.1,False,,,
00-0038574,2026,Isaiah McGuire,DL,57.0,CLE,CLE,False,False,False,False,False,False,False,,,0.1,False,,,
00-0038575,2026,Viliami Fehoko Jr.,DL,61.0,IND,SF,True,False,False,False,False,False,False,,,0.1,False,,,
00-0038576,2026,Charlie Jones,WR,89.0,CIN,NYG,True,False,False,False,False,False,False,,,0.1,False,,,
00-0038577,2026,Nick Herbig,LB,51.0,PIT,PIT,False,False,False,False,False,False,False,,,0.1,False,,,
00-0038578,2026,Jay Ward,DB,24.0,MIN,MIN,False,False,False,False,False,False,False,,,0.1,False,,,
00-0038579,2026,Aidan O'Connell,QB,12.0,LV,LV,False,False,False,False,False,False,False,,,0.1,False,,,
00-0038580,2026,Yasir Abdullah,LB,22.0,JAX,ATL,True,False,False,False,False,False,False,,,0.1,False,,,
00-0038585,2026,Cameron Mitchell,DB,43.0,IND,IND,False,False,False,False,False,False,False,,,0.1,False,,,
00-0038586,2026,Atonio Mafi,OL,70.0,LV,TEN,True,False,False,False,False,False,False,,,0.1,False,,,
00-0038587,2026,Jammie Robinson,DB,34.0,ATL,ATL,False,False,False,False,False,False,False,,,0.1,False,,,
00-0038588,2026,Jordan Howden,DB,31.0,NO,NO,False,False,False,False,False,False,False,,,0.1,False,,,
00-0038589,2026,Josh Whyle,TE,81.0,GB,GB,False,False,False,False,False,False,False,,,0.1,False,,,
00-0038590,2026,Justin Shorter,WR,88.0,LV,LV,False,False,False,False,False,False,False,,,0.1,False,,,
00-0038591,2026,Mike Morris,DL,94.0,SEA,SEA,False,False,False,False,False,False,False,,,0.1,False,,,
00-0038592,2026,Colby Sorsdal,OL,75.0,DET,DET,False,False,False,False,False,False,False,,,0.1,False,,,
00-0038593,2026,Olu Oluwatimi,OL,55.0,SEA,SEA,False,False,False,False,False,False,False,,,0.1,False,,,
00-0038594,2026,Darrell Luter Jr.,DB,25.0,SF,LV,True,False,False,False,False,False,False,,,0.1,False,,,
00-0038595,2026,Jordan McFadden,OL,74.0,CHI,CHI,False,False,False,False,False,False,False,,,0.1,False,,,
00-0038596,2026,Antonio Johnson,DB,6.0,JAX,JAX,False,False,False,False,False,False,False,,,0.1,False,,,
00-0038597,2026,Chase Brown,RB,30.0,CIN,CIN,False,False,False,False,False,False,False,,,0.1,False,,,
00-0038599,2026,Henry To'oTo'o,LB,39.0,HOU,HOU,False,False,False,False,False,False,False,,,0.1,False,,,
00-0038600,2026,Owen Pappoe,LB,40.0,ARI,TEN,True,False,False,False,False,False,False,,,0.1,False,,,
00-0038601,2026,Asim Richards,OL,72.0,NO,NO,False,False,False,False,False,False,False,,,0.1,False,,,
00-0038603,2026,Rob Beal Jr.,DL,51.0,SF,MIA,True,False,False,False,False,False,False,,,0.1,False,,,
00-0038604,2026,Eric Scott Jr.,DB,5.0,KC,DET,True,False,False,False,False,False,False,,,0.1,False,,,
00-0038605,2026,JL Skinner,DB,34.0,DEN,DEN,False,False,False,False,False,False,False,,,0.1,False,,,
00-0038606,2026,Parker Washington,WR,11.0,JAX,JAX,False,False,False,False,False,False,False,,,0.1,False,,,
00-0038608,2026,Kayshon Boutte,WR,14.0,NE,HOU,True,False,False,False,False,False,False,,,0.1,False,,,
00-0038609,2026,Luke Wypler,OL,56.0,CLE,CLE,False,False,False,False,False,False,False,,,0.1,False,,,
00-0038610,2026,Bryce Baringer,P,17.0,NE,NE,False,False,False,False,False,False,False,,,0.1,False,,,
00-0038611,2026,Chris Rodriguez Jr.,RB,24.0,WAS,JAX,True,False,False,False,False,False,False,,,0.1,False,,,
00-0038613,2026,Jerrick Reed II,DB,28.0,TEN,ARI,True,False,False,False,False,False,False,,,0.1,False,,,
00-0038614,2026,Scott Matlock,RB,44.0,LAC,LAC,False,False,False,False,False,False,False,,,0.1,False,,,
00-0038615,2026,Jarrett Patterson,OL,58.0,HOU,SF,True,False,False,False,False,False,False,,,0.1,False,,,
00-0038616,2026,Christian Braswell,DB,21.0,JAX,JAX,False,False,False,False,False,False,False,,,0.1,False,,,
00-0038617,2026,Amari Burney,LB,49.0,TEN,JAX,True,False,False,False,False,False,False,,,0.1,False,,,
00-0038618,2026,Xavier Hutchinson,WR,19.0,HOU,HOU,False,False,False,False,False,False,False,,,0.1,False,,,
00-0038619,2026,Andrei Iosivas,WR,80.0,CIN,CIN,False,False,False,False,False,False,False,,,0.1,False,,,
00-0038620,2026,Erick Hallett,DB,41.0,TEN,TEN,False,False,False,False,False,False,False,,,0.1,False,,,
00-0038621,2026,DeMario Douglas,WR,3.0,NE,NE,False,False,False,False,False,False,False,,,0.1,False,,,
00-0038622,2026,Deuce Vaughn,RB,31.0,DEN,HOU,True,False,False,False,False,False,False,,,0.1,False,,,
00-0038623,2026,Dante Stills,DL,55.0,ARI,ARI,False,False,False,False,False,False,False,,,0.1,False,,,
00-0038624,2026,Ameer Speed,DB,23.0,HOU,DAL,True,False,False,False,False,False,False,,,0.1,False,,,
00-0038625,2026,Dee Winters,LB,53.0,SF,DAL,True,False,False,False,False,False,False,,,0.1,False,,,
00-0038628,2026,DeMarcco Hellams,DB,23.0,ATL,ATL,False,False,False,False,False,False,False,,,0.1,False,,,
00-0038629,2026,Jovaughn Gwyn,OL,54.0,ATL,BAL,True,False,False,False,False,False,False,,,0.1,False,,,
00-0038633,2026,Nick Broeker,OL,65.0,BUF,BUF,False,False,False,False,False,False,False,,,0.1,False,,,
00-0038635,2026,Andre Jones Jr.,LB,59.0,BUF,BUF,False,False,False,False,False,False,False,,,0.1,False,,,
00-0038638,2026,Derek Parish,DL,78.0,,HOU,False,True,False,False,False,False,False,,,0.1,False,,,
00-0038640,2026,Jalen Brooks,WR,86.0,ARI,ARI,False,False,False,False,False,False,False,,,0.1,False,,,
00-0038641,2026,Isaiah Bolden,DB,49.0,SF,PHI,True,False,False,False,False,False,False,,,0.1,False,,,
00-0038642,2026,D.J. Ivey,DB,38.0,CIN,CIN,False,False,False,False,False,False,False,,,0.1,False,,,
00-0038643,2026,Brayden Willis,TE,9.0,SF,SF,False,False,False,False,False,False,False,,,0.1,False,,,
00-0038644,2026,Brandon Hill,DB,30.0,HOU,PIT,True,False,False,False,False,False,False,,,0.1,False,,,
00-0038645,2026,Spencer Anderson,OL,74.0,PIT,PIT,False,False,False,False,False,False,False,,,0.1,False,,,
00-0038646,2026,Alex Austin,DB,26.0,NE,MIA,True,False,False,False,False,False,False,,,0.1,False,,,
00-0038647,2026,Ronnie Bell,WR,11.0,NO,LV,True,False,False,False,False,False,False,,,0.1,False,,,
00-0038648,2026,Jalen Graham,LB,41.0,SF,SF,False,False,False,False,False,False,False,,,0.1,False,,,
00-0038649,2026,Alex Forsyth,OL,54.0,DEN,DEN,False,False,False,False,False,False,False,,,0.1,False,,,
00-0038653,2026,Cory Durden,DL,94.0,NE,NE,False,False,False,False,False,False,False,,,0.1,False,,,
00-0038655,2026,Steven Gilmore,DB,13.0,ARI,LA,True,False,False,False,False,False,False,,,0.1,False,,,
00-0038658,2026,Adrian Martinez,QB,4.0,SF,SF,False,False,False,False,False,False,False,,,0.1,False,,,
00-0038660,2026,Trevor Nowaske,LB,53.0,DET,DET,False,False,False,False,False,False,False,,,0.1,False,,,
00-0038661,2026,Chris Smith,DL,90.0,DET,DET,False,False,False,False,False,False,False,,,0.1,False,,,
00-0038663,2026,Starling Thomas V,DB,24.0,ARI,ARI,False,False,False,False,False,False,False,,,0.1,False,,,
00-0038667,2026,Elijah Cooks,WR,80.0,NO,CAR,True,False,False,False,False,False,False,,,0.1,False,,,
00-0038678,2026,Jordan Mims,RB,41.0,TEN,PHI,True,False,False,False,False,False,False,,,0.1,False,,,
00-0038679,2026,Tyrell Shavers,WR,14.0,BUF,BUF,False,False,False,False,False,False,False,,,0.1,False,,,
00-0038684,2026,Ethan Bonner,DB,27.0,MIA,MIA,False,False,False,False,False,False,False,,,0.1,False,,,
00-0038685,2026,Chris Brooks,RB,30.0,GB,GB,False,False,False,False,False,False,False,,,0.1,False,,,
00-0038693,2026,Garrett Nelson,LB,59.0,DEN,NO,True,False,False,False,False,False,False,,,0.1,False,,,
00-0038694,2026,Brandon Pili,DL,95.0,SEA,SEA,False,False,False,False,False,False,False,,,0.1,False,,,
00-0038696,2026,Keidron Smith,DB,33.0,NYJ,CHI,True,False,False,False,False,False,False,,,0.1,False,,,
00-0038703,2026,Kendell Brooks,DB,30.0,TEN,TEN,False,False,False,False,False,False,False,,,0.1,False,,,
00-0038705,2026,Emari Demercado,RB,31.0,ARI,DAL,True,False,False,False,False,False,False,,,0.1,False,,,
00-0038710,2026,Blake Whiteheart,TE,86.0,CLE,CLE,False,False,False,False,False,False,False,,,0.1,False,,,
00-0038711,2026,Mohamoud Diabate,LB,44.0,CLE,TEN,True,False,False,False,False,False,False,,,0.1,False,,,
00-0038715,2026,Ronnie Hickman Jr.,DB,33.0,CLE,CLE,False,False,False,False,False,False,False,,,0.1,False,,,
00-0038716,2026,Jeremiah Martin,DL,69.0,CHI,CHI,False,False,False,False,False,False,False,,,0.1,False,,,
00-0038717,2026,Tanner McCalister,DB,34.0,DEN,KC,True,False,False,False,False,False,False,,,0.1,False,,,
00-0038720,2026,Julian Hill,TE,89.0,MIA,NE,True,False,False,False,False,False,False,,,0.1,False,,,
00-0038724,2026,Ali Gaye,DL,95.0,TEN,HOU,True,False,False,False,False,False,False,,,0.1,False,,,
00-0038728,2026,Jared Wayne,WR,17.0,HOU,HOU,False,False,False,False,False,False,False,,,0.1,False,,,
00-0038729,2026,Kilian Zierer,OL,78.0,JAX,JAX,False,False,False,False,False,False,False,,,0.1,False,,,
00-0038731,2026,TJ Bass,OL,66.0,DAL,DAL,False,False,False,False,False,False,False,,,0.1,False,,,
00-0038735,2026,Princeton Fant,TE,85.0,DAL,DAL,False,False,False,False,False,False,False,,,0.1,False,,,
00-0038737,2026,Isaiah Land,LB,58.0,DAL,DAL,False,False,False,False,False,False,False,,,0.1,False,,,
00-0038738,2026,Hunter Luepke,RB,30.0,DAL,DAL,False,False,False,False,False,False,False,,,0.1,False,,,
00-0038740,2026,Jalen Moreno-Cropper,WR,85.0,DAL,NO,True,False,False,False,False,False,False,,,0.1,False,,,
00-0038742,2026,Tyrus Wheat,LB,59.0,DET,DAL,True,False,False,False,False,False,False,,,0.1,False,,,
00-0038748,2026,B.T. Potter,K,33.0,,TB,False,True,False,False,False,False,False,,,0.1,False,,,
00-0038752,2026,Jake Bobo,WR,19.0,SEA,SEA,False,False,False,False,False,False,False,,,0.1,False,,,
00-0038764,2026,Patrick O'Connell,LB,52.0,SEA,SEA,False,False,False,False,False,False,False,,,0.1,False,,,
00-0038765,2026,Ty Okada,DB,39.0,SEA,SEA,False,False,False,False,False,False,False,,,0.1,False,,,
00-0038769,2026,Chris Stoll,LS,41.0,SEA,SEA,False,False,False,False,False,False,False,,,0.1,False,,,
00-0038776,2026,Ricky Lee,OL,66.0,JAX,JAX,False,False,False,False,False,False,False,,,0.1,False,,,
00-0038778,2026,Jalen Redmond,DL,61.0,MIN,MIN,False,False,False,False,False,False,False,,,0.1,False,,,
00-0038781,2026,Rejzohn Wright,DB,25.0,NO,NO,False,False,False,False,False,False,False,,,0.1,False,,,
00-0038782,2026,Eku Leota,LB,54.0,ARI,ARI,False,False,False,False,False,False,False,,,0.1,False,,,
00-0038783,2026,Nate Adkins,TE,45.0,DEN,DEN,False,False,False,False,False,False,False,,,0.1,False,,,
00-0038785,2026,Henry Byrd,OL,68.0,MIN,MIN,False,False,False,False,False,False,False,,,0.1,False,,,
00-0038788,2026,Art Green,DB,23.0,NYG,ARI,True,False,False,False,False,False,False,,,0.1,False,,,
00-0038791,2026,Thomas Incoom,LB,48.0,CAR,CAR,False,False,False,False,False,False,False,,,0.1,False,,,
00-0038792,2026,Demontrey Jacobs,OL,67.0,ARI,ARI,False,False,False,False,False,False,False,,,0.1,False,,,
00-0038794,2026,Jaleel McLaughlin,RB,38.0,DEN,CLE,True,False,False,False,False,False,False,,,0.1,False,,,
00-0038796,2026,Alex Palczewski,OL,63.0,DEN,DEN,False,False,False,False,False,False,False,,,0.1,False,,,
00-0038797,2026,Emanuel Wilson,RB,23.0,GB,SEA,True,False,False,False,False,False,False,,,0.1,False,,,
00-0038801,2026,Andre Carter II,LB,51.0,MIA,LAC,True,False,False,False,False,False,False,,,0.1,False,,,
00-0038807,2026,Ivan Pace Jr.,LB,0.0,MIN,MIN,False,False,False,False,False,False,False,,,0.1,False,,,
00-0038809,2026,Ben Sims,TE,89.0,MIN,MIA,True,False,False,False,False,False,False,,,0.1,False,,,
00-0038817,2026,Evan Deckers,LS,86.0,TB,TB,False,False,False,False,False,False,False,,,0.1,False,,,
00-0038818,2026,Luke Haggard,OL,72.0,TB,TB,False,False,False,False,False,False,False,,,0.1,False,,,
00-0038820,2026,Christian Izien,DB,5.0,TB,DET,True,False,False,False,False,False,False,,,0.1,False,,,
00-0038823,2026,Kaevon Merriweather,DB,26.0,HOU,JAX,True,False,False,False,False,False,False,,,0.1,False,,,
00-0038824,2026,Ryan Miller,WR,84.0,NYG,MIA,True,False,False,False,False,False,False,,,0.1,False,,,
00-0038839,2026,Mitchell Tinsley,WR,84.0,CIN,HOU,True,False,False,False,False,False,False,,,0.1,False,,,
00-0038840,2026,Brycen Tremayne,WR,87.0,CAR,CAR,False,False,False,False,False,False,False,,,0.1,False,,,
00-0038841,2026,Nick Whiteside,DB,38.0,DET,DET,False,False,False,False,False,False,False,,,0.1,False,,,
00-0038848,2026,Anthony Kendall,DB,30.0,CLE,BUF,True,False,False,False,False,False,False,,,0.1,False,,,
00-0038851,2026,Caleb Murphy,LB,50.0,NYG,LAC,True,False,False,False,False,False,False,,,0.1,False,,,
00-0038852,2026,John Ojukwu,OL,67.0,TEN,PHI,True,False,False,False,False,False,False,,,0.1,False,,,
00-0038853,2026,Otis Reese,LB,50.0,NE,BUF,True,False,False,False,False,False,False,,,0.1,False,,,
00-0038865,2026,Andrew Farmer,LB,50.0,SF,SF,False,False,False,False,False,False,False,,,0.1,False,,,
00-0038866,2026,AJ Finley,DB,30.0,SEA,SEA,False,False,False,False,False,False,False,,,0.1,False,,,
00-0038877,2026,D'Shawn Jamison,DB,38.0,PIT,ARI,True,False,False,False,False,False,False,,,0.1,False,,,
00-0038883,2026,Isaiah Winstead,WR,27.0,,PIT,False,True,False,False,False,False,False,,,0.1,False,,,
00-0038890,2026,Shaka Heyward,LB,50.0,CIN,CIN,False,False,False,False,False,False,False,,,0.1,False,,,
00-0038891,2026,Shedrick Jackson,WR,4.0,LV,LV,False,False,False,False,False,False,False,,,0.1,False,,,
00-0038893,2026,Devonnsha Maxwell,DL,73.0,,ATL,False,True,False,False,False,False,False,,,0.1,False,,,
00-0038896,2026,Jacob Saylors,RB,25.0,DET,DET,False,False,False,False,False,False,False,,,0.1,False,,,
00-0038905,2026,Blake Grupe,K,39.0,IND,NYJ,True,False,False,False,False,False,False,,,0.1,False,,,
00-0038908,2026,Anfernee Orji,LB,59.0,TEN,NYG,True,False,False,False,False,False,False,,,0.1,False,,,
00-0038911,2026,Malik Cunningham,WR,15.0,DET,DET,False,False,False,False,False,False,False,,,0.1,False,,,
00-0038922,2026,Drake Thomas,LB,32.0,SEA,SEA,False,False,False,False,False,False,False,,,0.1,False,,,
00-0038923,2026,Dalton Wagner,OL,78.0,LV,LV,False,False,False,False,False,False,False,,,0.1,False,,,
00-0038930,2026,Carlos Washington,RB,26.0,ATL,MIA,True,False,False,False,False,False,False,,,0.1,False,,,
00-0038932,2026,Darnell Wright,OL,58.0,CHI,CHI,False,False,False,False,False,False,False,,,0.1,False,,,
00-0038933,2026,Dalton Kincaid,TE,86.0,BUF,BUF,False,False,False,False,False,False,False,,,0.1,False,,,
00-0038934,2026,Anton Harrison,OL,77.0,JAX,JAX,False,False,False,False,False,False,False,,,0.1,False,,,
00-0038935,2026,Brenton Strange,TE,85.0,JAX,JAX,False,False,False,False,False,False,False,,,0.1,False,,,
00-0038936,2026,Juice Scruggs,OL,70.0,HOU,DET,True,False,False,False,False,False,False,,,0.1,False,,,
00-0038937,2026,Zacch Pickens,DL,93.0,KC,ATL,True,False,False,False,False,False,False,,,0.1,False,,,
00-0038938,2026,Jalin Hyatt,WR,81.0,NYG,NYG,False,False,False,False,False,False,False,,,0.1,False,,,
00-0038939,2026,Brodric Martin,DL,98.0,LV,ARI,True,False,False,False,False,False,False,,,0.1,False,,,
00-0038940,2026,Tyler Lacy,DL,93.0,DET,DET,False,False,False,False,False,False,False,,,0.1,False,,,
00-0038941,2026,Tyler Scott,WR,82.0,LA,LA,False,False,False,False,False,False,False,,,0.1,False,,,
00-0038951,2026,Sean Tucker,RB,44.0,TB,TB,False,False,False,False,False,False,False,,,0.1,False,,,
00-0038953,2026,Dylan Drummond,WR,80.0,ATL,ATL,False,False,False,False,False,False,False,,,0.1,False,,,
00-0038956,2026,Ekow Boye-Doe,DB,43.0,ARI,DET,True,False,False,False,False,False,False,,,0.1,False,,,
00-0038958,2026,Markees Watts,LB,61.0,TB,CLE,True,False,False,False,False,False,False,,,0.1,False,,,
00-0038966,2026,Natrone Brooks,DB,28.0,ATL,DET,True,False,False,False,False,False,False,,,0.1,False,,,
00-0038976,2026,Marvin Mims Jr.,WR,19.0,DEN,DEN,False,False,False,False,False,False,False,,,0.1,False,,,
00-0038977,2026,Tank Dell,WR,1.0,HOU,HOU,False,False,False,False,False,False,False,,,0.1,False,,,
00-0038978,2026,Byron Young,DL,94.0,PHI,PHI,False,False,False,False,False,False,False,,,0.1,False,,,
00-0038979,2026,Cedric Tillman,WR,13.0,CLE,NO,True,False,False,False,False,False,False,,,0.1,False,,,
00-0038980,2026,Zach Harrison,DL,96.0,ATL,ATL,False,False,False,False,False,False,False,,,0.1,False,,,
00-0038981,2026,Wanya Morris,OL,64.0,KC,DAL,True,False,False,False,False,False,False,,,0.1,False,,,
00-0038982,2026,Chamarri Conner,DB,27.0,KC,KC,False,False,False,False,False,False,False,,,0.1,False,,,
00-0038984,2026,Kei'Trel Clark,DB,13.0,ARI,ARI,False,False,False,False,False,False,False,,,0.1,False,,,
00-0038986,2026,Nic Jones,DB,31.0,NYG,NYG,False,False,False,False,False,False,False,,,0.1,False,,,
00-0038994,2026,Jordan Addison,WR,3.0,MIN,MIN,False,False,False,False,False,False,False,,,0.1,False,,,
00-0038995,2026,Bryan Bresee,DL,90.0,NO,NO,False,False,False,False,False,False,False,,,0.1,False,,,
00-0038996,2026,Tucker Kraft,TE,85.0,GB,GB,False,False,False,False,False,False,False,,,0.1,False,,,
00-0038997,2026,Josh Downs,WR,2.0,IND,IND,False,False,False,False,False,False,False,,,0.1,False,,,
00-0038998,2026,Jake Haener,QB,18.0,NO,NYG,True,False,False,False,False,False,False,,,0.1,False,,,
00-0039000,2026,Deonte Banks,DB,2.0,NYG,NYG,False,False,False,False,False,False,False,,,0.1,False,,,
00-0039001,2026,Tyler Steen,OL,56.0,PHI,PHI,False,False,False,False,False,False,False,,,0.1,False,,,
00-0039002,2026,Sydney Brown,DB,29.0,PHI,ATL,True,False,False,False,False,False,False,,,0.1,False,,,
00-0039003,2026,Drew Sanders,LB,41.0,DEN,DEN,False,False,False,False,False,False,False,,,0.1,False,,,
00-0039004,2026,Carter Warren,OL,77.0,ATL,MIA,True,False,False,False,False,False,False,,,0.1,False,,,
00-0039006,2026,Felix Anudike-Uzomah,DL,91.0,KC,KC,False,False,False,False,False,False,False,,,0.1,False,,,
00-0039007,2026,Garrett Williams,DB,21.0,ARI,ARI,False,False,False,False,False,False,False,,,0.1,False,,,
00-0039009,2026,Dylan Horton,DL,92.0,HOU,HOU,False,False,False,False,False,False,False,,,0.1,False,,,
00-0039010,2026,Braeden Daniels,OL,79.0,MIA,LV,True,False,False,False,False,False,False,,,0.1,False,,,
00-0039013,2026,Nolan Smith,LB,3.0,PHI,PHI,False,False,False,False,False,False,False,,,0.1,False,,,
00-0039014,2026,Dawand Jones,OL,79.0,CLE,CLE,False,False,False,False,False,False,False,,,0.1,False,,,
00-0039018,2026,Jack Campbell,LB,46.0,DET,DET,False,False,False,False,False,False,False,,,0.1,False,,,
00-0039019,2026,John Michael Schmitz,OL,61.0,NYG,NYG,False,False,False,False,False,False,False,,,0.1,False,,,
00-0039020,2026,Anthony Bradford,OL,75.0,SEA,SEA,False,False,False,False,False,False,False,,,0.1,False,,,
00-0039021,2026,Roschon Johnson,RB,23.0,CHI,CHI,False,False,False,False,False,False,False,,,0.1,False,,,
00-0039023,2026,Joel Wilson,TE,83.0,TEN,TEN,False,False,False,False,False,False,False,,,0.1,False,,,
00-0039030,2026,Jake Andrews,OL,60.0,HOU,HOU,False,False,False,False,False,False,False,,,0.1,False,,,
00-0039031,2026,Adetomiwa Adebawore,DL,95.0,IND,IND,False,False,False,False,False,False,False,,,0.1,False,,,
00-0039032,2026,Tyjae Spears,RB,2.0,TEN,TEN,False,False,False,False,False,False,False,,,0.1,False,,,
00-0039034,2026,Peter Skoronski,OL,77.0,TEN,TEN,False,False,False,False,False,False,False,,,0.1,False,,,
00-0039040,2026,De'Von Achane,RB,28.0,MIA,MIA,False,False,False,False,False,False,False,,,0.1,False,,,
00-0039041,2026,Elijah Higgins,TE,84.0,ARI,ARI,False,False,False,False,False,False,False,,,0.1,False,,,
00-0039042,2026,Ryan Hayes,OL,66.0,ATL,CAR,True,False,False,False,False,False,False,,,0.1,False,,,
00-0039047,2026,Derick Hall,LB,58.0,SEA,SEA,False,False,False,False,False,False,False,,,0.1,False,,,
00-0039048,2026,Matthew Bergeron,OL,65.0,ATL,ATL,False,False,False,False,False,False,False,,,0.1,False,,,
00-0039049,2026,SirVocea Dennis,LB,8.0,TB,TB,False,False,False,False,False,False,False,,,0.1,False,,,
00-0039050,2026,Payne Durham,TE,87.0,TB,TB,False,False,False,False,False,False,False,,,0.1,False,,,
00-0039051,2026,Josh Hayes,DB,32.0,TB,TB,False,False,False,False,False,False,False,,,0.1,False,,,
00-0039052,2026,Trey Palmer,WR,16.0,NO,NO,False,False,False,False,False,False,False,,,0.1,False,,,
00-0039053,2026,Jose Ramirez,LB,43.0,TB,NE,True,False,False,False,False,False,False,,,0.1,False,,,
00-0039054,2026,Marte Mapu,LB,14.0,NE,HOU,True,False,False,False,False,False,False,,,0.1,False,,,
00-0039058,2026,Steve Avila,OL,73.0,LA,LA,False,False,False,False,False,False,False,,,0.1,False,,,
00-0039059,2026,Ethan Evans,P,42.0,LA,LA,False,False,False,False,False,False,False,,,0.1,False,,,
00-0039060,2026,Jason Taylor II,DB,34.0,,DET,False,True,False,False,False,False,False,,,0.1,False,,,
00-0039061,2026,Desjuan Johnson,LB,94.0,LA,LA,False,False,False,False,False,False,False,,,0.1,False,,,
00-0039062,2026,Jonathan Mingo,WR,18.0,DAL,DAL,False,False,False,False,False,False,False,,,0.1,False,,,
00-0039063,2026,Calijah Kancey,DL,94.0,TB,TB,False,False,False,False,False,False,False,,,0.1,False,,,
00-0039064,2026,Zay Flowers,WR,4.0,BAL,BAL,False,False,False,False,False,False,False,,,0.1,False,,,
00-0039065,2026,Sam LaPorta,TE,87.0,DET,DET,False,False,False,False,False,False,False,,,0.1,False,,,
00-0039066,2026,Michael Mayer,TE,87.0,LV,LV,False,False,False,False,False,False,False,,,0.1,False,,,
00-0039067,2026,Rashee Rice,WR,4.0,KC,KC,False,False,False,False,False,False,False,,,0.1,False,,,
00-0039068,2026,Yaya Diaby,LB,0.0,TB,TB,False,False,False,False,False,False,False,,,0.1,False,,,
00-0039070,2026,Gervon Dexter Sr.,DL,95.0,CHI,ATL,True,False,False,False,False,False,False,,,0.1,False,,,
00-0039071,2026,Tyrique Stevenson,DB,29.0,CHI,CHI,False,False,False,False,False,False,False,,,0.1,False,,,
00-0039072,2026,Jakorian Bennett,DB,23.0,PHI,PHI,False,False,False,False,False,False,False,,,0.1,False,,,
00-0039074,2026,Davis Allen,TE,87.0,LA,LA,False,False,False,False,False,False,False,,,0.1,False,,,
00-0039075,2026,Puka Nacua,WR,12.0,LA,LA,False,False,False,False,False,False,False,,,0.1,False,,,
00-0039077,2026,Warren McClendon Jr.,OL,71.0,LA,LA,False,False,False,False,False,False,False,,,0.1,False,,,
00-0039107,2026,Stetson Bennett,QB,13.0,LA,LA,False,False,False,False,False,False,False,,,0.1,False,,,
00-0039108,2026,Will Anderson Jr.,DL,51.0,HOU,HOU,False,False,False,False,False,False,False,,,0.1,False,,,
00-0039109,2026,Broderick Jones,OL,77.0,PIT,DAL,True,False,False,False,False,False,False,,,0.1,False,,,
00-0039110,2026,Keeanu Benton,DL,95.0,PIT,PIT,False,False,False,False,False,False,False,,,0.1,False,,,
00-0039111,2026,Tuli Tuipulotu,LB,45.0,LAC,LAC,False,False,False,False,False,False,False,,,0.1,False,,,
00-0039112,2026,Lukas Van Ness,LB,90.0,GB,GB,False,False,False,False,False,False,False,,,0.1,False,,,
00-0039137,2026,Byron Young,LB,0.0,LA,LA,False,False,False,False,False,False,False,,,0.1,False,,,
00-0039138,2026,Kobie Turner,DL,91.0,LA,LA,False,False,False,False,False,False,False,,,0.1,False,,,
00-0039139,2026,Jahmyr Gibbs,RB,0.0,DET,DET,False,False,False,False,False,False,False,,,0.1,False,,,
00-0039140,2026,Kelee Ringo,DB,7.0,PHI,PHI,False,False,False,False,False,False,False,,,0.1,False,,,
00-0039141,2026,Brian Branch,DB,32.0,DET,DET,False,False,False,False,False,False,False,,,0.1,False,,,
00-0039142,2026,Will McDonald IV,LB,9.0,NYJ,NYJ,False,False,False,False,False,False,False,,,0.1,False,,,
00-0039143,2026,Isaiah Foskey,DL,51.0,CIN,CIN,False,False,False,False,False,False,False,,,0.1,False,,,
00-0039144,2026,Luke Musgrave,TE,88.0,GB,GB,False,False,False,False,False,False,False,,,0.1,False,,,
00-0039145,2026,Joe Tippmann,OL,66.0,NYJ,NYJ,False,False,False,False,False,False,False,,,0.1,False,,,
00-0039146,2026,Jayden Reed,WR,11.0,GB,GB,False,False,False,False,False,False,False,,,0.1,False,,,
00-0039147,2026,Christian Gonzalez,DB,0.0,NE,NE,False,False,False,False,False,False,False,,,0.1,False,,,
00-0039148,2026,Keion White,DL,56.0,SF,SF,False,False,False,False,False,False,False,,,0.1,False,,,
00-0039149,2026,Quan Martin,DB,20.0,WAS,WAS,False,False,False,False,False,False,False,,,0.1,False,,,
00-0039150,2026,Bryce Young,QB,9.0,CAR,CAR,False,False,False,False,False,False,False,,,0.1,False,,,
00-0039151,2026,Emmanuel Forbes,DB,1.0,LA,LA,False,False,False,False,False,False,False,,,0.1,False,,,
00-0039152,2026,Will Levis,QB,8.0,TEN,TEN,False,False,False,False,False,False,False,,,0.1,False,,,
00-0039155,2026,BJ Ojulari,LB,9.0,ARI,JAX,True,False,False,False,False,False,False,,,0.1,False,,,
00-0039156,2026,Julius Brents,DB,8.0,MIA,MIA,False,False,False,False,False,False,False,,,0.1,False,,,
00-0039157,2026,Cody Mauch,OL,69.0,TB,TB,False,False,False,False,False,False,False,,,0.1,False,,,
00-0039158,2026,Blake Freeland,OL,76.0,IND,CIN,True,False,False,False,False,False,False,,,0.1,False,,,
00-0039163,2026,C.J. Stroud,QB,7.0,HOU,HOU,False,False,False,False,False,False,False,,,0.1,False,,,
00-0039164,2026,Anthony Richardson,QB,5.0,IND,IND,False,False,False,False,False,False,False,,,0.1,False,,,
00-0039165,2026,Zach Charbonnet,RB,26.0,SEA,SEA,False,False,False,False,False,False,False,,,0.1,False,,,
00-0039167,2026,Joey Porter Jr.,DB,24.0,PIT,PIT,False,False,False,False,False,False,False,,,0.1,False,,,
00-0039169,2026,Devon Witherspoon,DB,21.0,SEA,SEA,False,False,False,False,False,False,False,,,0.1,False,,,
00-0039172,2026,Jake Bates,K,39.0,DET,DET,False,False,False,False,False,False,False,,,0.1,False,,,
00-0039174,2026,Chukwuebuka Godrick,OL,79.0,KC,MIA,True,False,False,False,False,False,False,,,0.1,False,,,
00-0039176,2026,Basil Okoye,DL,99.0,BAL,NYG,True,False,False,False,False,False,False,,,0.1,False,,,
00-0039177,2026,David Agoha,DL,53.0,TEN,DEN,True,False,False,False,False,False,False,,,0.1,False,,,
00-0039178,2026,Austin Ajiake,LB,58.0,IND,IND,False,False,False,False,False,False,False,,,0.1,False,,,
00-0039207,2026,Durell Nchami,DL,74.0,IND,IND,False,False,False,False,False,False,False,,,0.1,False,,,
00-0039229,2026,Charlie Smyth,K,39.0,NO,NO,False,False,False,False,False,False,False,,,0.1,False,,,
00-0039232,2026,Nate Wiggins,DB,2.0,BAL,BAL,False,False,False,False,False,False,False,,,0.1,False,,,
00-0039233,2026,Roger Rosengarten,OL,70.0,BAL,BAL,False,False,False,False,False,False,False,,,0.1,False,,,
00-0039234,2026,T.J. Tampa,DB,27.0,BAL,BAL,False,False,False,False,False,False,False,,,0.1,False,,,
00-0039236,2026,Johnny Wilson,WR,89.0,PHI,PHI,False,False,False,False,False,False,False,,,0.1,False,,,
00-0039237,2026,Nick Samac,OL,62.0,CAR,MIN,True,False,False,False,False,False,False,,,0.1,False,,,
00-0039239,2026,Kalen King,DB,35.0,ARI,ARI,False,False,False,False,False,False,False,,,0.1,False,,,
00-0039241,2026,Beau Brade,DB,34.0,NYG,NYG,False,False,False,False,False,False,False,,,0.1,False,,,
00-0039242,2026,Corey Bullock,OL,67.0,BAL,CAR,True,False,False,False,False,False,False,,,0.1,False,,,
00-0039244,2026,Chris Collier,RB,33.0,LV,LV,False,False,False,False,False,False,False,,,0.1,False,,,
00-0039245,2026,Ryan Cooper Jr.,DB,40.0,NYJ,DET,True,False,False,False,False,False,False,,,0.1,False,,,
00-0039246,2026,Darrian Dalcourt,OL,61.0,CLE,NE,True,False,False,False,False,False,False,,,0.1,False,,,
00-0039259,2026,Dayton Wade,WR,18.0,BAL,BAL,False,False,False,False,False,False,False,,,0.1,False,,,
00-0039262,2026,Gottlieb Ayedze,OL,72.0,LV,MIA,True,False,False,False,False,False,False,,,0.1,False,,,
00-0039263,2026,McCallan Castles,TE,47.0,GB,GB,False,False,False,False,False,False,False,,,0.1,False,,,
00-0039265,2026,Gabe Hall,DL,96.0,PHI,PHI,False,False,False,False,False,False,False,,,0.1,False,,,
00-0039266,2026,Kendall Milton,RB,36.0,CIN,CIN,False,False,False,False,False,False,False,,,0.1,False,,,
00-0039267,2026,Andre' Sam,DB,32.0,PHI,PHI,False,False,False,False,False,False,False,,,0.1,False,,,
00-0039268,2026,Peter Bowden,LS,59.0,LAC,LAC,False,False,False,False,False,False,False,,,0.1,False,,,
00-0039272,2026,Donovan Jennings,OL,67.0,GB,GB,False,False,False,False,False,False,False,,,0.1,False,,,
00-0039275,2026,Messiah Swinson,TE,84.0,GB,CLE,True,False,False,False,False,False,False,,,0.1,False,,,
00-0039277,2026,Jimmy Ciarlo,LB,35.0,MIA,TEN,True,False,False,False,False,False,False,,,0.1,False,,,
00-0039284,2026,Braiden McGregor,LB,55.0,NYJ,NYJ,False,False,False,False,False,False,False,,,0.1,False,,,
00-0039285,2026,Jarius Monroe,DB,25.0,NYJ,NYJ,False,False,False,False,False,False,False,,,0.1,False,,,
00-0039288,2026,Jackson Sirmon,LB,47.0,NYJ,NO,True,False,False,False,False,False,False,,,0.1,False,,,
00-0039289,2026,Leonard Taylor III,DL,93.0,NE,NE,False,False,False,False,False,False,False,,,0.1,False,,,
00-0039292,2026,Shemar Bartholomew,DB,45.0,GB,TEN,True,False,False,False,False,False,False,,,0.1,False,,,
00-0039299,2026,George Holani,RB,36.0,SEA,SEA,False,False,False,False,False,False,False,,,0.1,False,,,
00-0039305,2026,Jack Westover,TE,89.0,NE,WAS,True,False,False,False,False,False,False,,,0.1,False,,,
00-0039309,2026,Byron Murphy II,DL,91.0,SEA,SEA,False,False,False,False,False,False,False,,,0.1,False,,,
00-0039310,2026,Trevor Keegan,OL,69.0,DAL,MIN,True,False,False,False,False,False,False,,,0.1,False,,,
00-0039312,2026,Miles Battle,DB,35.0,NE,MIA,True,False,False,False,False,False,False,,,0.1,False,,,
00-0039313,2026,Swayze Bozeman,LB,47.0,NYG,CIN,True,False,False,False,False,False,False,,,0.1,False,,,
00-0039317,2026,Ethan Driskell,OL,75.0,KC,KC,False,False,False,False,False,False,False,,,0.1,False,,,
00-0039318,2026,Curtis Jacobs,LB,57.0,TEN,WAS,True,False,False,False,False,False,False,,,0.1,False,,,
00-0039322,2026,D.J. Miller,DB,46.0,DET,BUF,True,False,False,False,False,False,False,,,0.1,False,,,
00-0039323,2026,Ryan Rehkow,P,8.0,CIN,CIN,False,False,False,False,False,False,False,,,0.1,False,,,
00-0039324,2026,Christian Roland-Wallace,DB,30.0,KC,KC,False,False,False,False,False,False,False,,,0.1,False,,,
00-0039325,2026,Carson Steele,RB,34.0,KC,PHI,True,False,False,False,False,False,False,,,0.1,False,,,
00-0039329,2026,Julian Hicks,WR,82.0,GB,SEA,True,False,False,False,False,False,False,,,0.1,False,,,
00-0039333,2026,Brandon Codrington,DB,17.0,BUF,SF,True,False,False,False,False,False,False,,,0.1,False,,,
00-0039337,2026,Malik Nabers,WR,1.0,NYG,NYG,False,False,False,False,False,False,False,,,0.1,False,,,
00-0039338,2026,Brock Bowers,TE,89.0,LV,LV,False,False,False,False,False,False,False,,,0.1,False,,,
00-0039339,2026,Taliese Fuaga,OL,75.0,NO,NO,False,False,False,False,False,False,False,,,0.1,False,,,
00-0039340,2026,Laiatu Latu,DL,97.0,IND,IND,False,False,False,False,False,False,False,,,0.1,False,,,
00-0039341,2026,Tyler Guyton,OL,60.0,DAL,DAL,False,False,False,False,False,False,False,,,0.1,False,,,
00-0039342,2026,Xavier Legette,WR,17.0,CAR,CAR,False,False,False,False,False,False,False,,,0.1,False,,,
00-0039343,2026,Kamari Lassiter,DB,3.0,HOU,HOU,False,False,False,False,False,False,False,,,0.1,False,,,
00-0039344,2026,Jonathon Brooks,RB,25.0,CAR,CAR,False,False,False,False,False,False,False,,,0.1,False,,,
00-0039345,2026,Renardo Green,DB,0.0,SF,SF,False,False,False,False,False,False,False,,,0.1,False,,,
00-0039346,2026,Junior Colson,LB,25.0,LAC,LAC,False,False,False,False,False,False,False,,,0.1,False,,,
00-0039347,2026,Trevin Wallace,LB,49.0,CAR,NYJ,True,False,False,False,False,False,False,,,0.1,False,,,
00-0039348,2026,Cooper Beebe,OL,56.0,DAL,DAL,False,False,False,False,False,False,False,,,0.1,False,,,
00-0039349,2026,DJ Glaze,OL,71.0,LV,LV,False,False,False,False,False,False,False,,,0.1,False,,,
00-0039350,2026,Zak Zinter,OL,70.0,CLE,CLE,False,False,False,False,False,False,False,,,0.1,False,,,
00-0039351,2026,Dominick Puni,OL,77.0,SF,SF,False,False,False,False,False,False,False,,,0.1,False,,,
00-0039352,2026,Marist Liufau,LB,35.0,DAL,DAL,False,False,False,False,False,False,False,,,0.1,False,,,
00-0039353,2026,Jarrian Jones,DB,4.0,JAX,JAX,False,False,False,False,False,False,False,,,0.1,False,,,
00-0039354,2026,McKinnley Jackson,DL,91.0,CIN,SF,True,False,False,False,False,False,False,,,0.1,False,,,
00-0039355,2026,Luke McCaffrey,WR,11.0,WAS,WAS,False,False,False,False,False,False,False,,,0.1,False,,,
00-0039356,2026,Ja'Tavion Sanders,TE,0.0,CAR,CAR,False,False,False,False,False,False,False,,,0.1,False,,,
00-0039357,2026,Decamerion Richardson,DB,25.0,LV,NO,True,False,False,False,False,False,False,,,0.1,False,,,
00-0039358,2026,Mason McCormick,OL,66.0,PIT,PIT,False,False,False,False,False,False,False,,,0.1,False,,,
00-0039359,2026,Cade Stover,TE,8.0,HOU,HOU,False,False,False,False,False,False,False,,,0.1,False,,,
00-0039360,2026,Malik Mustapha,DB,6.0,SF,SF,False,False,False,False,False,False,False,,,0.1,False,,,
00-0039361,2026,Bucky Irving,RB,7.0,TB,TB,False,False,False,False,False,False,False,,,0.1,False,,,
00-0039362,2026,Giovanni Manu,OL,59.0,DET,DET,False,False,False,False,False,False,False,,,0.1,False,,,
00-0039363,2026,Isaac Guerendo,RB,31.0,SF,SF,False,False,False,False,False,False,False,,,0.1,False,,,
00-0039364,2026,Sione Vaki,RB,33.0,DET,DET,False,False,False,False,False,False,False,,,0.1,False,,,
00-0039365,2026,Jacob Cowing,WR,4.0,SF,SF,False,False,False,False,False,False,False,,,0.1,False,,,
00-0039366,2026,Tarheeb Still,DB,4.0,LAC,LAC,False,False,False,False,False,False,False,,,0.1,False,,,
00-0039368,2026,Jordan Magee,LB,58.0,WAS,WAS,False,False,False,False,False,False,False,,,0.1,False,,,
00-0039369,2026,Cam Hart,DB,20.0,LAC,LAC,False,False,False,False,False,False,False,,,0.1,False,,,
00-0039370,2026,JD Bertrand,LB,40.0,ATL,ATL,False,False,False,False,False,False,False,,,0.1,False,,,
00-0039371,2026,Kris Abrams-Draine,DB,31.0,DEN,DEN,False,False,False,False,False,False,False,,,0.1,False,,,
00-0039372,2026,Jarvis Brownlee Jr.,DB,2.0,NYJ,NYJ,False,False,False,False,False,False,False,,,0.1,False,,,
00-0039373,2026,Audric Estimé,RB,30.0,NO,NO,False,False,False,False,False,False,False,,,0.1,False,,,
00-0039374,2026,Tommy Eichenberg,LB,44.0,LV,LV,False,False,False,False,False,False,False,,,0.1,False,,,
00-0039375,2026,Josh Newton,DB,28.0,CIN,CIN,False,False,False,False,False,False,False,,,0.1,False,,,
00-0039376,2026,Spencer Rattler,QB,2.0,NO,NO,False,False,False,False,False,False,False,,,0.1,False,,,
00-0039377,2026,Jaylon Carlies,LB,57.0,IND,IND,False,False,False,False,False,False,False,,,0.1,False,,,
00-0039378,2026,Deantre Prince,DB,37.0,JAX,CHI,True,False,False,False,False,False,False,,,0.1,False,,,
00-0039379,2026,Jamari Thrash,WR,80.0,CLE,CLE,False,False,False,False,False,False,False,,,0.1,False,,,
00-0039380,2026,Chau Smith-Wade,DB,26.0,CAR,CAR,False,False,False,False,False,False,False,,,0.1,False,,,
00-0039381,2026,Dominique Hampton,LB,40.0,CHI,TEN,True,False,False,False,False,False,False,,,0.1,False,,,
00-0039382,2026,Christian Jones,OL,72.0,ARI,CHI,True,False,False,False,False,False,False,,,0.1,False,,,
00-0039383,2026,Jaylin Simpson,DB,32.0,GB,MIA,True,False,False,False,False,False,False,,,0.1,False,,,
00-0039384,2026,Tyrone Tracy Jr.,RB,29.0,NYG,NYG,False,False,False,False,False,False,False,,,0.1,False,,,
00-0039386,2026,Bub Means,WR,81.0,NO,CLE,True,False,False,False,False,False,False,,,0.1,False,,,
00-0039387,2026,Caelen Carson,DB,21.0,DAL,DAL,False,False,False,False,False,False,False,,,0.1,False,,,
00-0039388,2026,Jaylan Ford,LB,53.0,NO,NO,False,False,False,False,False,False,False,,,0.1,False,,,
00-0039389,2026,Logan Lee,DL,91.0,PIT,PIT,False,False,False,False,False,False,False,,,0.1,False,,,
00-0039390,2026,Marcellas Dial Jr.,DB,24.0,NE,MIA,True,False,False,False,False,False,False,,,0.1,False,,,
00-0039391,2026,Kimani Vidal,RB,28.0,LAC,LAC,False,False,False,False,False,False,False,,,0.1,False,,,
00-0039392,2026,Jha'Quan Jackson,WR,39.0,NO,TB,True,False,False,False,False,False,False,,,0.1,False,,,
00-0039394,2026,Casey Washington,WR,85.0,ATL,CAR,True,False,False,False,False,False,False,,,0.1,False,,,
00-0039395,2026,Jamal Hill,LB,56.0,HOU,HOU,False,False,False,False,False,False,False,,,0.1,False,,,
00-0039396,2026,Mekhi Wingo,DL,94.0,DET,DET,False,False,False,False,False,False,False,,,0.1,False,,,
00-0039397,2026,Tejhaun Palmer,WR,80.0,ARI,NE,True,False,False,False,False,False,False,,,0.1,False,,,
00-0039398,2026,Joe Milton III,QB,10.0,DAL,DAL,False,False,False,False,False,False,False,,,0.1,False,,,
00-0039400,2026,Zion Logue,DL,69.0,BUF,CLE,True,False,False,False,False,False,False,,,0.1,False,,,
00-0039401,2026,Khristian Boyd,DL,97.0,NO,NO,False,False,False,False,False,False,False,,,0.1,False,,,
00-0039402,2026,Jaden Crumedy,DL,95.0,CAR,HOU,True,False,False,False,False,False,False,,,0.1,False,,,
00-0039404,2026,Will Reichard,K,16.0,MIN,MIN,False,False,False,False,False,False,False,,,0.1,False,,,
00-0039405,2026,Jawhar Jordan,RB,25.0,HOU,HOU,False,False,False,False,False,False,False,,,0.1,False,,,
00-0039406,2026,Nathaniel Watson,LB,40.0,CLE,CLE,False,False,False,False,False,False,False,,,0.1,False,,,
00-0039407,2026,Dylan Laube,RB,23.0,LV,LV,False,False,False,False,False,False,False,,,0.1,False,,,
00-0039408,2026,Christian Mahogany,OL,73.0,DET,DET,False,False,False,False,False,False,False,,,0.1,False,,,
00-0039409,2026,Cam Little,K,39.0,JAX,JAX,False,False,False,False,False,False,False,,,0.1,False,,,
00-0039410,2026,Ryan Flournoy,WR,19.0,DAL,DAL,False,False,False,False,False,False,False,,,0.1,False,,,
00-0039411,2026,Elijah Klein,OL,67.0,TB,DET,True,False,False,False,False,False,False,,,0.1,False,,,
00-0039412,2026,Javontae Jean-Baptiste,LB,41.0,WAS,WAS,False,False,False,False,False,False,False,,,0.1,False,,,
00-0039414,2026,Daijahn Anthony,DB,33.0,CIN,CIN,False,False,False,False,False,False,False,,,0.1,False,,,
00-0039417,2026,Myles Harden,DB,26.0,CLE,CLE,False,False,False,False,False,False,False,,,0.1,False,,,
00-0039418,2026,MJ Devonshire,DB,28.0,BUF,GB,True,False,False,False,False,False,False,,,0.1,False,,,
00-0039419,2026,Michael Jurgens,OL,65.0,MIN,MIN,False,False,False,False,False,False,False,,,0.1,False,,,
00-0039420,2026,Jaheim Bell,TE,82.0,PIT,PIT,False,False,False,False,False,False,False,,,0.1,False,,,
00-0039421,2026,Levi Drake Rodriguez,DL,50.0,MIN,MIN,False,False,False,False,False,False,False,,,0.1,False,,,
00-0039422,2026,Nathan Thomas,OL,78.0,DAL,HOU,True,False,False,False,False,False,False,,,0.1,False,,,
00-0039423,2026,Jonah Laulu,DL,96.0,LV,LV,False,False,False,False,False,False,False,,,0.1,False,,,
00-0039424,2026,Devaughn Vele,WR,14.0,NO,NO,False,False,False,False,False,False,False,,,0.1,False,,,
00-0039425,2026,Myles Cole,DL,57.0,CIN,NO,True,False,False,False,False,False,False,,,0.1,False,,,
00-0039427,2026,Solomon Byrd,DL,50.0,HOU,HOU,False,False,False,False,False,False,False,,,0.1,False,,,
00-0039429,2026,Michael Barrett,LB,54.0,LV,BAL,True,False,False,False,False,False,False,,,0.1,False,,,
00-0039430,2026,James Williams,LB,52.0,TEN,TEN,False,False,False,False,False,False,False,,,0.1,False,,,
00-0039431,2026,Jowon Briggs,DL,91.0,NYJ,NYJ,False,False,False,False,False,False,False,,,0.1,False,,,
00-0039433,2026,Marcus Harris,DL,96.0,KC,KC,False,False,False,False,False,False,False,,,0.1,False,,,
00-0039435,2026,Tatum Bethune,LB,48.0,SF,SF,False,False,False,False,False,False,False,,,0.1,False,,,
00-0039436,2026,Jaylen Harrell,LB,92.0,TEN,TEN,False,False,False,False,False,False,False,,,0.1,False,,,
00-0039437,2026,Cornelius Johnson,WR,86.0,BAL,BAL,False,False,False,False,False,False,False,,,0.1,False,,,
00-0039438,2026,Nick Gargiulo,OL,66.0,DEN,DEN,False,False,False,False,False,False,False,,,0.1,False,,,
00-0039442,2026,Kingsley Eguakun,OL,67.0,CLE,NYG,True,False,False,False,False,False,False,,,0.1,False,,,
00-0039445,2026,Hogan Hatten,LS,49.0,DET,DET,False,False,False,False,False,False,False,,,0.1,False,,,
00-0039446,2026,Bryan Hudson,OL,60.0,NYG,NYG,False,False,False,False,False,False,False,,,0.1,False,,,
00-0039447,2026,Nate Lynn,LB,92.0,TEN,NYJ,True,False,False,False,False,False,False,,,0.1,False,,,
00-0039451,2026,Isaiah Williams,WR,18.0,NYJ,NYJ,False,False,False,False,False,False,False,,,0.1,False,,,
00-0039454,2026,Beanie Bishop,DB,25.0,NO,CHI,True,False,False,False,False,False,False,,,0.1,False,,,
00-0039457,2026,Jacoby Windmon,LB,53.0,CAR,PIT,True,False,False,False,False,False,False,,,0.1,False,,,
00-0039459,2026,Theo Benedet,OL,79.0,CHI,CHI,False,False,False,False,False,False,False,,,0.1,False,,,
00-0039460,2026,Carl Jones,LB,48.0,BAL,BAL,False,False,False,False,False,False,False,,,0.1,False,,,
00-0039461,2026,Jamree Kromah,DL,59.0,CHI,CHI,False,False,False,False,False,False,False,,,0.1,False,,,
00-0039464,2026,Austin Reed,QB,15.0,CHI,BAL,True,False,False,False,False,False,False,,,0.1,False,,,
00-0039465,2026,Reddy Steward,DB,27.0,DAL,DAL,False,False,False,False,False,False,False,,,0.1,False,,,
00-0039466,2026,Ian Wheeler,RB,27.0,NO,BUF,True,False,False,False,False,False,False,,,0.1,False,,,
00-0039469,2026,Te'Cory Couch,DB,33.0,BUF,BUF,False,False,False,False,False,False,False,,,0.1,False,,,
00-0039471,2026,Frank Gore Jr.,RB,20.0,BUF,BUF,False,False,False,False,False,False,False,,,0.1,False,,,
00-0039473,2026,Xavier Johnson,WR,18.0,CIN,CIN,False,False,False,False,False,False,False,,,0.1,False,,,
00-0039477,2026,Jack Browning,P,49.0,,ARI,False,True,False,False,False,False,False,,,0.1,False,,,
00-0039481,2026,Storm Duck,DB,29.0,MIA,MIA,False,False,False,False,False,False,False,,,0.1,False,,,
00-0039485,2026,Andrew Meyer,OL,60.0,MIA,MIA,False,False,False,False,False,False,False,,,0.1,False,,,
00-0039488,2026,Mark Perry,DB,41.0,GB,GB,False,False,False,False,False,False,False,,,0.1,False,,,
00-0039489,2026,Hayden Rucci,TE,83.0,SF,JAX,True,False,False,False,False,False,False,,,0.1,False,,,
00-0039491,2026,Jalen Coker,WR,18.0,CAR,CAR,False,False,False,False,False,False,False,,,0.1,False,,,
00-0039494,2026,Kenny Dyson,LB,54.0,,MIN,False,True,False,False,False,False,False,,,0.1,False,,,
00-0039498,2026,Harrison Mevis,K,92.0,LA,LA,False,False,False,False,False,False,False,,,0.1,False,,,
00-0039506,2026,Alex Johnson,DB,36.0,LA,LA,False,False,False,False,False,False,False,,,0.1,False,,,
00-0039507,2026,Marcellus Johnson,OL,79.0,DAL,DAL,False,False,False,False,False,False,False,,,0.1,False,,,
00-0039508,2026,Jake Kubas,OL,63.0,NYG,NE,True,False,False,False,False,False,False,,,0.1,False,,,
00-0039510,2026,Casey Rogers,DL,65.0,NYG,NE,True,False,False,False,False,False,False,,,0.1,False,,,
00-0039513,2026,Chris Edmonds,DB,41.0,CLE,CLE,False,False,False,False,False,False,False,,,0.1,False,,,
00-0039515,2026,Winston Reid,LB,59.0,CLE,CLE,False,False,False,False,False,False,False,,,0.1,False,,,
00-0039518,2026,Treyton Welch,TE,82.0,NO,NO,False,False,False,False,False,False,False,,,0.1,False,,,
00-0039521,2026,Xavier Weaver,WR,89.0,ARI,ARI,False,False,False,False,False,False,False,,,0.1,False,,,
00-0039526,2026,Emany Johnson,LB,50.0,LAC,LAC,False,False,False,False,False,False,False,,,0.1,False,,,
00-0039530,2026,Brevyn Spann-Ford,TE,89.0,DAL,DAL,False,False,False,False,False,False,False,,,0.1,False,,,
00-0039532,2026,Julius Wood,DB,25.0,DAL,MIA,True,False,False,False,False,False,False,,,0.1,False,,,
00-0039534,2026,Carter Bradley,QB,10.0,JAX,JAX,False,False,False,False,False,False,False,,,0.1,False,,,
00-0039535,2026,Andrew Coker,OL,79.0,CIN,CIN,False,False,False,False,False,False,False,,,0.1,False,,,
00-0039539,2026,Amari Gainer,LB,53.0,NE,MIA,True,False,False,False,False,False,False,,,0.1,False,,,
00-0039544,2026,Will Putnam,OL,67.0,LV,LV,False,False,False,False,False,False,False,,,0.1,False,,,
00-0039548,2026,Ron Stone Jr.,LB,53.0,,DEN,False,True,False,False,False,False,False,,,0.1,False,,,
00-0039550,2026,Shawn Bowman,TE,44.0,JAX,ARI,True,False,False,False,False,False,False,,,0.1,False,,,
00-0039555,2026,Steven Jones,OL,79.0,PIT,PIT,False,False,False,False,False,False,False,,,0.1,False,,,
00-0039565,2026,Levelle Bailey,LB,56.0,DEN,DEN,False,False,False,False,False,False,False,,,0.1,False,,,
00-0039567,2026,Nik Constantinou,P,30.0,,CLE,False,True,False,False,False,False,False,,,0.1,False,,,
00-0039568,2026,Frank Crum,OL,73.0,DEN,DEN,False,False,False,False,False,False,False,,,0.1,False,,,
00-0039570,2026,Jordan Miller,DL,96.0,DEN,MIA,True,False,False,False,False,False,False,,,0.1,False,,,
00-0039576,2026,Spencer Shrader,K,3.0,IND,IND,False,False,False,False,False,False,False,,,0.1,False,,,
00-0039577,2026,Kedon Slovis,QB,17.0,ARI,GB,True,False,False,False,False,False,False,,,0.1,False,,,
00-0039578,2026,Dalton Tucker,OL,68.0,IND,IND,False,False,False,False,False,False,False,,,0.1,False,,,
00-0039586,2026,Tyrek Funderburk,DB,20.0,MIN,CAR,True,False,False,False,False,False,False,,,0.1,False,,,
00-0039587,2026,Antonio Grier Jr.,LB,30.0,TB,CHI,True,False,False,False,False,False,False,,,0.1,False,,,
00-0039589,2026,Kameron Johnson,WR,19.0,TB,TB,False,False,False,False,False,False,False,,,0.1,False,,,
00-0039596,2026,Rashad Wisdom,DB,38.0,TB,TB,False,False,False,False,False,False,False,,,0.1,False,,,
00-0039601,2026,Demani Richardson,DB,36.0,CAR,CAR,False,False,False,False,False,False,False,,,0.1,False,,,
00-0039603,2026,British Brooks,RB,44.0,HOU,HOU,False,False,False,False,False,False,False,,,0.1,False,,,
00-0039609,2026,Kyler Baugh,DL,65.0,PIT,PIT,False,False,False,False,False,False,False,,,0.1,False,,,
00-0039612,2026,Sincere Haynesworth,OL,61.0,ARI,BUF,True,False,False,False,False,False,False,,,0.1,False,,,
00-0039620,2026,Rico Payton,DB,36.0,NYG,NYG,False,False,False,False,False,False,False,,,0.1,False,,,
00-0039622,2026,Isaiah Stalbird,LB,44.0,NO,NO,False,False,False,False,False,False,False,,,0.1,False,,,
00-0039623,2026,Mason Tipton,WR,15.0,NO,NO,False,False,False,False,False,False,False,,,0.1,False,,,
00-0039624,2026,Kyle Hergel,OL,60.0,CHI,CHI,False,False,False,False,False,False,False,,,0.1,False,,,
00-0039626,2026,Cole Burgess,WR,85.0,CIN,PIT,True,False,False,False,False,False,False,,,0.1,False,,,
00-0039631,2026,Cam Grandy,TE,83.0,CIN,MIN,True,False,False,False,False,False,False,,,0.1,False,,,
00-0039632,2026,PJ Jules,DB,37.0,CIN,CIN,False,False,False,False,False,False,False,,,0.1,False,,,
00-0039634,2026,Austin McNamara,P,14.0,NYJ,NYJ,False,False,False,False,False,False,False,,,0.1,False,,,
00-0039637,2026,Maema Njongmeta,LB,45.0,CAR,CAR,False,False,False,False,False,False,False,,,0.1,False,,,
00-0039644,2026,Isaiah Iton,DL,62.0,NE,NE,False,False,False,False,False,False,False,,,0.1,False,,,
00-0039648,2026,David Martin-Robinson,TE,88.0,TEN,TEN,False,False,False,False,False,False,False,,,0.1,False,,,
00-0039650,2026,Bryce Oliver,WR,80.0,TEN,HOU,True,False,False,False,False,False,False,,,0.1,False,,,
00-0039652,2026,Jabari Small,RB,26.0,DET,DET,False,False,False,False,False,False,False,,,0.1,False,,,
00-0039660,2026,Thomas Harper,DB,12.0,DET,DET,False,False,False,False,False,False,False,,,0.1,False,,,
00-0039676,2026,Chigozie Anusiem,DB,29.0,LV,LV,False,False,False,False,False,False,False,,,0.1,False,,,
00-0039677,2026,Sam Hartman,QB,15.0,WAS,WAS,False,False,False,False,False,False,False,,,0.1,False,,,
00-0039679,2026,Ben Nikkel,WR,34.0,IND,IND,False,False,False,False,False,False,False,,,0.1,False,,,
00-0039681,2026,Tyler Owens,DB,18.0,WAS,WAS,False,False,False,False,False,False,False,,,0.1,False,,,
00-0039685,2026,A.J. Woods,DB,20.0,ATL,ATL,False,False,False,False,False,False,False,,,0.1,False,,,
00-0039686,2026,Colson Yankoff,TE,80.0,WAS,WAS,False,False,False,False,False,False,False,,,0.1,False,,,
00-0039692,2026,Dell Pettus,DB,24.0,NE,NE,False,False,False,False,False,False,False,,,0.1,False,,,
00-0039696,2026,Evan Anderson,DL,90.0,SF,SF,False,False,False,False,False,False,False,,,0.1,False,,,
00-0039697,2026,Jaylen Mahoney,DB,39.0,NYJ,PHI,True,False,False,False,False,False,False,,,0.1,False,,,
00-0039700,2026,Drake Nugent,OL,66.0,SF,SF,False,False,False,False,False,False,False,,,0.1,False,,,
00-0039702,2026,Mason Pline,TE,46.0,NO,KC,True,False,False,False,False,False,False,,,0.1,False,,,
00-0039703,2026,Cody Schrader,RB,25.0,DEN,DEN,False,False,False,False,False,False,False,,,0.1,False,,,
00-0039710,2026,Jeshaun Jones,WR,82.0,MIN,MIN,False,False,False,False,False,False,False,,,0.1,False,,,
00-0039714,2026,Dwight McGlothern,DB,6.0,MIN,MIN,False,False,False,False,False,False,False,,,0.1,False,,,
00-0039716,2026,Doug Nester,OL,72.0,PIT,PIT,False,False,False,False,False,False,False,,,0.1,False,,,
00-0039718,2026,Bo Richter,LB,98.0,MIN,MIN,False,False,False,False,False,False,False,,,0.1,False,,,
00-0039720,2026,Taki Taimani,DL,94.0,MIN,MIN,False,False,False,False,False,False,False,,,0.1,False,,,
00-0039722,2026,JaQuae Jackson,WR,82.0,LAC,LAC,False,False,False,False,False,False,False,,,0.1,False,,,
00-0039725,2026,Jayden Price,DB,38.0,NO,NO,False,False,False,False,False,False,False,,,0.1,False,,,
00-0039731,2026,JC Latham,OL,55.0,TEN,TEN,False,False,False,False,False,False,False,,,0.1,False,,,
00-0039732,2026,Bo Nix,QB,10.0,DEN,DEN,False,False,False,False,False,False,False,,,0.1,False,,,
00-0039733,2026,Ruke Orhorhoro,DL,99.0,ATL,JAX,True,False,False,False,False,False,False,,,0.1,False,,,
00-0039734,2026,Braden Fiske,DL,55.0,LA,LA,False,False,False,False,False,False,False,,,0.1,False,,,
00-0039735,2026,Jackson Powers-Johnson,OL,58.0,LV,LV,False,False,False,False,False,False,False,,,0.1,False,,,
00-0039736,2026,Matt Goncalves,OL,71.0,IND,IND,False,False,False,False,False,False,False,,,0.1,False,,,
00-0039737,2026,Tip Reiman,TE,87.0,ARI,ARI,False,False,False,False,False,False,False,,,0.1,False,,,
00-0039738,2026,Blake Corum,RB,24.0,LA,LA,False,False,False,False,False,False,False,,,0.1,False,,,
00-0039739,2026,Roman Wilson,WR,14.0,PIT,PIT,False,False,False,False,False,False,False,,,0.1,False,,,
00-0039740,2026,Jalyx Hunt,LB,58.0,PHI,PHI,False,False,False,False,False,False,False,,,0.1,False,,,
00-0039741,2026,Payton Wilson,LB,41.0,PIT,PIT,False,False,False,False,False,False,False,,,0.1,False,,,
00-0039742,2026,Javon Foster,OL,73.0,CIN,CIN,False,False,False,False,False,False,False,,,0.1,False,,,
00-0039743,2026,Jordan Jefferson,DL,95.0,CIN,LAC,True,False,False,False,False,False,False,,,0.1,False,,,
00-0039744,2026,Tanor Bortolini,OL,60.0,IND,IND,False,False,False,False,False,False,False,,,0.1,False,,,
00-0039745,2026,Tory Taylor,P,19.0,CHI,CHI,False,False,False,False,False,False,False,,,0.1,False,,,
00-0039746,2026,Will Shipley,RB,28.0,PHI,PHI,False,False,False,False,False,False,False,,,0.1,False,,,
00-0039749,2026,Tyler Davis,DL,90.0,LA,LA,False,False,False,False,False,False,False,,,0.1,False,,,
00-0039751,2026,Jordan Whittington,WR,88.0,LA,LA,False,False,False,False,False,False,False,,,0.1,False,,,
00-0039752,2026,Cedric Johnson,DL,52.0,CIN,CIN,False,False,False,False,False,False,False,,,0.1,False,,,
00-0039753,2026,Beaux Limmer,OL,50.0,LA,LA,False,False,False,False,False,False,False,,,0.1,False,,,
00-0039754,2026,Devin Culp,TE,82.0,TB,TB,False,False,False,False,False,False,False,,,0.1,False,,,
00-0039755,2026,KT Leveston,OL,72.0,CLE,CLE,False,False,False,False,False,False,False,,,0.1,False,,,
00-0039763,2026,Joe Andreessen,LB,44.0,BUF,BUF,False,False,False,False,False,False,False,,,0.1,False,,,
00-0039764,2026,Elijah Chatman,DL,62.0,NYG,CLE,True,False,False,False,False,False,False,,,0.1,False,,,
00-0039767,2026,Quinton Newsome,DB,30.0,DEN,ARI,True,False,False,False,False,False,False,,,0.1,False,,,
00-0039770,2026,Charles Woods,DB,22.0,NE,NE,False,False,False,False,False,False,False,,,0.1,False,,,
00-0039772,2026,Josh Wallace,DB,30.0,LA,LA,False,False,False,False,False,False,False,,,0.1,False,,,
00-0039774,2026,Omar Speights,LB,48.0,LA,LA,False,False,False,False,False,False,False,,,0.1,False,,,
00-0039775,2026,Elias Neal,LB,58.0,LA,LA,False,False,False,False,False,False,False,,,0.1,False,,,
00-0039776,2026,Jaylen McCollough,DB,2.0,LA,LA,False,False,False,False,False,False,False,,,0.1,False,,,
00-0039780,2026,Cam Lampkin,DB,21.0,LA,LA,False,False,False,False,False,False,False,,,0.1,False,,,
00-0039783,2026,Anthony Goodlow,DL,96.0,PIT,CAR,True,False,False,False,False,False,False,,,0.1,False,,,
00-0039784,2026,Justin Dedich,OL,67.0,LA,LA,False,False,False,False,False,False,False,,,0.1,False,,,
00-0039789,2026,Qwan'tez Stiggers,DB,37.0,NYJ,NYJ,False,False,False,False,False,False,False,,,0.1,False,,,
00-0039790,2026,Olumuyiwa Fashanu,OL,74.0,NYJ,NYJ,False,False,False,False,False,False,False,,,0.1,False,,,
00-0039791,2026,Adisa Isaac,LB,50.0,BAL,BAL,False,False,False,False,False,False,False,,,0.1,False,,,
00-0039792,2026,Devontez Walker,WR,81.0,BAL,BAL,False,False,False,False,False,False,False,,,0.1,False,,,
00-0039793,2026,AJ Barner,TE,88.0,SEA,SEA,False,False,False,False,False,False,False,,,0.1,False,,,
00-0039794,2026,Braelon Allen,RB,0.0,NYJ,NYJ,False,False,False,False,False,False,False,,,0.1,False,,,
00-0039795,2026,Nehemiah Pritchett,DB,28.0,SEA,SEA,False,False,False,False,False,False,False,,,0.1,False,,,
00-0039796,2026,Rasheen Ali,RB,26.0,BAL,BAL,False,False,False,False,False,False,False,,,0.1,False,,,
00-0039798,2026,Isaiah Davis,RB,32.0,NYJ,NYJ,False,False,False,False,False,False,False,,,0.1,False,,,
00-0039800,2026,DJ James,DB,36.0,NE,NYG,True,False,False,False,False,False,False,,,0.1,False,,,
00-0039807,2026,Max Melton,DB,16.0,ARI,ARI,False,False,False,False,False,False,False,,,0.1,False,,,
00-0039808,2026,Isaiah Adams,OL,74.0,ARI,ARI,False,False,False,False,False,False,False,,,0.1,False,,,
00-0039809,2026,Jonah Elliss,LB,52.0,DEN,DEN,False,False,False,False,False,False,False,,,0.1,False,,,
00-0039811,2026,MarShawn Lloyd,RB,32.0,GB,GB,False,False,False,False,False,False,False,,,0.1,False,,,
00-0039812,2026,Ty'Ron Hopper,LB,59.0,GB,GB,False,False,False,False,False,False,False,,,0.1,False,,,
00-0039813,2026,Evan Williams,DB,33.0,GB,GB,False,False,False,False,False,False,False,,,0.1,False,,,
00-0039814,2026,Erick All,TE,83.0,CIN,CIN,False,False,False,False,False,False,False,,,0.1,False,,,
00-0039815,2026,Tyrice Knight,LB,48.0,SEA,SEA,False,False,False,False,False,False,False,,,0.1,False,,,
00-0039816,2026,Anthony Gould,WR,6.0,IND,IND,False,False,False,False,False,False,False,,,0.1,False,,,
00-0039817,2026,Jacob Monk,OL,62.0,GB,GB,False,False,False,False,False,False,False,,,0.1,False,,,
00-0039818,2026,Kitan Oladapo,DB,27.0,GB,GB,False,False,False,False,False,False,False,,,0.1,False,,,
00-0039819,2026,Travis Glover,OL,79.0,GB,GB,False,False,False,False,False,False,False,,,0.1,False,,,
00-0039821,2026,Andru Phillips,DB,22.0,NYG,NYG,False,False,False,False,False,False,False,,,0.1,False,,,
00-0039822,2026,Kiran Amegadjie,OL,73.0,CHI,PHI,True,False,False,False,False,False,False,,,0.1,False,,,
00-0039823,2026,Elijah Jones,DB,37.0,ARI,NYG,True,False,False,False,False,False,False,,,0.1,False,,,
00-0039824,2026,Jared Wiley,TE,12.0,KC,KC,False,False,False,False,False,False,False,,,0.1,False,,,
00-0039825,2026,Jaden Hicks,DB,21.0,KC,KC,False,False,False,False,False,False,False,,,0.1,False,,,
00-0039826,2026,Jeremiah Trotter Jr.,LB,54.0,PHI,PHI,False,False,False,False,False,False,False,,,0.1,False,,,
00-0039827,2026,Hunter Nourzad,OL,64.0,KC,KC,False,False,False,False,False,False,False,,,0.1,False,,,
00-0039828,2026,Walter Rouse,OL,72.0,MIN,NE,True,False,False,False,False,False,False,,,0.1,False,,,
00-0039829,2026,Darius Muasau,LB,54.0,NYG,NE,True,False,False,False,False,False,False,,,0.1,False,,,
00-0039830,2026,Dylan McMahon,OL,63.0,LA,LA,False,False,False,False,False,False,False,,,0.1,False,,,
00-0039831,2026,Kamal Hadden,DB,36.0,GB,GB,False,False,False,False,False,False,False,,,0.1,False,,,
00-0039832,2026,Jarrett Kingston,OL,62.0,HOU,MIA,True,False,False,False,False,False,False,,,0.1,False,,,
00-0039833,2026,C.J. Hanson,OL,61.0,KC,KC,False,False,False,False,False,False,False,,,0.1,False,,,
00-0039834,2026,Kamren Kinchens,DB,5.0,LA,LA,False,False,False,False,False,False,False,,,0.1,False,,,
00-0039835,2026,Justin Eboigbe,DL,92.0,LAC,LAC,False,False,False,False,False,False,False,,,0.1,False,,,
00-0039836,2026,Brennan Jackson,LB,54.0,LV,LV,False,False,False,False,False,False,False,,,0.1,False,,,
00-0039837,2026,Bralen Trice,LB,48.0,ATL,ATL,False,False,False,False,False,False,False,,,0.1,False,,,
00-0039838,2026,Calen Bullock,DB,2.0,HOU,HOU,False,False,False,False,False,False,False,,,0.1,False,,,
00-0039839,2026,Christian Haynes,OL,64.0,SEA,SEA,False,False,False,False,False,False,False,,,0.1,False,,,
00-0039840,2026,Austin Booker,DL,94.0,CHI,CHI,False,False,False,False,False,False,False,,,0.1,False,,,
00-0039841,2026,Cooper DeJean,DB,33.0,PHI,PHI,False,False,False,False,False,False,False,,,0.1,False,,,
00-0039842,2026,Michael Jerrell,OL,72.0,ATL,ATL,False,False,False,False,False,False,False,,,0.1,False,,,
00-0039843,2026,Qadir Ismail,TE,80.0,CHI,CHI,False,False,False,False,False,False,False,,,0.1,False,,,
00-0039844,2026,Kingsley Suamataia,OL,76.0,KC,KC,False,False,False,False,False,False,False,,,0.1,False,,,
00-0039846,2026,Tykee Smith,DB,23.0,TB,TB,False,False,False,False,False,False,False,,,0.1,False,,,
00-0039847,2026,Theo Johnson,TE,84.0,NYG,NYG,False,False,False,False,False,False,False,,,0.1,False,,,
00-0039849,2026,Marvin Harrison Jr.,WR,18.0,ARI,ARI,False,False,False,False,False,False,False,,,0.1,False,,,
00-0039850,2026,Edgerrin Cooper,LB,56.0,GB,GB,False,False,False,False,False,False,False,,,0.1,False,,,
00-0039851,2026,Drake Maye,QB,10.0,NE,NE,False,False,False,False,False,False,False,,,0.1,False,,,
00-0039852,2026,Jared Verse,DL,8.0,LA,CLE,True,False,False,False,False,False,False,,,0.1,False,,,
00-0039854,2026,Darius Robinson,DL,56.0,ARI,ARI,False,False,False,False,False,False,False,,,0.1,False,,,
00-0039855,2026,Jalen McMillan,WR,11.0,TB,TB,False,False,False,False,False,False,False,,,0.1,False,,,
00-0039857,2026,Blake Fisher,OL,57.0,HOU,HOU,False,False,False,False,False,False,False,,,0.1,False,,,
00-0039858,2026,Cedric Gray,LB,33.0,TEN,TEN,False,False,False,False,False,False,False,,,0.1,False,,,
00-0039859,2026,Brandon Dorlus,DL,54.0,ATL,ATL,False,False,False,False,False,False,False,,,0.1,False,,,
00-0039860,2026,Kool-Aid McKinstry,DB,1.0,NO,NO,False,False,False,False,False,False,False,,,0.1,False,,,
00-0039861,2026,Tyler Nubin,DB,27.0,NYG,NYG,False,False,False,False,False,False,False,,,0.1,False,,,
00-0039862,2026,Ennis Rakestraw Jr.,DB,2.0,DET,DET,False,False,False,False,False,False,False,,,0.1,False,,,
00-0039863,2026,Caedan Wallace,OL,77.0,NE,MIA,True,False,False,False,False,False,False,,,0.1,False,,,
00-0039864,2026,Dadrion Taylor-Demerson,DB,42.0,ARI,ARI,False,False,False,False,False,False,False,,,0.1,False,,,
00-0039867,2026,Javon Bullard,DB,7.0,GB,GB,False,False,False,False,False,False,False,,,0.1,False,,,
00-0039868,2026,Troy Franklin,WR,11.0,DEN,DEN,False,False,False,False,False,False,False,,,0.1,False,,,
00-0039871,2026,Troy Fautanu,OL,76.0,PIT,PIT,False,False,False,False,False,False,False,,,0.1,False,,,
00-0039872,2026,Cole Bishop,DB,24.0,BUF,BUF,False,False,False,False,False,False,False,,,0.1,False,,,
00-0039873,2026,DeWayne Carter,DL,90.0,BUF,BUF,False,False,False,False,False,False,False,,,0.1,False,,,
00-0039874,2026,Jaylen Wright,RB,5.0,MIA,MIA,False,False,False,False,False,False,False,,,0.1,False,,,
00-0039875,2026,Ray Davis,RB,7.0,BUF,BUF,False,False,False,False,False,False,False,,,0.1,False,,,
00-0039876,2026,Sedrick Van Pran-Granger,OL,63.0,BUF,IND,True,False,False,False,False,False,False,,,0.1,False,,,
00-0039877,2026,Mohamed Kamara,LB,59.0,TB,TB,False,False,False,False,False,False,False,,,0.1,False,,,
00-0039878,2026,Edefuan Ulofoshio,LB,54.0,CLE,CLE,False,False,False,False,False,False,False,,,0.1,False,,,
00-0039879,2026,Javon Solomon,LB,56.0,BUF,BUF,False,False,False,False,False,False,False,,,0.1,False,,,
00-0039880,2026,Malik Washington,WR,6.0,MIA,MIA,False,False,False,False,False,False,False,,,0.1,False,,,
00-0039881,2026,Patrick McMorris,DB,24.0,NYG,SF,True,False,False,False,False,False,False,,,0.1,False,,,
00-0039882,2026,Tylan Grable,OL,68.0,BUF,BUF,False,False,False,False,False,False,False,,,0.1,False,,,
00-0039883,2026,Daequan Hardy,DB,31.0,PIT,PIT,False,False,False,False,False,False,False,,,0.1,False,,,
00-0039884,2026,Tahj Washington,WR,48.0,MIA,PHI,True,False,False,False,False,False,False,,,0.1,False,,,
00-0039886,2026,T'Vondre Sweat,DL,99.0,TEN,NYJ,True,False,False,False,False,False,False,,,0.1,False,,,
00-0039888,2026,Quinyon Mitchell,DB,27.0,PHI,PHI,False,False,False,False,False,False,False,,,0.1,False,,,
00-0039889,2026,Maason Smith,DL,92.0,JAX,ATL,True,False,False,False,False,False,False,,,0.1,False,,,
00-0039890,2026,Adonai Mitchell,WR,15.0,NYJ,NYJ,False,False,False,False,False,False,False,,,0.1,False,,,
00-0039893,2026,Brian Thomas Jr.,WR,7.0,JAX,JAX,False,False,False,False,False,False,False,,,0.1,False,,,
00-0039894,2026,Xavier Worthy,WR,1.0,KC,KC,False,False,False,False,False,False,False,,,0.1,False,,,
00-0039895,2026,Mike Hall Jr.,DL,51.0,CLE,CLE,False,False,False,False,False,False,False,,,0.1,False,,,
00-0039896,2026,Zach Frazier,OL,54.0,PIT,PIT,False,False,False,False,False,False,False,,,0.1,False,,,
00-0039897,2026,Joe Alt,OL,76.0,LAC,LAC,False,False,False,False,False,False,False,,,0.1,False,,,
00-0039898,2026,Mike Sainristil,DB,0.0,WAS,WAS,False,False,False,False,False,False,False,,,0.1,False,,,
00-0039899,2026,Patrick Paul,OL,52.0,MIA,MIA,False,False,False,False,False,False,False,,,0.1,False,,,
00-0039901,2026,Keon Coleman,WR,0.0,BUF,BUF,False,False,False,False,False,False,False,,,0.1,False,,,
00-0039902,2026,Chris Braswell,LB,53.0,TB,HOU,True,False,False,False,False,False,False,,,0.1,False,,,
00-0039903,2026,Terrion Arnold,DB,17.0,DET,SEA,True,False,False,False,False,False,False,,,0.1,False,,,
00-0039904,2026,Jordan Morgan,OL,77.0,GB,GB,False,False,False,False,False,False,False,,,0.1,False,,,
00-0039905,2026,Graham Barton,OL,62.0,TB,TB,False,False,False,False,False,False,False,,,0.1,False,,,
00-0039906,2026,Jer'Zhan Newton,DL,95.0,WAS,WAS,False,False,False,False,False,False,False,,,0.1,False,,,
00-0039907,2026,Ja'Lynn Polk,WR,13.0,NO,NO,False,False,False,False,False,False,False,,,0.1,False,,,
00-0039908,2026,Kris Jenkins,DL,90.0,CIN,CIN,False,False,False,False,False,False,False,,,0.1,False,,,
00-0039910,2026,Jayden Daniels,QB,5.0,WAS,WAS,False,False,False,False,False,False,False,,,0.1,False,,,
00-0039911,2026,Chop Robinson,LB,44.0,MIA,MIA,False,False,False,False,False,False,False,,,0.1,False,,,
00-0039912,2026,Ben Sinnott,TE,82.0,WAS,WAS,False,False,False,False,False,False,False,,,0.1,False,,,
00-0039913,2026,Brandon Coleman,OL,74.0,WAS,WAS,False,False,False,False,False,False,False,,,0.1,False,,,
00-0039915,2026,Ladd McConkey,WR,15.0,LAC,LAC,False,False,False,False,False,False,False,,,0.1,False,,,
00-0039916,2026,Ricky Pearsall,WR,1.0,SF,SF,False,False,False,False,False,False,False,,,0.1,False,,,
00-0039917,2026,Michael Penix Jr.,QB,9.0,ATL,ATL,False,False,False,False,False,False,False,,,0.1,False,,,
00-0039918,2026,Caleb Williams,QB,18.0,CHI,CHI,False,False,False,False,False,False,False,,,0.1,False,,,
00-0039919,2026,Rome Odunze,WR,15.0,CHI,CHI,False,False,False,False,False,False,False,,,0.1,False,,,
00-0039920,2026,Malachi Corley,WR,11.0,CLE,CLE,False,False,False,False,False,False,False,,,0.1,False,,,
00-0039921,2026,Trey Benson,RB,33.0,ARI,ARI,False,False,False,False,False,False,False,,,0.1,False,,,
00-0039923,2026,J.J. McCarthy,QB,9.0,MIN,MIN,False,False,False,False,False,False,False,,,0.1,False,,,
00-0039924,2026,Dallas Turner,LB,15.0,MIN,MIN,False,False,False,False,False,False,False,,,0.1,False,,,
00-0039925,2026,Amarius Mims,OL,71.0,CIN,CIN,False,False,False,False,False,False,False,,,0.1,False,,,
00-0039926,2026,Jalen Sundell,OL,61.0,SEA,SEA,False,False,False,False,False,False,False,,,0.1,False,,,
00-0039930,2026,Travis Clayton,DL,67.0,BUF,BUF,False,False,False,False,False,False,False,,,0.1,False,,,
00-0039931,2026,Julius Welschof,LB,45.0,PIT,PIT,False,False,False,False,False,False,False,,,0.1,False,,,
00-0039932,2026,Laekin Vakalahi,OL,78.0,PHI,LAC,True,False,False,False,False,False,False,,,0.1,False,,,
00-0039936,2026,Thomas Yassmin,TE,84.0,LAC,GB,True,False,False,False,False,False,False,,,0.1,False,,,
00-0039938,2026,David Olajiga,DL,65.0,BAL,BAL,False,False,False,False,False,False,False,,,0.1,False,,,
00-0039944,2026,Jamie Sheriff,LB,54.0,SEA,LA,True,False,False,False,False,False,False,,,0.1,False,,,
00-0039946,2026,Kyon Barrs,DL,67.0,ARI,CAR,True,False,False,False,False,False,False,,,0.1,False,,,
00-0039956,2026,Elliott Brown,LB,41.0,ARI,ARI,False,False,False,False,False,False,False,,,0.1,False,,,
00-0039959,2026,Tra Fluellen,DB,48.0,,GB,False,True,False,False,False,False,False,,,0.1,False,,,
00-0040003,2026,Lenny Krieg,K,38.0,ATL,GB,True,False,False,False,False,False,False,,,0.1,False,,,
00-0040004,2026,T.J. Maguranyanga,LB,59.0,WAS,WAS,False,False,False,False,False,False,False,,,0.1,False,,,
00-0040007,2026,Tyler Booker,OL,52.0,DAL,DAL,False,False,False,False,False,False,False,,,0.1,False,,,
00-0040008,2026,Shavon Revel Jr.,DB,28.0,DAL,DAL,False,False,False,False,False,False,False,,,0.1,False,,,
00-0040009,2026,Savion Williams,WR,83.0,GB,GB,False,False,False,False,False,False,False,,,0.1,False,,,
00-0040010,2026,Barryn Sorrell,LB,99.0,GB,GB,False,False,False,False,False,False,False,,,0.1,False,,,
00-0040011,2026,Shemar James,LB,50.0,DAL,DAL,False,False,False,False,False,False,False,,,0.1,False,,,
00-0040012,2026,Collin Oliver,LB,45.0,GB,GB,False,False,False,False,False,False,False,,,0.1,False,,,
00-0040013,2026,Smael Mondon Jr.,LB,42.0,PHI,PHI,False,False,False,False,False,False,False,,,0.1,False,,,
00-0040014,2026,Kyle McCord,QB,14.0,PHI,MIA,True,False,False,False,False,False,False,,,0.1,False,,,
00-0040015,2026,Myles Hinton,OL,77.0,PHI,CIN,True,False,False,False,False,False,False,,,0.1,False,,,
00-0040016,2026,Warren Brinson,DL,91.0,GB,GB,False,False,False,False,False,False,False,,,0.1,False,,,
00-0040017,2026,Ajani Cornelius,OL,65.0,DAL,DAL,False,False,False,False,False,False,False,,,0.1,False,,,
00-0040018,2026,Antwaun Powell-Ryland,DL,56.0,CIN,CIN,False,False,False,False,False,False,False,,,0.1,False,,,
00-0040019,2026,Jay Toia,DL,93.0,DAL,DAL,False,False,False,False,False,False,False,,,0.1,False,,,
00-0040020,2026,Micah Robinson,DB,21.0,TEN,TEN,False,False,False,False,False,False,False,,,0.1,False,,,
00-0040021,2026,Phil Mafah,RB,37.0,DAL,NYG,True,False,False,False,False,False,False,,,0.1,False,,,
00-0040022,2026,Tommy Akingbesote,DL,74.0,BUF,JAX,True,False,False,False,False,False,False,,,0.1,False,,,
00-0040023,2026,John Williams,OL,73.0,GB,GB,False,False,False,False,False,False,False,,,0.1,False,,,
00-0040024,2026,Darius Cooper,WR,80.0,PHI,PHI,False,False,False,False,False,False,False,,,0.1,False,,,
00-0040026,2026,Maxen Hook,DB,43.0,SEA,SEA,False,False,False,False,False,False,False,,,0.1,False,,,
00-0040033,2026,Johnathan Baldwin,DB,37.0,GB,GB,False,False,False,False,False,False,False,,,0.1,False,,,
00-0040034,2026,Brant Banks,OL,75.0,GB,NYJ,True,False,False,False,False,False,False,,,0.1,False,,,
00-0040037,2026,Jamon Johnson,LB,47.0,GB,BAL,True,False,False,False,False,False,False,,,0.1,False,,,
00-0040039,2026,Amar Johnson,RB,35.0,LAC,LAC,False,False,False,False,False,False,False,,,0.1,False,,,
00-0040041,2026,Nazir Stackhouse,DL,93.0,GB,TEN,True,False,False,False,False,False,False,,,0.1,False,,,
00-0040043,2026,Justin Barron,LB,45.0,DAL,DAL,False,False,False,False,False,False,False,,,0.1,False,,,
00-0040044,2026,Zion Childress,DB,32.0,DAL,CAR,True,False,False,False,False,False,False,,,0.1,False,,,
00-0040045,2026,Alijah Clark,DB,11.0,DAL,DAL,False,False,False,False,False,False,False,,,0.1,False,,,
00-0040046,2026,Rivaldo Fairweather,TE,45.0,ARI,ARI,False,False,False,False,False,False,False,,,0.1,False,,,
00-0040049,2026,Josh Kelly,WR,85.0,HOU,HOU,False,False,False,False,False,False,False,,,0.1,False,,,
00-0040054,2026,Seth Coleman-Lyles,DL,90.0,IND,MIA,True,False,False,False,False,False,False,,,0.1,False,,,
00-0040055,2026,Jalan Gaines,DL,47.0,SEA,SEA,False,False,False,False,False,False,False,,,0.1,False,,,
00-0040056,2026,Jared Ivey,DL,51.0,SEA,ATL,True,False,False,False,False,False,False,,,0.1,False,,,
00-0040058,2026,Nick Kallerup,TE,89.0,SEA,SEA,False,False,False,False,False,False,False,,,0.1,False,,,
00-0040059,2026,Amari Kight,OL,79.0,SEA,SEA,False,False,False,False,False,False,False,,,0.1,False,,,
00-0040060,2026,Marshall Lang,TE,81.0,NE,MIN,True,False,False,False,False,False,False,,,0.1,False,,,
00-0040061,2026,Connor O'Toole,LB,57.0,SEA,SEA,False,False,False,False,False,False,False,,,0.1,False,,,
00-0040063,2026,J.R. Singleton,DL,70.0,SEA,SEA,False,False,False,False,False,False,False,,,0.1,False,,,
00-0040064,2026,Wy'Kevious Thomas,DL,69.0,SEA,SEA,False,False,False,False,False,False,False,,,0.1,False,,,
00-0040065,2026,Isas Waxter,DB,37.0,LAC,LAC,False,False,False,False,False,False,False,,,0.1,False,,,
00-0040066,2026,Jackson Woodard,LB,42.0,MIA,MIA,False,False,False,False,False,False,False,,,0.1,False,,,
00-0040067,2026,Jacardia Wright,RB,31.0,SEA,SEA,False,False,False,False,False,False,False,,,0.1,False,,,
00-0040068,2026,Emery Jones Jr.,OL,51.0,BAL,BAL,False,False,False,False,False,False,False,,,0.1,False,,,
00-0040069,2026,Teddye Buchanan,LB,40.0,BAL,BAL,False,False,False,False,False,False,False,,,0.1,False,,,
00-0040070,2026,Carson Vinson,OL,76.0,BAL,BAL,False,False,False,False,False,False,False,,,0.1,False,,,
00-0040071,2026,Mac McWilliams,DB,22.0,PHI,PHI,False,False,False,False,False,False,False,,,0.1,False,,,
00-0040072,2026,Jeffrey Bassa,LB,31.0,KC,KC,False,False,False,False,False,False,False,,,0.1,False,,,
00-0040073,2026,Bilhal Kone,DB,31.0,BAL,BAL,False,False,False,False,False,False,False,,,0.1,False,,,
00-0040074,2026,Tyler Loop,K,33.0,BAL,BAL,False,False,False,False,False,False,False,,,0.1,False,,,
00-0040075,2026,LaJohntay Wester,WR,10.0,BAL,BAL,False,False,False,False,False,False,False,,,0.1,False,,,
00-0040076,2026,Aeneas Peebles,DL,90.0,BAL,BAL,False,False,False,False,False,False,False,,,0.1,False,,,
00-0040077,2026,Robert Longerbeam,DB,38.0,BAL,PHI,True,False,False,False,False,False,False,,,0.1,False,,,
00-0040078,2026,Brashard Smith,RB,24.0,KC,KC,False,False,False,False,False,False,False,,,0.1,False,,,
00-0040079,2026,Garrett Dellinger,OL,71.0,TEN,TEN,False,False,False,False,False,False,False,,,0.1,False,,,
00-0040081,2026,Jake Briningstool,TE,88.0,KC,KC,False,False,False,False,False,False,False,,,0.1,False,,,
00-0040083,2026,Dalton Cooper,OL,78.0,GB,GB,False,False,False,False,False,False,False,,,0.1,False,,,
00-0040087,2026,Brandon George,LB,45.0,KC,PHI,True,False,False,False,False,False,False,,,0.1,False,,,
00-0040088,2026,Coziah Izzard,DL,68.0,NO,CLE,True,False,False,False,False,False,False,,,0.1,False,,,
00-0040089,2026,Kevin Knowles,DB,38.0,KC,TB,True,False,False,False,False,False,False,,,0.1,False,,,
00-0040092,2026,Esa Pole,OL,77.0,KC,WAS,True,False,False,False,False,False,False,,,0.1,False,,,
00-0040093,2026,Melvin Smith Jr.,DB,39.0,KC,KC,False,False,False,False,False,False,False,,,0.1,False,,,
00-0040094,2026,Tre Watson,TE,87.0,KC,MIA,True,False,False,False,False,False,False,,,0.1,False,,,
00-0040098,2026,Gerad Lichtenhan,OL,78.0,BAL,BAL,False,False,False,False,False,False,False,,,0.1,False,,,
00-0040099,2026,Xavier Guillory,WR,16.0,BAL,BAL,False,False,False,False,False,False,False,,,0.1,False,,,
00-0040100,2026,Jay Higgins,LB,49.0,BAL,BAL,False,False,False,False,False,False,False,,,0.1,False,,,
00-0040101,2026,Reid Holskey,OL,65.0,NYG,IND,True,False,False,False,False,False,False,,,0.1,False,,,
00-0040104,2026,Keondre Jackson,DB,39.0,BAL,BAL,False,False,False,False,False,False,False,,,0.1,False,,,
00-0040105,2026,Jayson Jones,DL,93.0,TB,TB,False,False,False,False,False,False,False,,,0.1,False,,,
00-0040106,2026,Reuben Lowery,DB,36.0,IND,IND,False,False,False,False,False,False,False,,,0.1,False,,,
00-0040108,2026,Chandler Martin,LB,55.0,BAL,NYG,True,False,False,False,False,False,False,,,0.1,False,,,
00-0040112,2026,Marquise Robinson,DB,28.0,BAL,BAL,False,False,False,False,False,False,False,,,0.1,False,,,
00-0040116,2026,Josh Simmons,OL,71.0,KC,KC,False,False,False,False,False,False,False,,,0.1,False,,,
00-0040118,2026,Cooper McDonald,LB,44.0,KC,KC,False,False,False,False,False,False,False,,,0.1,False,,,
00-0040120,2026,Jimmy Holiday,WR,82.0,KC,KC,False,False,False,False,False,False,False,,,0.1,False,,,
00-0040122,2026,Ashton Jeanty,RB,2.0,LV,LV,False,False,False,False,False,False,False,,,0.1,False,,,
00-0040123,2026,Armand Membou,OL,70.0,NYJ,NYJ,False,False,False,False,False,False,False,,,0.1,False,,,
00-0040124,2026,Tetairoa McMillan,WR,4.0,CAR,CAR,False,False,False,False,False,False,False,,,0.1,False,,,
00-0040125,2026,Kelvin Banks Jr.,OL,71.0,NO,NO,False,False,False,False,False,False,False,,,0.1,False,,,
00-0040126,2026,Colston Loveland,TE,84.0,CHI,CHI,False,False,False,False,False,False,False,,,0.1,False,,,
00-0040127,2026,Kenneth Grant,DL,78.0,MIA,MIA,False,False,False,False,False,False,False,,,0.1,False,,,
00-0040128,2026,Tyler Warren,TE,84.0,IND,IND,False,False,False,False,False,False,False,,,0.1,False,,,
00-0040129,2026,Emeka Egbuka,WR,2.0,TB,TB,False,False,False,False,False,False,False,,,0.1,False,,,
00-0040130,2026,Jayden Higgins,WR,81.0,HOU,HOU,False,False,False,False,False,False,False,,,0.1,False,,,
00-0040131,2026,Kyle Williams,WR,18.0,NE,NE,False,False,False,False,False,False,False,,,0.1,False,,,
00-0040132,2026,Landon Jackson,DL,94.0,BUF,BUF,False,False,False,False,False,False,False,,,0.1,False,,,
00-0040133,2026,Azareye'h Thomas,DB,1.0,NYJ,NYJ,False,False,False,False,False,False,False,,,0.1,False,,,
00-0040134,2026,Pat Bryant,WR,13.0,DEN,DEN,False,False,False,False,False,False,False,,,0.1,False,,,
00-0040135,2026,Nick Martin,LB,45.0,SF,SF,False,False,False,False,False,False,False,,,0.1,False,,,
00-0040136,2026,Princely Umanmielen,LB,3.0,CAR,CAR,False,False,False,False,False,False,False,,,0.1,False,,,
00-0040137,2026,Jordan Burch,LB,52.0,ARI,ARI,False,False,False,False,False,False,False,,,0.1,False,,,
00-0040138,2026,Jaylin Noel,WR,13.0,HOU,HOU,False,False,False,False,False,False,False,,,0.1,False,,,
00-0040139,2026,Justin Walley,DB,27.0,IND,IND,False,False,False,False,False,False,False,,,0.1,False,,,
00-0040140,2026,Dylan Fairchild,OL,63.0,CIN,CIN,False,False,False,False,False,False,False,,,0.1,False,,,
00-0040141,2026,Kevin Winston Jr.,DB,23.0,TEN,TEN,False,False,False,False,False,False,False,,,0.1,False,,,
00-0040142,2026,Kaleb Johnson,RB,26.0,PIT,GB,True,False,False,False,False,False,False,,,0.1,False,,,
00-0040143,2026,Jacob Parrish,DB,25.0,TB,TB,False,False,False,False,False,False,False,,,0.1,False,,,
00-0040144,2026,Jamaree Caldwell,DL,99.0,LAC,LAC,False,False,False,False,False,False,False,,,0.1,False,,,
00-0040145,2026,Caleb Ransaw,DB,27.0,JAX,JAX,False,False,False,False,False,False,False,,,0.1,False,,,
00-0040146,2026,Wyatt Milum,OL,64.0,JAX,JAX,False,False,False,False,False,False,False,,,0.1,False,,,
00-0040147,2026,Jared Wilson,OL,55.0,NE,NE,False,False,False,False,False,False,False,,,0.1,False,,,
00-0040148,2026,Xavier Watts,DB,31.0,ATL,ATL,False,False,False,False,False,False,False,,,0.1,False,,,
00-0040149,2026,Jaylin Smith,DB,22.0,HOU,HOU,False,False,False,False,False,False,False,,,0.1,False,,,
00-0040150,2026,Caleb Rogers,OL,76.0,LV,LV,False,False,False,False,False,False,False,,,0.1,False,,,
00-0040151,2026,Charles Grant,OL,60.0,LV,LV,False,False,False,False,False,False,False,,,0.1,False,,,
00-0040152,2026,Upton Stout,DB,20.0,SF,SF,False,False,False,False,False,False,False,,,0.1,False,,,
00-0040153,2026,Sai'vion Jones,DL,95.0,DEN,DEN,False,False,False,False,False,False,False,,,0.1,False,,,
00-0040154,2026,Tai Felton,WR,13.0,MIN,MIN,False,False,False,False,False,False,False,,,0.1,False,,,
00-0040155,2026,Danny Stutsman,LB,28.0,NO,NO,False,False,False,False,False,False,False,,,0.1,False,,,
00-0040156,2026,Billy Bowman Jr.,DB,33.0,ATL,ATL,False,False,False,False,False,False,False,,,0.1,False,,,
00-0040157,2026,Barrett Carter,LB,49.0,CIN,CIN,False,False,False,False,False,False,False,,,0.1,False,,,
00-0040158,2026,David Walker,LB,51.0,TB,TB,False,False,False,False,False,False,False,,,0.1,False,,,
00-0040159,2026,Lathan Ransom,DB,22.0,CAR,CAR,False,False,False,False,False,False,False,,,0.1,False,,,
00-0040160,2026,Jack Sawyer,LB,33.0,PIT,PIT,False,False,False,False,False,False,False,,,0.1,False,,,
00-0040161,2026,Kyle Kennard,LB,54.0,LAC,LAC,False,False,False,False,False,False,False,,,0.1,False,,,
00-0040162,2026,Dylan Sampson,RB,22.0,CLE,CLE,False,False,False,False,False,False,False,,,0.1,False,,,
00-0040163,2026,Jalen Travis,OL,75.0,IND,IND,False,False,False,False,False,False,False,,,0.1,False,,,
00-0040164,2026,Jaylin Lane,WR,83.0,WAS,WAS,False,False,False,False,False,False,False,,,0.1,False,,,
00-0040165,2026,Malachi Moore,DB,27.0,NYJ,NYJ,False,False,False,False,False,False,False,,,0.1,False,,,
00-0040166,2026,Quincy Riley,DB,29.0,NO,NO,False,False,False,False,False,False,False,,,0.1,False,,,
00-0040167,2026,Ruben Hyppolite II,LB,47.0,CHI,CHI,False,False,False,False,False,False,False,,,0.1,False,,,
00-0040168,2026,Que Robinson,LB,51.0,DEN,DEN,False,False,False,False,False,False,False,,,0.1,False,,,
00-0040169,2026,Tonka Hemingway,DL,97.0,LV,LV,False,False,False,False,False,False,False,,,0.1,False,,,
00-0040170,2026,Elic Ayomanor,WR,5.0,TEN,TEN,False,False,False,False,False,False,False,,,0.1,False,,,
00-0040171,2026,Joshua Farmer,DL,92.0,NE,NE,False,False,False,False,False,False,False,,,0.1,False,,,
00-0040172,2026,Jordan Watkins,WR,17.0,SF,SF,False,False,False,False,False,False,False,,,0.1,False,,,
00-0040173,2026,Tyrion Ingram-Dawkins,DL,90.0,MIN,MIN,False,False,False,False,False,False,False,,,0.1,False,,,
00-0040174,2026,Cam Jackson,DL,99.0,CAR,CAR,False,False,False,False,False,False,False,,,0.1,False,,,
00-0040175,2026,Jordan Phillips,DL,94.0,MIA,MIA,False,False,False,False,False,False,False,,,0.1,False,,,
00-0040176,2026,Bradyn Swinson,LB,57.0,NE,PIT,True,False,False,False,False,False,False,,,0.1,False,,,
00-0040177,2026,Jordan James,RB,29.0,SF,SF,False,False,False,False,False,False,False,,,0.1,False,,,
00-0040178,2026,Jason Marshall Jr.,DB,4.0,MIA,MIA,False,False,False,False,False,False,False,,,0.1,False,,,
00-0040179,2026,DJ Giddens,RB,21.0,IND,IND,False,False,False,False,False,False,False,,,0.1,False,,,
00-0040180,2026,Jalen Rivers,OL,74.0,CIN,CIN,False,False,False,False,False,False,False,,,0.1,False,,,
00-0040181,2026,Marcus Mbow,OL,71.0,NYG,NYG,False,False,False,False,False,False,False,,,0.1,False,,,
00-0040182,2026,Dante Trader Jr.,DB,11.0,MIA,MIA,False,False,False,False,False,False,False,,,0.1,False,,,
00-0040183,2026,Elijah Roberts,DL,95.0,TB,TB,False,False,False,False,False,False,False,,,0.1,False,,,
00-0040184,2026,KeAndre Lambert-Smith,WR,84.0,LAC,LAC,False,False,False,False,False,False,False,,,0.1,False,,,
00-0040185,2026,Marques Sigle,DB,36.0,SF,SF,False,False,False,False,False,False,False,,,0.1,False,,,
00-0040186,2026,Francisco Mauigoa,LB,51.0,NYJ,NYJ,False,False,False,False,False,False,False,,,0.1,False,,,
00-0040187,2026,Mitchell Evans,TE,84.0,CAR,CAR,False,False,False,False,False,False,False,,,0.1,False,,,
00-0040188,2026,Yahya Black,DL,94.0,PIT,PIT,False,False,False,False,False,False,False,,,0.1,False,,,
00-0040189,2026,Oronde Gadsden II,TE,86.0,LAC,LAC,False,False,False,False,False,False,False,,,0.1,False,,,
00-0040190,2026,Jackson Slater,OL,64.0,TEN,TEN,False,False,False,False,False,False,False,,,0.1,False,,,
00-0040192,2026,Jordan Hancock,DB,37.0,BUF,BUF,False,False,False,False,False,False,False,,,0.1,False,,,
00-0040193,2026,Miles Frazier,OL,71.0,DET,DET,False,False,False,False,False,False,False,,,0.1,False,,,
00-0040194,2026,Jackson Hawes,TE,85.0,BUF,BUF,False,False,False,False,False,False,False,,,0.1,False,,,
00-0040195,2026,Denzel Burke,DB,29.0,ARI,ARI,False,False,False,False,False,False,False,,,0.1,False,,,
00-0040196,2026,Tyler Baron,LB,94.0,NYJ,NYJ,False,False,False,False,False,False,False,,,0.1,False,,,
00-0040197,2026,Dorian Strong,DB,43.0,BUF,BUF,False,False,False,False,False,False,False,,,0.1,False,,,
00-0040198,2026,Ollie Gordon II,RB,0.0,MIA,MIA,False,False,False,False,False,False,False,,,0.1,False,,,
00-0040199,2026,JJ Pegues,DL,92.0,LV,LV,False,False,False,False,False,False,False,,,0.1,False,,,
00-0040200,2026,Andy Borregales,K,8.0,NE,NE,False,False,False,False,False,False,False,,,0.1,False,,,
00-0040201,2026,Marcus Harris,DB,26.0,TEN,TEN,False,False,False,False,False,False,False,,,0.1,False,,,
00-0040202,2026,Devin Neal,RB,24.0,NO,NO,False,False,False,False,False,False,False,,,0.1,False,,,
00-0040203,2026,Will Howard,QB,18.0,PIT,PIT,False,False,False,False,False,False,False,,,0.1,False,,,
00-0040204,2026,Jaylen Reed,DB,23.0,HOU,NE,True,False,False,False,False,False,False,,,0.1,False,,,
00-0040205,2026,Kalel Mullings,RB,31.0,TEN,TEN,False,False,False,False,False,False,False,,,0.1,False,,,
00-0040206,2026,Riley Leonard,QB,15.0,IND,IND,False,False,False,False,False,False,False,,,0.1,False,,,
00-0040207,2026,Tim Smith,DL,93.0,IND,IND,False,False,False,False,False,False,False,,,0.1,False,,,
00-0040208,2026,Tahj Brooks,RB,25.0,CIN,CIN,False,False,False,False,False,False,False,,,0.1,False,,,
00-0040209,2026,Jalen McLeod,LB,35.0,JAX,JAX,False,False,False,False,False,False,False,,,0.1,False,,,
00-0040210,2026,Luke Newman,OL,65.0,CHI,CHI,False,False,False,False,False,False,False,,,0.1,False,,,
00-0040211,2026,Graham Mertz,QB,18.0,HOU,HOU,False,False,False,False,False,False,False,,,0.1,False,,,
00-0040212,2026,Branson Taylor,OL,71.0,LAC,LAC,False,False,False,False,False,False,False,,,0.1,False,,,
00-0040213,2026,Rayuan Lane III,DB,25.0,JAX,JAX,False,False,False,False,False,False,False,,,0.1,False,,,
00-0040215,2026,Gavin Bartholomew,TE,86.0,MIN,MIN,False,False,False,False,False,False,False,,,0.1,False,,,
00-0040216,2026,Kain Medrano,LB,56.0,WAS,WAS,False,False,False,False,False,False,False,,,0.1,False,,,
00-0040217,2026,Chase Lundt,OL,77.0,BUF,BUF,False,False,False,False,False,False,False,,,0.1,False,,,
00-0040218,2026,Jimmy Horn Jr.,WR,15.0,CAR,CLE,True,False,False,False,False,False,False,,,0.1,False,,,
00-0040219,2026,Hayden Conner,OL,58.0,ARI,ARI,False,False,False,False,False,False,False,,,0.1,False,,,
00-0040221,2026,R.J. Mickens,DB,27.0,LAC,LAC,False,False,False,False,False,False,False,,,0.1,False,,,
00-0040222,2026,Cam Miller,QB,15.0,MIA,MIA,False,False,False,False,False,False,False,,,0.1,False,,,
00-0040223,2026,Jeremy Crawshaw,P,16.0,DEN,DEN,False,False,False,False,False,False,False,,,0.1,False,,,
00-0040224,2026,Jack Nelson,OL,79.0,ATL,MIN,True,False,False,False,False,False,False,,,0.1,False,,,
00-0040225,2026,Thomas Fidone II,TE,86.0,NYG,NYG,False,False,False,False,False,False,False,,,0.1,False,,,
00-0040226,2026,Marcus Bryant,OL,52.0,NE,NE,False,False,False,False,False,False,False,,,0.1,False,,,
00-0040227,2026,Jonah Monheim,OL,60.0,JAX,JAX,False,False,False,False,False,False,False,,,0.1,False,,,
00-0040228,2026,Cody Lindenberg,LB,55.0,LV,LV,False,False,False,False,False,False,False,,,0.1,False,,,
00-0040229,2026,Kyonte Hamilton,DL,58.0,HOU,HOU,False,False,False,False,False,False,False,,,0.1,False,,,
00-0040230,2026,Kitan Crawford,DB,36.0,ARI,ARI,False,False,False,False,False,False,False,,,0.1,False,,,
00-0040231,2026,Carson Bruener,LB,44.0,PIT,PIT,False,False,False,False,False,False,False,,,0.1,False,,,
00-0040232,2026,Donte Kent,DB,34.0,PIT,PIT,False,False,False,False,False,False,False,,,0.1,False,,,
00-0040233,2026,Dan Jackson,DB,17.0,DET,DET,False,False,False,False,False,False,False,,,0.1,False,,,
00-0040234,2026,Quinn Ewers,QB,10.0,MIA,JAX,True,False,False,False,False,False,False,,,0.1,False,,,
00-0040235,2026,Hunter Wohler,DB,30.0,IND,IND,False,False,False,False,False,False,False,,,0.1,False,,,
00-0040236,2026,Kyle Monangai,RB,25.0,CHI,CHI,False,False,False,False,False,False,False,,,0.1,False,,,
00-0040237,2026,Tez Johnson,WR,15.0,TB,TB,False,False,False,False,False,False,False,,,0.1,False,,,
00-0040238,2026,LeQuint Allen Jr.,RB,5.0,JAX,JAX,False,False,False,False,False,False,False,,,0.1,False,,,
00-0040239,2026,Kaden Prather,WR,89.0,BUF,GB,True,False,False,False,False,False,False,,,0.1,False,,,
00-0040240,2026,Caleb Lohner,TE,84.0,DEN,DEN,False,False,False,False,False,False,False,,,0.1,False,,,
00-0040241,2026,Dominic Lovett,WR,19.0,DET,DET,False,False,False,False,False,False,False,,,0.1,False,,,
00-0040242,2026,Jacory Croskey-Merritt,RB,22.0,WAS,WAS,False,False,False,False,False,False,False,,,0.1,False,,,
00-0040243,2026,Korie Black,DB,38.0,NYG,NYG,False,False,False,False,False,False,False,,,0.1,False,,,
00-0040244,2026,Moliki Matavao,TE,80.0,NO,NO,False,False,False,False,False,False,False,,,0.1,False,,,
00-0040245,2026,Connor Colby,OL,75.0,SF,SF,False,False,False,False,False,False,False,,,0.1,False,,,
00-0040246,2026,Julian Ashby,LS,47.0,NE,NE,False,False,False,False,False,False,False,,,0.1,False,,,
00-0040247,2026,Junior Bergen,WR,30.0,SF,NYJ,True,False,False,False,False,False,False,,,0.1,False,,,
00-0040248,2026,Zeek Biggers,DL,93.0,MIA,MIA,False,False,False,False,False,False,False,,,0.1,False,,,
00-0040249,2026,Fadil Diggs,LB,40.0,NO,NO,False,False,False,False,False,False,False,,,0.1,False,,,
00-0040251,2026,Trikweze Bridges,DB,24.0,DAL,CIN,True,False,False,False,False,False,False,,,0.1,False,,,
00-0040252,2026,Kobee Minor,DB,19.0,NE,NE,False,False,False,False,False,False,False,,,0.1,False,,,
00-0040255,2026,Adin Huntington,DL,98.0,CLE,CLE,False,False,False,False,False,False,False,,,0.1,False,,,
00-0040259,2026,Gage Larvadain,WR,84.0,CLE,BAL,True,False,False,False,False,False,False,,,0.1,False,,,
00-0040260,2026,Ahmani Marshall,RB,37.0,CLE,CAR,True,False,False,False,False,False,False,,,0.1,False,,,
00-0040261,2026,Easton Mascarenas-Arnold,LB,42.0,CLE,CLE,False,False,False,False,False,False,False,,,0.1,False,,,
00-0040263,2026,Donovan McMillon,DB,31.0,CLE,CLE,False,False,False,False,False,False,False,,,0.1,False,,,
00-0040265,2026,Ja'Seem Reed,WR,86.0,CAR,CAR,False,False,False,False,False,False,False,,,0.1,False,,,
00-0040268,2026,Major Burns,DB,43.0,,MIA,False,True,False,False,False,False,False,,,0.1,False,,,
00-0040270,2026,Power Echols,LB,46.0,HOU,SEA,True,False,False,False,False,False,False,,,0.1,False,,,
00-0040273,2026,Tysheem Johnson,DB,36.0,ATL,SEA,True,False,False,False,False,False,False,,,0.1,False,,,
00-0040275,2026,JP Richardson,WR,83.0,CHI,CHI,False,False,False,False,False,False,False,,,0.1,False,,,
00-0040277,2026,Jahdae Walker,WR,9.0,CHI,CHI,False,False,False,False,False,False,False,,,0.1,False,,,
00-0040279,2026,Ryan Fitzgerald,K,10.0,CAR,CAR,False,False,False,False,False,False,False,,,0.1,False,,,
00-0040283,2026,Jared Harrison-Hunte,DL,98.0,CAR,ARI,True,False,False,False,False,False,False,,,0.1,False,,,
00-0040284,2026,Jack Henderson,DB,48.0,MIA,PIT,True,False,False,False,False,False,False,,,0.1,False,,,
00-0040289,2026,Bam Martin-Scott,LB,54.0,CAR,CAR,False,False,False,False,False,False,False,,,0.1,False,,,
00-0040293,2026,Michael Reid,DB,42.0,CAR,NO,True,False,False,False,False,False,False,,,0.1,False,,,
00-0040295,2026,Trevian Thomas,DB,34.0,JAX,JAX,False,False,False,False,False,False,False,,,0.1,False,,,
00-0040296,2026,Corey Thornton,DB,31.0,CAR,CAR,False,False,False,False,False,False,False,,,0.1,False,,,
00-0040298,2026,Andrew Armstrong,WR,85.0,DET,KC,True,False,False,False,False,False,False,,,0.1,False,,,
00-0040299,2026,Eugene Asante,LB,48.0,ATL,ARI,True,False,False,False,False,False,False,,,0.1,False,,,
00-0040302,2026,A.J. Henning,WR,88.0,MIA,MIA,False,False,False,False,False,False,False,,,0.1,False,,,
00-0040304,2026,Alex Huntley,DL,96.0,MIA,MIA,False,False,False,False,False,False,False,,,0.1,False,,,
00-0040307,2026,Josh Priebe,OL,68.0,MIA,MIA,False,False,False,False,False,False,False,,,0.1,False,,,
00-0040310,2026,John Saunders Jr.,DB,23.0,NE,NYJ,True,False,False,False,False,False,False,,,0.1,False,,,
00-0040311,2026,Theo Wease Jr.,WR,82.0,MIA,LAC,True,False,False,False,False,False,False,,,0.1,False,,,
00-0040313,2026,Kam Arnold,LB,53.0,KC,KC,False,False,False,False,False,False,False,,,0.1,False,,,
00-0040314,2026,Ricky Barber,DL,50.0,WAS,WAS,False,False,False,False,False,False,False,,,0.1,False,,,
00-0040317,2026,Jacoby Jones,WR,84.0,WAS,WAS,False,False,False,False,False,False,False,,,0.1,False,,,
00-0040318,2026,Ale Kaho,LB,51.0,WAS,WAS,False,False,False,False,False,False,False,,,0.1,False,,,
00-0040319,2026,Robert McDaniel,DB,39.0,WAS,TB,True,False,False,False,False,False,False,,,0.1,False,,,
00-0040320,2026,Timothy McKay,OL,67.0,WAS,JAX,True,False,False,False,False,False,False,,,0.1,False,,,
00-0040322,2026,Car'lin Vigers,DB,42.0,WAS,PIT,True,False,False,False,False,False,False,,,0.1,False,,,
00-0040323,2026,Chandler Brayboy,WR,15.0,JAX,NE,True,False,False,False,False,False,False,,,0.1,False,,,
00-0040324,2026,Cam Camper,WR,88.0,JAX,NYJ,True,False,False,False,False,False,False,,,0.1,False,,,
00-0040326,2026,Branson Combs,LB,50.0,JAX,JAX,False,False,False,False,False,False,False,,,0.1,False,,,
00-0040328,2026,Ethan Downs,LB,40.0,KC,KC,False,False,False,False,False,False,False,,,0.1,False,,,
00-0040329,2026,BJ Green II,DL,95.0,JAX,JAX,False,False,False,False,False,False,False,,,0.1,False,,,
00-0040331,2026,Patrick Herbert,TE,81.0,JAX,LAC,True,False,False,False,False,False,False,,,0.1,False,,,
00-0040332,2026,Ja'Quinden Jackson,RB,45.0,JAX,PHI,True,False,False,False,False,False,False,,,0.1,False,,,
00-0040336,2026,Jabbar Muhammad,DB,37.0,JAX,JAX,False,False,False,False,False,False,False,,,0.1,False,,,
00-0040337,2026,Eli Pancol,WR,83.0,IND,IND,False,False,False,False,False,False,False,,,0.1,False,,,
00-0040338,2026,Keivie Rose,DL,97.0,JAX,JAX,False,False,False,False,False,False,False,,,0.1,False,,,
00-0040339,2026,Cam'Ron Silmon-Craig,DB,42.0,JAX,JAX,False,False,False,False,False,False,False,,,0.1,False,,,
00-0040341,2026,Doneiko Slaughter,DB,40.0,JAX,PIT,True,False,False,False,False,False,False,,,0.1,False,,,
00-0040342,2026,Danny Striggow,DL,92.0,JAX,JAX,False,False,False,False,False,False,False,,,0.1,False,,,
00-0040347,2026,Johnathan Edwards,DB,35.0,IND,IND,False,False,False,False,False,False,False,,,0.1,False,,,
00-0040349,2026,Marshall Foerner,OL,74.0,IND,TB,True,False,False,False,False,False,False,,,0.1,False,,,
00-0040352,2026,Coleman Owen,WR,9.0,IND,IND,False,False,False,False,False,False,False,,,0.1,False,,,
00-0040357,2026,Trey Washington,DB,41.0,IND,IND,False,False,False,False,False,False,False,,,0.1,False,,,
00-0040359,2026,Jacob Bayer,OL,69.0,CIN,CIN,False,False,False,False,False,False,False,,,0.1,False,,,
00-0040361,2026,Stephen Gosnell,WR,89.0,BUF,BUF,False,False,False,False,False,False,False,,,0.1,False,,,
00-0040362,2026,Keonta Jenkins,LB,49.0,BUF,BUF,False,False,False,False,False,False,False,,,0.1,False,,,
00-0040363,2026,Keleki Latu,TE,83.0,BUF,BUF,False,False,False,False,False,False,False,,,0.1,False,,,
00-0040364,2026,Wande Owens,DB,38.0,BUF,BUF,False,False,False,False,False,False,False,,,0.1,False,,,
00-0040365,2026,Daryl Porter,DB,27.0,BUF,PIT,True,False,False,False,False,False,False,,,0.1,False,,,
00-0040369,2026,Howard Cross III,DL,95.0,CIN,CIN,False,False,False,False,False,False,False,,,0.1,False,,,
00-0040371,2026,Eric Gregory,DL,95.0,NE,NE,False,False,False,False,False,False,False,,,0.1,False,,,
00-0040372,2026,Bralyn Lux,DB,21.0,CIN,CIN,False,False,False,False,False,False,False,,,0.1,False,,,
00-0040374,2026,Seth McLaughlin,OL,65.0,CIN,DET,True,False,False,False,False,False,False,,,0.1,False,,,
00-0040375,2026,Jordan Moore,WR,14.0,CIN,CIN,False,False,False,False,False,False,False,,,0.1,False,,,
00-0040379,2026,William Wagner,LS,46.0,CIN,CIN,False,False,False,False,False,False,False,,,0.1,False,,,
00-0040380,2026,Jeremiah Byers,OL,63.0,CLE,CLE,False,False,False,False,False,False,False,,,0.1,False,,,
00-0040382,2026,Josh Fryar,OL,78.0,ARI,ARI,False,False,False,False,False,False,False,,,0.1,False,,,
00-0040384,2026,Elijah Simmons,DL,92.0,TB,TB,False,False,False,False,False,False,False,,,0.1,False,,,
00-0040387,2026,Zach Horton,TE,43.0,DET,DET,False,False,False,False,False,False,False,,,0.1,False,,,
00-0040388,2026,Jakobie Keeney-James,WR,23.0,GB,PIT,True,False,False,False,False,False,False,,,0.1,False,,,
00-0040390,2026,Jackson Meeks,TE,13.0,DET,DET,False,False,False,False,False,False,False,,,0.1,False,,,
00-0040391,2026,Mason Miller,OL,63.0,DET,DET,False,False,False,False,False,False,False,,,0.1,False,,,
00-0040392,2026,Caden Prieskorn,TE,40.0,CLE,CAR,True,False,False,False,False,False,False,,,0.1,False,,,
00-0040394,2026,Anthony Tyus III,RB,34.0,CAR,CAR,False,False,False,False,False,False,False,,,0.1,False,,,
00-0040395,2026,Jared Bartlett,LB,45.0,ARI,JAX,True,False,False,False,False,False,False,,,0.1,False,,,
00-0040396,2026,Dean Clark,DB,35.0,NYJ,NYJ,False,False,False,False,False,False,False,,,0.1,False,,,
00-0040397,2026,Jordan Clark,DB,33.0,NYJ,NYJ,False,False,False,False,False,False,False,,,0.1,False,,,
00-0040398,2026,Brady Cook,QB,15.0,NYJ,MIA,True,False,False,False,False,False,False,,,0.1,False,,,
00-0040400,2026,Donovan Edwards,RB,36.0,MIA,MIA,False,False,False,False,False,False,False,,,0.1,False,,,
00-0040401,2026,Gus Hartwig,OL,60.0,NYJ,DET,True,False,False,False,False,False,False,,,0.1,False,,,
00-0040403,2026,Fatorma Mulbah,DL,95.0,NYJ,MIA,True,False,False,False,False,False,False,,,0.1,False,,,
00-0040404,2026,Payton Page,DL,98.0,NYJ,NYJ,False,False,False,False,False,False,False,,,0.1,False,,,
00-0040405,2026,Jamaal Pritchett,WR,81.0,NYJ,NYJ,False,False,False,False,False,False,False,,,0.1,False,,,
00-0040406,2026,Quentin Skinner,WR,18.0,NYJ,BUF,True,False,False,False,False,False,False,,,0.1,False,,,
00-0040407,2026,Aaron Smith,LB,42.0,NYJ,SEA,True,False,False,False,False,False,False,,,0.1,False,,,
00-0040409,2026,Austin Brinkman,LS,40.0,HOU,HOU,False,False,False,False,False,False,False,,,0.1,False,,,
00-0040410,2026,Eli Cox,OL,66.0,HOU,JAX,True,False,False,False,False,False,False,,,0.1,False,,,
00-0040411,2026,Alijah Huzzie,DB,28.0,HOU,HOU,False,False,False,False,False,False,False,,,0.1,False,,,
00-0040413,2026,K.C. Ossai,LB,52.0,MIA,HOU,True,False,False,False,False,False,False,,,0.1,False,,,
00-0040414,2026,Junior Tafuna,DL,91.0,HOU,HOU,False,False,False,False,False,False,False,,,0.1,False,,,
00-0040415,2026,Connor Bazelak,QB,16.0,TB,TB,False,False,False,False,False,False,False,,,0.1,False,,,
00-0040416,2026,John Bullock,LB,30.0,TB,TB,False,False,False,False,False,False,False,,,0.1,False,,,
00-0040417,2026,Benjamin Chukwuma,OL,70.0,TB,TB,False,False,False,False,False,False,False,,,0.1,False,,,
00-0040419,2026,Garrett Greene,WR,85.0,TB,TB,False,False,False,False,False,False,False,,,0.1,False,,,
00-0040420,2026,Nash Hutmacher,OL,64.0,TB,TB,False,False,False,False,False,False,False,,,0.1,False,,,
00-0040422,2026,Jake Majors,OL,75.0,PHI,PHI,False,False,False,False,False,False,False,,,0.1,False,,,
00-0040423,2026,Roman Parodie,DB,37.0,TB,TB,False,False,False,False,False,False,False,,,0.1,False,,,
00-0040425,2026,JJ Roberts,DB,36.0,TB,TB,False,False,False,False,False,False,False,,,0.1,False,,,
00-0040427,2026,Ben Scott,OL,66.0,TB,TB,False,False,False,False,False,False,False,,,0.1,False,,,
00-0040429,2026,Josh Williams,RB,18.0,TB,TB,False,False,False,False,False,False,False,,,0.1,False,,,
00-0040431,2026,Dalen Cambre,WR,83.0,NYG,NYG,False,False,False,False,False,False,False,,,0.1,False,,,
00-0040432,2026,Beaux Collins,WR,88.0,NYG,ATL,True,False,False,False,False,False,False,,,0.1,False,,,
00-0040434,2026,Trace Ford,LB,48.0,NYG,NYG,False,False,False,False,False,False,False,,,0.1,False,,,
00-0040438,2026,Antwane Wells Jr.,WR,82.0,NYG,ATL,True,False,False,False,False,False,False,,,0.1,False,,,
00-0040442,2026,Marques Cox,OL,70.0,ARI,MIA,True,False,False,False,False,False,False,,,0.1,False,,,
00-0040445,2026,Courtney Jackson,WR,39.0,SEA,TEN,True,False,False,False,False,False,False,,,0.1,False,,,
00-0040446,2026,Joseph Michalski,OL,60.0,DEN,NE,True,False,False,False,False,False,False,,,0.1,False,,,
00-0040449,2026,Karene Reid,LB,47.0,DEN,DEN,False,False,False,False,False,False,False,,,0.1,False,,,
00-0040450,2026,Jaden Robinson,DB,33.0,DEN,NYG,True,False,False,False,False,False,False,,,0.1,False,,,
00-0040451,2026,Xavier Truss,OL,74.0,NO,CLE,True,False,False,False,False,False,False,,,0.1,False,,,
00-0040452,2026,Johnny Walker Jr.,LB,59.0,DEN,DEN,False,False,False,False,False,False,False,,,0.1,False,,,
00-0040454,2026,Kristian Williams,DL,75.0,DEN,DEN,False,False,False,False,False,False,False,,,0.1,False,,,
00-0040457,2026,Jermaine Terry,TE,85.0,NYG,CLE,True,False,False,False,False,False,False,,,0.1,False,,,
00-0040458,2026,TeRah Edwards,DL,93.0,LAC,CAR,True,False,False,False,False,False,False,,,0.1,False,,,
00-0040460,2026,Marlowe Wax,LB,58.0,LAC,LAC,False,False,False,False,False,False,False,,,0.1,False,,,
00-0040464,2026,DJ Uiagalelei,QB,7.0,LAC,LAC,False,False,False,False,False,False,False,,,0.1,False,,,
00-0040466,2026,Raheim Sanders,RB,23.0,CLE,CLE,False,False,False,False,False,False,False,,,0.1,False,,,
00-0040467,2026,Josh Kaltenberger,OL,68.0,LAC,LAC,False,False,False,False,False,False,False,,,0.1,False,,,
00-0040468,2026,Eric Rogers,DB,39.0,LAC,LAC,False,False,False,False,False,False,False,,,0.1,False,,,
00-0040471,2026,Nikko Reed,DB,46.0,LAC,NYG,True,False,False,False,False,False,False,,,0.1,False,,,
00-0040472,2026,Garmon Randolph,LB,56.0,LAC,CIN,True,False,False,False,False,False,False,,,0.1,False,,,
00-0040473,2026,Myles Purchase,DB,41.0,NYG,LAC,True,False,False,False,False,False,False,,,0.1,False,,,
00-0040476,2026,Ulysses Bentley IV,RB,37.0,IND,IND,False,False,False,False,False,False,False,,,0.1,False,,,
00-0040479,2026,Hudson Clark,DB,37.0,LV,ARI,True,False,False,False,False,False,False,,,0.1,False,,,
00-0040486,2026,Jah Joyner,DL,96.0,LV,SF,True,False,False,False,False,False,False,,,0.1,False,,,
00-0040487,2026,Treven Ma'ae,DL,68.0,LV,LV,False,False,False,False,False,False,False,,,0.1,False,,,
00-0040488,2026,Carter Runyon,TE,84.0,LV,LV,False,False,False,False,False,False,False,,,0.1,False,,,
00-0040489,2026,Greedy Vance,DB,22.0,LV,LV,False,False,False,False,False,False,False,,,0.1,False,,,
00-0040492,2026,Tyler Batty,LB,92.0,MIN,MIN,False,False,False,False,False,False,False,,,0.1,False,,,
00-0040494,2026,Max Brosmer,QB,12.0,MIN,MIN,False,False,False,False,False,False,False,,,0.1,False,,,
00-0040495,2026,Logan Brown,OL,73.0,SEA,SEA,False,False,False,False,False,False,False,,,0.1,False,,,
00-0040496,2026,Chaz Chambliss,LB,32.0,MIN,MIN,False,False,False,False,False,False,False,,,0.1,False,,,
00-0040497,2026,Zeke Correll,OL,63.0,MIN,PHI,True,False,False,False,False,False,False,,,0.1,False,,,
00-0040498,2026,Dontae Fleming,WR,19.0,MIN,MIN,False,False,False,False,False,False,False,,,0.1,False,,,
00-0040499,2026,Keenan Garber,DB,45.0,DET,NYJ,True,False,False,False,False,False,False,,,0.1,False,,,
00-0040500,2026,Joe Huber,OL,60.0,MIN,MIN,False,False,False,False,False,False,False,,,0.1,False,,,
00-0040501,2026,Austin Keys,LB,57.0,ARI,WAS,True,False,False,False,False,False,False,,,0.1,False,,,
00-0040503,2026,Dorian Mausi,LB,54.0,TEN,TEN,False,False,False,False,False,False,False,,,0.1,False,,,
00-0040504,2026,Bryson Nesbit,TE,83.0,MIN,MIN,False,False,False,False,False,False,False,,,0.1,False,,,
00-0040506,2026,Myles Price,WR,4.0,MIN,MIN,False,False,False,False,False,False,False,,,0.1,False,,,
00-0040507,2026,Zemaiah Vaughn,DB,5.0,MIN,MIN,False,False,False,False,False,False,False,,,0.1,False,,,
00-0040509,2026,Ben Yurosek,TE,85.0,MIN,MIN,False,False,False,False,False,False,False,,,0.1,False,,,
00-0040512,2026,Brandon Crenshaw-Dickson,OL,78.0,TEN,TEN,False,False,False,False,False,False,False,,,0.1,False,,,
00-0040517,2026,Cam Horsley,DL,93.0,TEN,ARI,True,False,False,False,False,False,False,,,0.1,False,,,
00-0040518,2026,Jalen Kimber,DB,40.0,CIN,CIN,False,False,False,False,False,False,False,,,0.1,False,,,
00-0040522,2026,Xavier Restrepo,WR,87.0,TEN,TEN,False,False,False,False,False,False,False,,,0.1,False,,,
00-0040526,2026,Tre Stewart,RB,26.0,MIN,ARI,True,False,False,False,False,False,False,,,0.1,False,,,
00-0040527,2026,Sebastian Castro,DB,49.0,PIT,PIT,False,False,False,False,False,False,False,,,0.1,False,,,
00-0040528,2026,JJ Galbreath,TE,47.0,PIT,IND,True,False,False,False,False,False,False,,,0.1,False,,,
00-0040530,2026,Ben Sauls,K,30.0,NYG,NYG,False,False,False,False,False,False,False,,,0.1,False,,,
00-0040531,2026,Roc Taylor,WR,39.0,,CAR,False,True,False,False,False,False,False,,,0.1,False,,,
00-0040534,2026,Ke'Shawn Williams,WR,12.0,CIN,CIN,False,False,False,False,False,False,False,,,0.1,False,,,
00-0040535,2026,Dalys Beanum,DB,37.0,NO,NO,False,False,False,False,False,False,False,,,0.1,False,,,
00-0040537,2026,Elliott Davison,DB,27.0,NO,NE,True,False,False,False,False,False,False,,,0.1,False,,,
00-0040539,2026,Easton Kilty,OL,73.0,NO,NO,False,False,False,False,False,False,False,,,0.1,False,,,
00-0040541,2026,Torricelli Simpkins III,OL,65.0,NO,CAR,True,False,False,False,False,False,False,,,0.1,False,,,
00-0040546,2026,Cobee Bryant,DB,37.0,ATL,ATL,False,False,False,False,False,False,False,,,0.1,False,,,
00-0040547,2026,Nate Carter,RB,35.0,ATL,KC,True,False,False,False,False,False,False,,,0.1,False,,,
00-0040548,2026,Joshua Gray,OL,79.0,ATL,MIN,True,False,False,False,False,False,False,,,0.1,False,,,
00-0040550,2026,Dontae Manning,DB,27.0,CHI,CHI,False,False,False,False,False,False,False,,,0.1,False,,,
00-0040551,2026,Nick Nash,WR,19.0,ATL,WAS,True,False,False,False,False,False,False,,,0.1,False,,,
00-0040552,2026,Joshua Simon,TE,47.0,ATL,WAS,True,False,False,False,False,False,False,,,0.1,False,,,
00-0040553,2026,Quincy Skinner Jr.,WR,39.0,ATL,GB,True,False,False,False,False,False,False,,,0.1,False,,,
00-0040554,2026,Malik Verdon,LB,43.0,ATL,ATL,False,False,False,False,False,False,False,,,0.1,False,,,
00-0040556,2026,Corey Kiner,RB,9.0,ARI,NE,True,False,False,False,False,False,False,,,0.1,False,,,
00-0040557,2026,Drew Moss,OL,67.0,TEN,TEN,False,False,False,False,False,False,False,,,0.1,False,,,
00-0040558,2026,Isaiah Neyor,WR,80.0,GB,GB,False,False,False,False,False,False,False,,,0.1,False,,,
00-0040559,2026,Jakob Robinson,DB,43.0,SF,SF,False,False,False,False,False,False,False,,,0.1,False,,,
00-0040560,2026,Sebastian Valdez,DL,55.0,SF,SF,False,False,False,False,False,False,False,,,0.1,False,,,
00-0040563,2026,Efton Chism III,WR,86.0,NE,NE,False,False,False,False,False,False,False,,,0.1,False,,,
00-0040564,2026,Jack Conley,OL,67.0,CLE,NE,True,False,False,False,False,False,False,,,0.1,False,,,
00-0040565,2026,Brandon Crossley,DB,39.0,NE,NE,False,False,False,False,False,False,False,,,0.1,False,,,
00-0040566,2026,CJ Dippre,TE,82.0,NE,TB,True,False,False,False,False,False,False,,,0.1,False,,,
00-0040567,2026,Brock Lampe,RB,45.0,NE,BUF,True,False,False,False,False,False,False,,,0.1,False,,,
00-0040568,2026,Lan Larison,RB,34.0,NE,NE,False,False,False,False,False,False,False,,,0.1,False,,,
00-0040570,2026,Jeremiah Webb,WR,29.0,NE,NE,False,False,False,False,False,False,False,,,0.1,False,,,
00-0040572,2026,Jahvaree Ritzie,DL,96.0,NE,MIN,True,False,False,False,False,False,False,,,0.1,False,,,
00-0040573,2026,Cam Riley,LB,38.0,TEN,MIA,True,False,False,False,False,False,False,,,0.1,False,,,
00-0040574,2026,Elijah Ponder,LB,91.0,NE,NE,False,False,False,False,False,False,False,,,0.1,False,,,
00-0040576,2026,Josh Minkins,DB,38.0,,ARI,False,True,False,False,False,False,False,,,0.1,False,,,
00-0040577,2026,Jalon Walker,LB,11.0,ATL,ATL,False,False,False,False,False,False,False,,,0.1,False,,,
00-0040578,2026,James Pearce Jr.,LB,27.0,ATL,ATL,False,False,False,False,False,False,False,,,0.1,False,,,
00-0040579,2026,Carson Schwesinger,LB,49.0,CLE,CLE,False,False,False,False,False,False,False,,,0.1,False,,,
00-0040580,2026,Josaiah Stewart,LB,10.0,LA,LA,False,False,False,False,False,False,False,,,0.1,False,,,
00-0040581,2026,Dont'e Thornton Jr.,WR,10.0,LV,LV,False,False,False,False,False,False,False,,,0.1,False,,,
00-0040582,2026,Arian Smith,WR,82.0,NYJ,NYJ,False,False,False,False,False,False,False,,,0.1,False,,,
00-0040583,2026,Woody Marks,RB,4.0,HOU,HOU,False,False,False,False,False,False,False,,,0.1,False,,,
00-0040584,2026,Gunnar Helm,TE,84.0,TEN,TEN,False,False,False,False,False,False,False,,,0.1,False,,,
00-0040585,2026,Ty Hamilton,DL,57.0,LA,LA,False,False,False,False,False,False,False,,,0.1,False,,,
00-0040586,2026,Jaydon Blue,RB,30.0,DAL,PHI,True,False,False,False,False,False,False,,,0.1,False,,,
00-0040587,2026,Drew Kendall,OL,66.0,PHI,PHI,False,False,False,False,False,False,False,,,0.1,False,,,
00-0040588,2026,Pooh Paul Jr.,LB,49.0,SEA,SEA,False,False,False,False,False,False,False,,,0.1,False,,,
00-0040589,2026,Kurtis Rourke,QB,14.0,SF,SF,False,False,False,False,False,False,False,,,0.1,False,,,
00-0040590,2026,Konata Mumpfield,WR,4.0,LA,LA,False,False,False,False,False,False,False,,,0.1,False,,,
00-0040593,2026,Mehki Butler,OL,63.0,NE,NE,False,False,False,False,False,False,False,,,0.1,False,,,
00-0040594,2026,Jamil Muhammad,DL,67.0,CAR,CLE,True,False,False,False,False,False,False,,,0.1,False,,,
00-0040595,2026,Bill Norton,DL,93.0,LA,LA,False,False,False,False,False,False,False,,,0.1,False,,,
00-0040597,2026,Brennan Presley,WR,81.0,LA,LA,False,False,False,False,False,False,False,,,0.1,False,,,
00-0040598,2026,Mark Redman,TE,86.0,LA,GB,True,False,False,False,False,False,False,,,0.1,False,,,
00-0040600,2026,Nate Valcarcel,DB,43.0,LA,LA,False,False,False,False,False,False,False,,,0.1,False,,,
00-0040601,2026,Jordan Waters,RB,32.0,LA,LA,False,False,False,False,False,False,False,,,0.1,False,,,
00-0040602,2026,Trey Wedig,OL,69.0,ARI,IND,True,False,False,False,False,False,False,,,0.1,False,,,
00-0040604,2026,Jahfari Harvey,LB,91.0,LV,LV,False,False,False,False,False,False,False,,,0.1,False,,,
00-0040609,2026,Tru Edwards,WR,16.0,LA,LA,False,False,False,False,False,False,False,,,0.1,False,,,
00-0040611,2026,Wyatt Bowles,OL,60.0,LA,LA,False,False,False,False,False,False,False,,,0.1,False,,,
00-0040613,2026,Shaun Dolac,LB,56.0,LA,LA,False,False,False,False,False,False,False,,,0.1,False,,,
00-0040616,2026,Kisean Johnson,WR,86.0,GB,GB,False,False,False,False,False,False,False,,,0.1,False,,,
00-0040617,2026,Luke Floriea,WR,81.0,CLE,CLE,False,False,False,False,False,False,False,,,0.1,False,,,
00-0040618,2026,Max Hurleman,WR,84.0,PIT,PIT,False,False,False,False,False,False,False,,,0.1,False,,,
00-0040621,2026,Montorie Foster Jr,WR,87.0,SEA,SEA,False,False,False,False,False,False,False,,,0.1,False,,,
00-0040624,2026,Elijah Williams,DL,99.0,MIN,MIN,False,False,False,False,False,False,False,,,0.1,False,,,
00-0040625,2026,Nick Jackson,LB,53.0,TB,TB,False,False,False,False,False,False,False,,,0.1,False,,,
00-0040628,2026,Drake Dabney,TE,49.0,GB,GB,False,False,False,False,False,False,False,,,0.1,False,,,
00-0040629,2026,Dalevon Campbell,WR,81.0,LAC,LAC,False,False,False,False,False,False,False,,,0.1,False,,,
00-0040631,2026,Willie Lampkin,OL,61.0,PHI,PHI,False,False,False,False,False,False,False,,,0.1,False,,,
00-0040633,2026,Kyrese Rowan,WR,86.0,DEN,NO,True,False,False,False,False,False,False,,,0.1,False,,,
00-0040634,2026,Jordan Turner,LB,55.0,DEN,DEN,False,False,False,False,False,False,False,,,0.1,False,,,
00-0040636,2026,Keyon Martin,DB,38.0,BAL,BAL,False,False,False,False,False,False,False,,,0.1,False,,,
00-0040637,2026,Lucas Scott,RB,47.0,BAL,BAL,False,False,False,False,False,False,False,,,0.1,False,,,
00-0040639,2026,Grey Zabel,OL,76.0,SEA,SEA,False,False,False,False,False,False,False,,,0.1,False,,,
00-0040640,2026,Ashton Gillotte,DL,97.0,KC,KC,False,False,False,False,False,False,False,,,0.1,False,,,
00-0040641,2026,Darien Porter,DB,26.0,LV,LV,False,False,False,False,False,False,False,,,0.1,False,,,
00-0040642,2026,Vernon Broughton,DL,91.0,NO,NO,False,False,False,False,False,False,False,,,0.1,False,,,
00-0040643,2026,Jonas Sanker,DB,7.0,NO,NO,False,False,False,False,False,False,False,,,0.1,False,,,
00-0040644,2026,Trevor Etienne,RB,23.0,CAR,CAR,False,False,False,False,False,False,False,,,0.1,False,,,
00-0040645,2026,Cody Simon,LB,0.0,ARI,ARI,False,False,False,False,False,False,False,,,0.1,False,,,
00-0040646,2026,Jalen Royals,WR,11.0,KC,KC,False,False,False,False,False,False,False,,,0.1,False,,,
00-0040647,2026,Rylie Mills,DL,98.0,SEA,SEA,False,False,False,False,False,False,False,,,0.1,False,,,
00-0040648,2026,Tory Horton,WR,15.0,SEA,SEA,False,False,False,False,False,False,False,,,0.1,False,,,
00-0040649,2026,Robbie Ouzts,RB,40.0,SEA,SEA,False,False,False,False,False,False,False,,,0.1,False,,,
00-0040650,2026,Bryce Cabeldue,OL,77.0,SEA,LV,True,False,False,False,False,False,False,,,0.1,False,,,
00-0040651,2026,Damien Martinez,RB,26.0,GB,GB,False,False,False,False,False,False,False,,,0.1,False,,,
00-0040652,2026,Mason Richman,OL,78.0,SEA,SEA,False,False,False,False,False,False,False,,,0.1,False,,,
00-0040653,2026,Ricky White III,WR,86.0,SEA,SEA,False,False,False,False,False,False,False,,,0.1,False,,,
00-0040654,2026,Kai Kroeger,P,38.0,NO,HOU,True,False,False,False,False,False,False,,,0.1,False,,,
00-0040655,2026,Keith Cooper Jr.,DL,97.0,CLE,MIA,True,False,False,False,False,False,False,,,0.1,False,,,
00-0040656,2026,Hunter Dekkers,QB,13.0,NO,NO,False,False,False,False,False,False,False,,,0.1,False,,,
00-0040658,2026,Kaimon Rucker,LB,56.0,BAL,BAL,False,False,False,False,False,False,False,,,0.1,False,,,
00-0040659,2026,Derrick Canteen,DB,42.0,SF,TEN,True,False,False,False,False,False,False,,,0.1,False,,,
00-0040660,2026,Mykel Williams,DL,98.0,SF,SF,False,False,False,False,False,False,False,,,0.1,False,,,
00-0040661,2026,Donovan Jackson,OL,74.0,MIN,MIN,False,False,False,False,False,False,False,,,0.1,False,,,
00-0040662,2026,Ty Robinson,DL,95.0,PHI,PHI,False,False,False,False,False,False,False,,,0.1,False,,,
00-0040663,2026,Harold Fannin Jr.,TE,44.0,CLE,CLE,False,False,False,False,False,False,False,,,0.1,False,,,
00-0040666,2026,Omarion Hampton,RB,8.0,LAC,LAC,False,False,False,False,False,False,False,,,0.1,False,,,
00-0040667,2026,Matthew Golden,WR,0.0,GB,GB,False,False,False,False,False,False,False,,,0.1,False,,,
00-0040668,2026,Shedeur Sanders,QB,2.0,CLE,CLE,False,False,False,False,False,False,False,,,0.1,False,,,
00-0040669,2026,Isaac TeSlaa,WR,18.0,DET,DET,False,False,False,False,False,False,False,,,0.1,False,,,
00-0040670,2026,Nohl Williams,DB,20.0,KC,KC,False,False,False,False,False,False,False,,,0.1,False,,,
00-0040672,2026,Tyleik Williams,DL,91.0,DET,DET,False,False,False,False,False,False,False,,,0.1,False,,,
00-0040673,2026,Jalen Milroe,QB,6.0,SEA,SEA,False,False,False,False,False,False,False,,,0.1,False,,,
00-0040674,2026,Keydrain Calligan,DB,29.0,TEN,TEN,False,False,False,False,False,False,False,,,0.1,False,,,
00-0040676,2026,Cam Ward,QB,1.0,TEN,TEN,False,False,False,False,False,False,False,,,0.1,False,,,
00-0040677,2026,Abdul Carter,LB,3.0,NYG,NYG,False,False,False,False,False,False,False,,,0.1,False,,,
00-0040678,2026,Derrick Harmon,DL,99.0,PIT,PIT,False,False,False,False,False,False,False,,,0.1,False,,,
00-0040679,2026,Sean Fresch,DB,37.0,,DEN,False,True,False,False,False,False,False,,,0.1,False,,,
00-0040684,2026,Patrick Jenkins,DL,53.0,ATL,CLE,True,False,False,False,False,False,False,,,0.1,False,,,
00-0040685,2026,Mason Graham,DL,94.0,CLE,CLE,False,False,False,False,False,False,False,,,0.1,False,,,
00-0040686,2026,Josh Conerly Jr.,OL,72.0,WAS,WAS,False,False,False,False,False,False,False,,,0.1,False,,,
00-0040687,2026,Cameron Williams,OL,73.0,PHI,ATL,True,False,False,False,False,False,False,,,0.1,False,,,
00-0040688,2026,Malaki Starks,DB,24.0,BAL,BAL,False,False,False,False,False,False,False,,,0.1,False,,,
00-0040689,2026,Anthony Campbell,DL,93.0,GB,GB,False,False,False,False,False,False,False,,,0.1,False,,,
00-0040691,2026,Jaxson Dart,QB,6.0,NYG,NYG,False,False,False,False,False,False,False,,,0.1,False,,,
00-0040692,2026,Jarquez Hunter,RB,31.0,LA,MIA,True,False,False,False,False,False,False,,,0.1,False,,,
00-0040694,2026,Darius Alexander,DL,91.0,NYG,NYG,False,False,False,False,False,False,False,,,0.1,False,,,
00-0040697,2026,Thomas Gordon,TE,82.0,CHI,DET,True,False,False,False,False,False,False,,,0.1,False,,,
00-0040699,2026,Will Campbell,OL,66.0,NE,NE,False,False,False,False,False,False,False,,,0.1,False,,,
00-0040702,2026,Mitch Van Vooren,TE,80.0,CLE,DAL,True,False,False,False,False,False,False,,,0.1,False,,,
00-0040704,2026,Dillon Gabriel,QB,6.0,CLE,CLE,False,False,False,False,False,False,False,,,0.1,False,,,
00-0040705,2026,Chimere Dike,WR,17.0,TEN,TEN,False,False,False,False,False,False,False,,,0.1,False,,,
00-0040706,2026,Walter Nolen,DL,97.0,ARI,ARI,False,False,False,False,False,False,False,,,0.1,False,,,
00-0040708,2026,Jihaad Campbell,LB,11.0,PHI,PHI,False,False,False,False,False,False,False,,,0.1,False,,,
00-0040709,2026,Maxwell Hairston,DB,1.0,BUF,BUF,False,False,False,False,False,False,False,,,0.1,False,,,
00-0040710,2026,Deone Walker,DL,96.0,BUF,BUF,False,False,False,False,False,False,False,,,0.1,False,,,
00-0040711,2026,CJ West,DL,99.0,SF,SF,False,False,False,False,False,False,False,,,0.1,False,,,
00-0040712,2026,Vershon Lee,OL,63.0,MIN,ARI,True,False,False,False,False,False,False,,,0.1,False,,,
00-0040715,2026,Cam Skattebo,RB,44.0,NYG,NYG,False,False,False,False,False,False,False,,,0.1,False,,,
00-0040716,2026,Craig Woodson,DB,4.0,NE,NE,False,False,False,False,False,False,False,,,0.1,False,,,
00-0040718,2026,Travis Hunter,WR,12.0,JAX,JAX,False,False,False,False,False,False,False,,,0.1,False,,,
00-0040719,2026,Bhayshul Tuten,RB,33.0,JAX,JAX,False,False,False,False,False,False,False,,,0.1,False,,,
00-0040720,2026,Jahdae Barron,DB,23.0,DEN,DEN,False,False,False,False,False,False,False,,,0.1,False,,,
00-0040721,2026,Alfred Collins,DL,95.0,SF,SF,False,False,False,False,False,False,False,,,0.1,False,,,
00-0040722,2026,Mike Green,LB,15.0,BAL,BAL,False,False,False,False,False,False,False,,,0.1,False,,,
00-0040723,2026,Jack Kiser,LB,54.0,JAX,JAX,False,False,False,False,False,False,False,,,0.1,False,,,
00-0040724,2026,T.J. Sanders,DL,98.0,BUF,BUF,False,False,False,False,False,False,False,,,0.1,False,,,
00-0040725,2026,Donovan Ezeiruaku,LB,6.0,DAL,DAL,False,False,False,False,False,False,False,,,0.1,False,,,
00-0040726,2026,Anthony Belton,OL,71.0,GB,GB,False,False,False,False,False,False,False,,,0.1,False,,,
00-0040727,2026,Tre Harris,WR,9.0,LAC,LAC,False,False,False,False,False,False,False,,,0.1,False,,,
00-0040728,2026,Tate Ratledge,OL,69.0,DET,DET,False,False,False,False,False,False,False,,,0.1,False,,,
00-0040729,2026,Jack Bech,WR,18.0,LV,LV,False,False,False,False,False,False,False,,,0.1,False,,,
00-0040730,2026,RJ Harvey,RB,12.0,DEN,DEN,False,False,False,False,False,False,False,,,0.1,False,,,
00-0040731,2026,Trey Amos,DB,23.0,WAS,WAS,False,False,False,False,False,False,False,,,0.1,False,,,
00-0040733,2026,Nick Emmanwori,DB,3.0,SEA,SEA,False,False,False,False,False,False,False,,,0.1,False,,,
00-0040734,2026,TreVeyon Henderson,RB,32.0,NE,NE,False,False,False,False,False,False,False,,,0.1,False,,,
00-0040735,2026,Luther Burden III,WR,10.0,CHI,CHI,False,False,False,False,False,False,False,,,0.1,False,,,
00-0040736,2026,Mason Taylor,TE,85.0,NYJ,NYJ,False,False,False,False,False,False,False,,,0.1,False,,,
00-0040737,2026,Terrance Ferguson,TE,18.0,LA,LA,False,False,False,False,False,False,False,,,0.1,False,,,
00-0040738,2026,Demetrius Knight Jr.,LB,44.0,CIN,CIN,False,False,False,False,False,False,False,,,0.1,False,,,
00-0040739,2026,Elijah Arroyo,TE,18.0,SEA,SEA,False,False,False,False,False,False,False,,,0.1,False,,,
00-0040740,2026,Ozzy Trapilo,OL,75.0,CHI,CHI,False,False,False,False,False,False,False,,,0.1,False,,,
00-0040741,2026,Shemar Turner,DL,95.0,CHI,CHI,False,False,False,False,False,False,False,,,0.1,False,,,
00-0040742,2026,Jonah Savaiinaea,OL,71.0,MIA,MIA,False,False,False,False,False,False,False,,,0.1,False,,,
00-0040743,2026,Tyler Shough,QB,6.0,NO,NO,False,False,False,False,False,False,False,,,0.1,False,,,
00-0040744,2026,Jaylahn Tuimoloau,DL,91.0,IND,IND,False,False,False,False,False,False,False,,,0.1,False,,,
00-0040745,2026,Aireontae Ersery,OL,79.0,HOU,HOU,False,False,False,False,False,False,False,,,0.1,False,,,
00-0040746,2026,Nic Scourton,LB,11.0,CAR,CAR,False,False,False,False,False,False,False,,,0.1,False,,,
00-0040747,2026,Benjamin Morrison,DB,21.0,TB,TB,False,False,False,False,False,False,False,,,0.1,False,,,
00-0040748,2026,Omarr Norman-Lott,DL,55.0,KC,KC,False,False,False,False,False,False,False,,,0.1,False,,,
00-0040749,2026,Andrew Mukuba,DB,24.0,PHI,PHI,False,False,False,False,False,False,False,,,0.1,False,,,
00-0040751,2026,Will Johnson,DB,2.0,ARI,ARI,False,False,False,False,False,False,False,,,0.1,False,,,
00-0040752,2026,Oluwafemi Oladejo,LB,7.0,TEN,TEN,False,False,False,False,False,False,False,,,0.1,False,,,
00-0040753,2026,Will Sheppard,WR,81.0,GB,MIA,True,False,False,False,False,False,False,,,0.1,False,,,
00-0040756,2026,Shemar Stewart,DL,94.0,CIN,CIN,False,False,False,False,False,False,False,,,0.1,False,,,
00-0040761,2026,Ahmed Hassanein,DL,99.0,DET,DET,False,False,False,False,False,False,False,,,0.1,False,,,
00-0040762,2026,Laki Tasi,DL,68.0,LV,TEN,True,False,False,False,False,False,False,,,0.1,False,,,
00-0040763,2026,Mapalo Mwansa,LB,42.0,CAR,CAR,False,False,False,False,False,False,False,,,0.1,False,,,
00-0040764,2026,Federico Maranges,OL,62.0,SEA,SEA,False,False,False,False,False,False,False,,,0.1,False,,,
00-0040765,2026,Valentin Senn,OL,69.0,ARI,ARI,False,False,False,False,False,False,False,,,0.1,False,,,
00-0040769,2026,Jaden Smith,WR,17.0,TB,DAL,True,False,False,False,False,False,False,,,0.1,False,,,
00-0040782,2026,Isaiah Bond,WR,0.0,CLE,CLE,False,False,False,False,False,False,False,,,0.1,False,,,
00-0040784,2026,Quinshon Judkins,RB,10.0,CLE,CLE,False,False,False,False,False,False,False,,,0.1,False,,,
00-0040785,2026,Dohnte Meyers,WR,81.0,,CIN,False,True,False,False,False,False,False,,,0.1,False,,,
00-0040786,2026,Jacob Roberts,LB,48.0,,MIN,False,True,False,False,False,False,False,,,0.1,False,,,
00-0040787,2026,Devin Veresuk,LB,48.0,,IND,False,True,False,False,False,False,False,,,0.1,False,,,
00-0040790,2026,Rob Carter Jr.,DB,39.0,,IND,False,True,False,False,False,False,False,,,0.1,False,,,
00-0040792,2026,Layne Pryor,TE,49.0,,HOU,False,True,False,False,False,False,False,,,0.1,False,,,
00-0040793,2026,Paschal Ekeji,LB,54.0,,NYJ,False,True,False,False,False,False,False,,,0.1,False,,,
00-0040808,2026,Jaheim Thomas,LB,30.0,,MIA,False,True,False,False,False,False,False,,,0.1,False,,,
00-0040835,2026,Maceo Beard,DB,,,MIN,False,True,False,False,False,False,False,,,0.1,False,,,
00-0040853,2026,Carson Towt,TE,45.0,,IND,False,True,False,False,False,False,False,,,0.1,False,,,
00-0040864,2026,Jeffrey M'ba,DL,60.0,,WAS,False,True,False,False,False,False,False,,,0.1,False,,,
00-0040865,2026,Caleb Downs,DB,13.0,,DAL,False,True,False,False,False,False,False,,,0.1,False,,,
00-0040866,2026,Olaivavega Ioane,OL,71.0,,BAL,False,True,False,False,False,False,False,,,0.1,False,,,
00-0040867,2026,Makai Lemon,WR,9.0,,PHI,False,True,False,False,False,False,False,,,0.1,False,,,
00-0040868,2026,Treydan Stukes,DB,31.0,,LV,False,True,False,False,False,False,False,,,0.1,False,,,
00-0040869,2026,Chris McClellan,DL,55.0,,GB,False,True,False,False,False,False,False,,,0.1,False,,,
00-0040870,2026,Ja'Kobi Lane,WR,6.0,,BAL,False,True,False,False,False,False,False,,,0.1,False,,,
00-0040871,2026,Trey Zuhn III,OL,66.0,,LV,False,True,False,False,False,False,False,,,0.1,False,,,
00-0040872,2026,Jaishawn Barham,LB,55.0,,DAL,False,True,False,False,False,False,False,,,0.1,False,,,
00-0040873,2026,Julian Neal,DB,1.0,,SEA,False,True,False,False,False,False,False,,,0.1,False,,,
00-0040874,2026,Drew Shelton,OL,67.0,,DAL,False,True,False,False,False,False,False,,,0.1,False,,,
00-0040875,2026,Devin Moore,DB,29.0,,DAL,False,True,False,False,False,False,False,,,0.1,False,,,
00-0040876,2026,Elijah Sarratt,WR,13.0,,BAL,False,True,False,False,False,False,False,,,0.1,False,,,
00-0040877,2026,Dani Dennis-Sutton,LB,51.0,,GB,False,True,False,False,False,False,False,,,0.1,False,,,
00-0040878,2026,Mike Washington Jr.,RB,4.0,,LV,False,True,False,False,False,False,False,,,0.1,False,,,
00-0040879,2026,Matthew Hibner,TE,88.0,,BAL,False,True,False,False,False,False,False,,,0.1,False,,,
00-0040880,2026,LT Overton,DL,99.0,,DAL,False,True,False,False,False,False,False,,,0.1,False,,,
00-0040881,2026,Fernando Carmona,OL,66.0,,TEN,False,True,False,False,False,False,False,,,0.1,False,,,
00-0040882,2026,Beau Stephens,OL,70.0,,SEA,False,True,False,False,False,False,False,,,0.1,False,,,
00-0040883,2026,Dalton Johnson,DB,43.0,,LV,False,True,False,False,False,False,False,,,0.1,False,,,
00-0040884,2026,Jager Burton,OL,52.0,,GB,False,True,False,False,False,False,False,,,0.1,False,,,
00-0040885,2026,Chandler Rivers,DB,29.0,,BAL,False,True,False,False,False,False,False,,,0.1,False,,,
00-0040886,2026,Nicholas Singleton,RB,32.0,,TEN,False,True,False,False,False,False,False,,,0.1,False,,,
00-0040887,2026,Josh Cuevas,TE,85.0,,BAL,False,True,False,False,False,False,False,,,0.1,False,,,
00-0040888,2026,Adam Randall,RB,23.0,,BAL,False,True,False,False,False,False,False,,,0.1,False,,,
00-0040889,2026,Hezekiah Masses,DB,35.0,,LV,False,True,False,False,False,False,False,,,0.1,False,,,
00-0040890,2026,Cyrus Allen,WR,13.0,,KC,False,True,False,False,False,False,False,,,0.1,False,,,
00-0040891,2026,Cole Payton,QB,18.0,,PHI,False,True,False,False,False,False,False,,,0.1,False,,,
00-0040892,2026,Jackie Marshall,DL,96.0,,TEN,False,True,False,False,False,False,False,,,0.1,False,,,
00-0040893,2026,Pat Coogan,OL,79.0,,TEN,False,True,False,False,False,False,False,,,0.1,False,,,
00-0040894,2026,Malik Benson,WR,19.0,,LV,False,True,False,False,False,False,False,,,0.1,False,,,
00-0040895,2026,Emmanuel Henderson Jr.,WR,84.0,,SEA,False,True,False,False,False,False,False,,,0.1,False,,,
00-0040896,2026,Domani Jackson,DB,20.0,,GB,False,True,False,False,False,False,False,,,0.1,False,,,
00-0040897,2026,Micah Morris,OL,76.0,,PHI,False,True,False,False,False,False,False,,,0.1,False,,,
00-0040898,2026,Ryan Eckley,P,30.0,,BAL,False,True,False,False,False,False,False,,,0.1,False,,,
00-0040899,2026,Trey Smack,K,28.0,,GB,False,True,False,False,False,False,False,,,0.1,False,,,
00-0040900,2026,Anthony Smith,WR,83.0,,DAL,False,True,False,False,False,False,False,,,0.1,False,,,
00-0040901,2026,Jaren Kanak,TE,81.0,,TEN,False,True,False,False,False,False,False,,,0.1,False,,,
00-0040902,2026,Brandon Cleveland,DL,90.0,,LV,False,True,False,False,False,False,False,,,0.1,False,,,
00-0040903,2026,Andre Fuller,DB,35.0,,SEA,False,True,False,False,False,False,False,,,0.1,False,,,
00-0040904,2026,Deven Eastern,DL,97.0,,SEA,False,True,False,False,False,False,False,,,0.1,False,,,
00-0040905,2026,Cole Wisniewski,DB,21.0,,PHI,False,True,False,False,False,False,False,,,0.1,False,,,
00-0040906,2026,Garrett Nussmeier,QB,19.0,,KC,False,True,False,False,False,False,False,,,0.1,False,,,
00-0040907,2026,Rayshaun Benny,DL,99.0,,BAL,False,True,False,False,False,False,False,,,0.1,False,,,
00-0040908,2026,Keyshawn James-Newby,LB,50.0,,PHI,False,True,False,False,False,False,False,,,0.1,False,,,
00-0040909,2026,Evan Beerntsen,OL,60.0,,SEA,False,True,False,False,False,False,False,,,0.1,False,,,
00-0040910,2026,Michael Dansby,DB,37.0,,SEA,False,True,False,False,False,False,False,,,0.1,False,,,
00-0040912,2026,Hank Beatty,WR,13.0,,TEN,False,True,False,False,False,False,False,,,0.1,False,,,
00-0040914,2026,Bishop Fitzgerald,DB,38.0,,PIT,False,True,False,False,False,False,False,,,0.1,False,,,
00-0040917,2026,Jalen McMurray,DB,47.0,,TEN,False,True,False,False,False,False,False,,,0.1,False,,,
00-0040918,2026,Rasheed Miller,OL,62.0,,TEN,False,True,False,False,False,False,False,,,0.1,False,,,
00-0040919,2026,Tyren Montgomery,WR,19.0,,TEN,False,True,False,False,False,False,False,,,0.1,False,,,
00-0040920,2026,Mani Powell,LB,49.0,,TEN,False,True,False,False,False,False,False,,,0.1,False,,,
00-0040921,2026,Aamil Wagner,OL,69.0,,TEN,False,True,False,False,False,False,False,,,0.1,False,,,
00-0040922,2026,Deontae Lawson,LB,47.0,,PHI,False,True,False,False,False,False,False,,,0.1,False,,,
00-0040923,2026,Maximus Pulley,DB,36.0,,PHI,False,True,False,False,False,False,False,,,0.1,False,,,
00-0040924,2026,Jaeden Roberts,OL,59.0,,ATL,False,True,False,False,False,False,False,,,0.1,False,,,
00-0040925,2026,Rocco Underwood,LS,41.0,,PHI,False,True,False,False,False,False,False,,,0.1,False,,,
00-0040926,2026,Joshua Weru,LB,46.0,,PHI,False,True,False,False,False,False,False,,,0.1,False,,,
00-0040928,2026,Kapena Gushiken,DB,34.0,,IND,False,True,False,False,False,False,False,,,0.1,False,,,
00-0040929,2026,Tucker Large,DB,37.0,,PHI,False,True,False,False,False,False,False,,,0.1,False,,,
00-0040930,2026,Camden Brown,WR,80.0,,DAL,False,True,False,False,False,False,False,,,0.1,False,,,
00-0040931,2026,Tommy Dunn,DL,95.0,,DAL,False,True,False,False,False,False,False,,,0.1,False,,,
00-0040933,2026,Kelvin Gilliam,DL,94.0,,DAL,False,True,False,False,False,False,False,,,0.1,False,,,
00-0040934,2026,Jordan Hudson,WR,81.0,,DAL,False,True,False,False,False,False,False,,,0.1,False,,,
00-0040935,2026,Langston Patterson,LB,47.0,,DAL,False,True,False,False,False,False,False,,,0.1,False,,,
00-0040936,2026,Shiyazh Pete,OL,75.0,,DAL,False,True,False,False,False,False,False,,,0.1,False,,,
00-0040937,2026,Dominic Richardson,RB,35.0,,NYJ,False,True,False,False,False,False,False,,,0.1,False,,,
00-0040938,2026,DJ Rogers,TE,49.0,,DAL,False,True,False,False,False,False,False,,,0.1,False,,,
00-0040939,2026,Michael Trigg,TE,46.0,,DAL,False,True,False,False,False,False,False,,,0.1,False,,,
00-0040940,2026,DJ Withers,DL,59.0,,DAL,False,True,False,False,False,False,False,,,0.1,False,,,
00-0040941,2026,Dylan Barrett,OL,74.0,,GB,False,True,False,False,False,False,False,,,0.1,False,,,
00-0040943,2026,Josh Gesky,OL,76.0,,GB,False,True,False,False,False,False,False,,,0.1,False,,,
00-0040944,2026,Nyjalik Kelly,LB,47.0,,GB,False,True,False,False,False,False,False,,,0.1,False,,,
00-0040946,2026,Jaden Nixon,RB,35.0,,GB,False,True,False,False,False,False,False,,,0.1,False,,,
00-0040947,2026,TJ Quinn,LB,40.0,,GB,False,True,False,False,False,False,False,,,0.1,False,,,
00-0040948,2026,J. Michael Sturdivant,WR,87.0,,GB,False,True,False,False,False,False,False,,,0.1,False,,,
00-0040949,2026,Dillon Wade,OL,68.0,,GB,False,True,False,False,False,False,False,,,0.1,False,,,
00-0040950,2026,Vincent Anthony Jr.,DL,98.0,,SF,False,True,False,False,False,False,False,,,0.1,False,,,
00-0040951,2026,Wesley Bissainthe,LB,59.0,,KC,False,True,False,False,False,False,False,,,0.1,False,,,
00-0040952,2026,Cole Brevard,DL,96.0,,KC,False,True,False,False,False,False,False,,,0.1,False,,,
00-0040953,2026,Jeff Caldwell,WR,8.0,,KC,False,True,False,False,False,False,False,,,0.1,False,,,
00-0040954,2026,Omari Evans,WR,80.0,,KC,False,True,False,False,False,False,False,,,0.1,False,,,
00-0040955,2026,John Michael Gyllenborg,TE,84.0,,KC,False,True,False,False,False,False,False,,,0.1,False,,,
00-0040956,2026,Amari McNeill,DL,93.0,,KC,False,True,False,False,False,False,False,,,0.1,False,,,
00-0040957,2026,Xavier Nwankpa,DB,29.0,,KC,False,True,False,False,False,False,False,,,0.1,False,,,
00-0040958,2026,Pete Nygra,OL,50.0,,KC,False,True,False,False,False,False,False,,,0.1,False,,,
00-0040959,2026,Jaydn Ott,RB,34.0,,KC,False,True,False,False,False,False,False,,,0.1,False,,,
00-0040960,2026,Damon Payne,DL,90.0,,KC,False,True,False,False,False,False,False,,,0.1,False,,,
00-0040961,2026,D'Arco Perkins-McAllister,DB,46.0,,KC,False,True,False,False,False,False,False,,,0.1,False,,,
00-0040962,2026,Bryce Phillips,DB,35.0,,MIN,False,True,False,False,False,False,False,,,0.1,False,,,
00-0040963,2026,DeShon Singleton,DB,25.0,,KC,False,True,False,False,False,False,False,,,0.1,False,,,
00-0040964,2026,EJ Smith,RB,35.0,,KC,False,True,False,False,False,False,False,,,0.1,False,,,
00-0040965,2026,Josh Thompson,OL,67.0,,ATL,False,True,False,False,False,False,False,,,0.1,False,,,
00-0040966,2026,Zelmar Vedder,DB,47.0,,KC,False,True,False,False,False,False,False,,,0.1,False,,,
00-0040967,2026,Jacob De Jesus,WR,80.0,,KC,False,True,False,False,False,False,False,,,0.1,False,,,
00-0040968,2026,Murvin Kenion,DB,39.0,,GB,False,True,False,False,False,False,False,,,0.1,False,,,
00-0040969,2026,Ethan Hurkett,DL,54.0,,KC,False,True,False,False,False,False,False,,,0.1,False,,,
00-0040970,2026,Michael Briscoe,WR,81.0,,MIN,False,True,False,False,False,False,False,,,0.1,False,,,
00-0040971,2026,Devean Deal,LB,26.0,,LA,False,True,False,False,False,False,False,,,0.1,False,,,
00-0040972,2026,Aidan Hubbard,LB,93.0,,SEA,False,True,False,False,False,False,False,,,0.1,False,,,
00-0040973,2026,Marvin Jones Jr.,LB,53.0,,WAS,False,True,False,False,False,False,False,,,0.1,False,,,
00-0040974,2026,Lance Mason,TE,45.0,,PIT,False,True,False,False,False,False,False,,,0.1,False,,,
00-0040975,2026,Uso Seumalo,DL,92.0,,SEA,False,True,False,False,False,False,False,,,0.1,False,,,
00-0040976,2026,Levi Wentz,WR,28.0,,PIT,False,True,False,False,False,False,False,,,0.1,False,,,
00-0040977,2026,Cortez Braham,WR,82.0,,BAL,False,True,False,False,False,False,False,,,0.1,False,,,
00-0040978,2026,Ethan Burke,LB,97.0,,BAL,False,True,False,False,False,False,False,,,0.1,False,,,
00-0040979,2026,Nick Dawkins,OL,53.0,,BAL,False,True,False,False,False,False,False,,,0.1,False,,,
00-0040980,2026,Dominic DeLuca,LB,42.0,,BAL,False,True,False,False,False,False,False,,,0.1,False,,,
00-0040981,2026,Joe Fagnano,QB,12.0,,BAL,False,True,False,False,False,False,False,,,0.1,False,,,
00-0040982,2026,Aaron Graves,DL,59.0,,BAL,False,True,False,False,False,False,False,,,0.1,False,,,
00-0040983,2026,Matthew McDoom,DB,41.0,,CIN,False,True,False,False,False,False,False,,,0.1,False,,,
00-0040984,2026,Dontae McMillan,RB,36.0,,BAL,False,True,False,False,False,False,False,,,0.1,False,,,
00-0040986,2026,Ty Pezza,WR,84.0,,BAL,False,True,False,False,False,False,False,,,0.1,False,,,
00-0040987,2026,Diego Pounds,OL,61.0,,KC,False,True,False,False,False,False,False,,,0.1,False,,,
00-0040988,2026,Jahquez Robinson,DB,41.0,,BAL,False,True,False,False,False,False,False,,,0.1,False,,,
00-0040989,2026,Octavian Smith,WR,87.0,,BAL,False,True,False,False,False,False,False,,,0.1,False,,,
00-0040991,2026,Elijah Tau-Tolliver,RB,34.0,,BAL,False,True,False,False,False,False,False,,,0.1,False,,,
00-0040992,2026,Silas Walters,DB,33.0,,TB,False,True,False,False,False,False,False,,,0.1,False,,,
00-0040993,2026,Ladarius Webb Jr.,DB,34.0,,BAL,False,True,False,False,False,False,False,,,0.1,False,,,
00-0040995,2026,Dion Wilson,DL,58.0,,BAL,False,True,False,False,False,False,False,,,0.1,False,,,
00-0040996,2026,Jacob Clark,QB,16.0,,LV,False,True,False,False,False,False,False,,,0.1,False,,,
00-0040997,2026,Tyler Duzansky,LS,46.0,,LV,False,True,False,False,False,False,False,,,0.1,False,,,
00-0040998,2026,Roman Hemby,RB,37.0,,LV,False,True,False,False,False,False,False,,,0.1,False,,,
00-0040999,2026,Isaiah Jatta,OL,72.0,,LV,False,True,False,False,False,False,False,,,0.1,False,,,
00-0041000,2026,Devin Lafayette,DB,40.0,,LV,False,True,False,False,False,False,False,,,0.1,False,,,
00-0041001,2026,Matt Lauter,TE,46.0,,MIN,False,True,False,False,False,False,False,,,0.1,False,,,
00-0041002,2026,Caleb Offord,DB,39.0,,LV,False,True,False,False,False,False,False,,,0.1,False,,,
00-0041003,2026,Justin Pickett,OL,77.0,,LV,False,True,False,False,False,False,False,,,0.1,False,,,
00-0041004,2026,Chase Roberts,WR,86.0,,LV,False,True,False,False,False,False,False,,,0.1,False,,,
00-0041005,2026,Corey Rucker,WR,32.0,,LV,False,True,False,False,False,False,False,,,0.1,False,,,
00-0041006,2026,Cian Slone,LB,48.0,,LV,False,True,False,False,False,False,False,,,0.1,False,,,
00-0041007,2026,Gary Smith III,DL,75.0,,LV,False,True,False,False,False,False,False,,,0.1,False,,,
00-0041008,2026,Xavian Sorey Jr.,LB,53.0,,LV,False,True,False,False,False,False,False,,,0.1,False,,,
00-0041010,2026,Tanner Wall,DB,39.0,,NYJ,False,True,False,False,False,False,False,,,0.1,False,,,
00-0041011,2026,E.J. Williams Jr.,WR,88.0,,CAR,False,True,False,False,False,False,False,,,0.1,False,,,
00-0041012,2026,Anthony Dunn,DL,78.0,,NYJ,False,True,False,False,False,False,False,,,0.1,False,,,
00-0041013,2026,Emmett Johnson,RB,10.0,,KC,False,True,False,False,False,False,False,,,0.1,False,,,
00-0041014,2026,Niklas Henning,OL,73.0,,LV,False,True,False,False,False,False,False,,,0.1,False,,,
00-0041016,2026,Patrick Gurd,TE,45.0,,LV,False,True,False,False,False,False,False,,,0.1,False,,,
00-0041017,2026,Kamar Missouri,OL,62.0,,LV,False,True,False,False,False,False,False,,,0.1,False,,,
00-0041018,2026,Devyn Perkins,DB,49.0,,LV,False,True,False,False,False,False,False,,,0.1,False,,,
00-0041019,2026,Kahlil Benson,OL,70.0,,KC,False,True,False,False,False,False,False,,,0.1,False,,,
00-0041020,2026,Xavier Loyd,WR,17.0,,KC,False,True,False,False,False,False,False,,,0.1,False,,,
00-0041021,2026,Marlen Sewell,DB,26.0,,CHI,False,True,False,False,False,False,False,,,0.1,False,,,
00-0041026,2026,David Bailey,LB,31.0,,NYJ,False,True,False,False,False,False,False,,,0.1,False,,,
00-0041027,2026,Jeremiyah Love,RB,4.0,,ARI,False,True,False,False,False,False,False,,,0.1,False,,,
00-0041028,2026,Sonny Styles,LB,52.0,,WAS,False,True,False,False,False,False,False,,,0.1,False,,,
00-0041029,2026,Jordyn Tyson,WR,0.0,,NO,False,True,False,False,False,False,False,,,0.1,False,,,
00-0041030,2026,Spencer Fano,OL,55.0,,CLE,False,True,False,False,False,False,False,,,0.1,False,,,
00-0041031,2026,Rueben Bain Jr.,LB,3.0,,TB,False,True,False,False,False,False,False,,,0.1,False,,,
00-0041032,2026,Kenyon Sadiq,TE,16.0,,NYJ,False,True,False,False,False,False,False,,,0.1,False,,,
00-0041033,2026,Caleb Banks,DL,95.0,,MIN,False,True,False,False,False,False,False,,,0.1,False,,,
00-0041034,2026,Monroe Freeling,OL,57.0,,CAR,False,True,False,False,False,False,False,,,0.1,False,,,
00-0041035,2026,De'Zhaun Stribling,WR,7.0,,SF,False,True,False,False,False,False,False,,,0.1,False,,,
00-0041036,2026,TJ Parker,LB,99.0,,BUF,False,True,False,False,False,False,False,,,0.1,False,,,
00-0041037,2026,Denzel Boston,WR,12.0,,CLE,False,True,False,False,False,False,False,,,0.1,False,,,
00-0041038,2026,D'Angelo Ponds,DB,23.0,,NYJ,False,True,False,False,False,False,False,,,0.1,False,,,
00-0041039,2026,CJ Allen,LB,53.0,,IND,False,True,False,False,False,False,False,,,0.1,False,,,
00-0041040,2026,Antonio Williams,WR,14.0,,WAS,False,True,False,False,False,False,False,,,0.1,False,,,
00-0041041,2026,Oscar Delp,TE,4.0,,NO,False,True,False,False,False,False,False,,,0.1,False,,,
00-0041042,2026,Malachi Fields,WR,88.0,,NYG,False,True,False,False,False,False,False,,,0.1,False,,,
00-0041043,2026,A.J. Haulcy,DB,25.0,,IND,False,True,False,False,False,False,False,,,0.1,False,,,
00-0041044,2026,Zachariah Branch,WR,17.0,,ATL,False,True,False,False,False,False,False,,,0.1,False,,,
00-0041045,2026,Albert Regis,DL,98.0,,JAX,False,True,False,False,False,False,False,,,0.1,False,,,
00-0041046,2026,Domonique Orange,DL,97.0,,MIN,False,True,False,False,False,False,False,,,0.1,False,,,
00-0041047,2026,Chris Brazzell II,WR,19.0,,CAR,False,True,False,False,False,False,False,,,0.1,False,,,
00-0041048,2026,Ted Hurst III,WR,17.0,,TB,False,True,False,False,False,False,False,,,0.1,False,,,
00-0041049,2026,Austin Barber,OL,58.0,,CLE,False,True,False,False,False,False,False,,,0.1,False,,,
00-0041050,2026,Emmanuel Pregnon,OL,75.0,,JAX,False,True,False,False,False,False,False,,,0.1,False,,,
00-0041051,2026,Zavion Thomas,WR,13.0,,CHI,False,True,False,False,False,False,False,,,0.1,False,,,
00-0041052,2026,Kaelon Black,RB,26.0,,SF,False,True,False,False,False,False,False,,,0.1,False,,,
00-0041053,2026,Caleb Tiernan,OL,78.0,,MIN,False,True,False,False,False,False,False,,,0.1,False,,,
00-0041054,2026,Jakobe Thomas,DB,8.0,,MIN,False,True,False,False,False,False,False,,,0.1,False,,,
00-0041055,2026,Jalen Huskey,DB,22.0,,JAX,False,True,False,False,False,False,False,,,0.1,False,,,
00-0041056,2026,Cade Klubnik,QB,10.0,,NYJ,False,True,False,False,False,False,False,,,0.1,False,,,
00-0041057,2026,Keionte Scott,DB,22.0,,TB,False,True,False,False,False,False,False,,,0.1,False,,,
00-0041058,2026,Travis Burke,OL,77.0,,LAC,False,True,False,False,False,False,False,,,0.1,False,,,
00-0041059,2026,Wesley Williams,DL,90.0,,JAX,False,True,False,False,False,False,False,,,0.1,False,,,
00-0041060,2026,Malik Muhammad,DB,24.0,,CHI,False,True,False,False,False,False,False,,,0.1,False,,,
00-0041061,2026,Carver Willis,OL,74.0,,SF,False,True,False,False,False,False,False,,,0.1,False,,,
00-0041062,2026,Connor Lew,OL,65.0,,CIN,False,True,False,False,False,False,False,,,0.1,False,,,
00-0041063,2026,Will Lee III,DB,24.0,,CAR,False,True,False,False,False,False,False,,,0.1,False,,,
00-0041064,2026,Genesis Smith,DB,22.0,,LAC,False,True,False,False,False,False,False,,,0.1,False,,,
00-0041065,2026,Jeremiah Wright,OL,65.0,,NO,False,True,False,False,False,False,False,,,0.1,False,,,
00-0041066,2026,Kendal Daniels,LB,53.0,,ATL,False,True,False,False,False,False,False,,,0.1,False,,,
00-0041067,2026,Bryce Lance,WR,18.0,,NO,False,True,False,False,False,False,False,,,0.1,False,,,
00-0041068,2026,Ephesians Prysock,DB,28.0,,SF,False,True,False,False,False,False,False,,,0.1,False,,,
00-0041069,2026,Colbie Young,WR,86.0,,CIN,False,True,False,False,False,False,False,,,0.1,False,,,
00-0041070,2026,Reggie Virgil,WR,82.0,,ARI,False,True,False,False,False,False,False,,,0.1,False,,,
00-0041071,2026,Sam Hecht,OL,75.0,,CAR,False,True,False,False,False,False,False,,,0.1,False,,,
00-0041072,2026,Nick Barrett,DL,91.0,,LAC,False,True,False,False,False,False,False,,,0.1,False,,,
00-0041073,2026,Parker Brailsford,OL,52.0,,CLE,False,True,False,False,False,False,False,,,0.1,False,,,
00-0041074,2026,Joshua Josephs,LB,48.0,,WAS,False,True,False,False,False,False,False,,,0.1,False,,,
00-0041075,2026,Justin Jefferson,LB,17.0,,CLE,False,True,False,False,False,False,False,,,0.1,False,,,
00-0041076,2026,Zakee Wheatley,DB,20.0,,CAR,False,True,False,False,False,False,False,,,0.1,False,,,
00-0041077,2026,Justin Joly,TE,80.0,,MIA,False,True,False,False,False,False,False,,,0.1,False,,,
00-0041078,2026,Jaden Dugger,LB,53.0,,SF,False,True,False,False,False,False,False,,,0.1,False,,,
00-0041079,2026,DeMonte Capehart,DL,90.0,,TB,False,True,False,False,False,False,False,,,0.1,False,,,
00-0041080,2026,George Gumbs Jr.,DL,52.0,,IND,False,True,False,False,False,False,False,,,0.1,False,,,
00-0041081,2026,Max Bredeson,RB,45.0,,MIN,False,True,False,False,False,False,False,,,0.1,False,,,
00-0041082,2026,Billy Schrauth,OL,75.0,,TB,False,True,False,False,False,False,False,,,0.1,False,,,
00-0041083,2026,Charles Demmings,DB,20.0,,MIN,False,True,False,False,False,False,False,,,0.1,False,,,
00-0041084,2026,Tanner Koziol,TE,88.0,,JAX,False,True,False,False,False,False,False,,,0.1,False,,,
00-0041085,2026,Keyshaun Elliott,LB,49.0,,CHI,False,True,False,False,False,False,False,,,0.1,False,,,
00-0041086,2026,Jalon Kilgore,DB,29.0,,BUF,False,True,False,False,False,False,False,,,0.1,False,,,
00-0041087,2026,Joe Royer,TE,18.0,,CLE,False,True,False,False,False,False,False,,,0.1,False,,,
00-0041088,2026,Karon Prunty,DB,21.0,,NE,False,True,False,False,False,False,False,,,0.1,False,,,
00-0041089,2026,Lorenzo Styles Jr.,DB,36.0,,NO,False,True,False,False,False,False,False,,,0.1,False,,,
00-0041090,2026,Enrique Cruz,OL,69.0,,SF,False,True,False,False,False,False,False,,,0.1,False,,,
00-0041091,2026,Zane Durant,DL,92.0,,BUF,False,True,False,False,False,False,False,,,0.1,False,,,
00-0041092,2026,Taylen Green,QB,15.0,,CLE,False,True,False,False,False,False,False,,,0.1,False,,,
00-0041093,2026,Karson Sharar,LB,43.0,,ARI,False,True,False,False,False,False,False,,,0.1,False,,,
00-0041094,2026,Bauer Sharp,TE,84.0,,TB,False,True,False,False,False,False,False,,,0.1,False,,,
00-0041095,2026,Bobby Jamison-Travis,DL,97.0,,NYG,False,True,False,False,False,False,False,,,0.1,False,,,
00-0041096,2026,Kaytron Allen,RB,31.0,,WAS,False,True,False,False,False,False,False,,,0.1,False,,,
00-0041097,2026,Anez Cooper,OL,72.0,,NYJ,False,True,False,False,False,False,False,,,0.1,False,,,
00-0041098,2026,Brian Parker II,OL,62.0,,CIN,False,True,False,False,False,False,False,,,0.1,False,,,
00-0041099,2026,Barion Brown,WR,19.0,,NO,False,True,False,False,False,False,False,,,0.1,False,,,
00-0041100,2026,Josh Cameron,WR,19.0,,JAX,False,True,False,False,False,False,False,,,0.1,False,,,
00-0041101,2026,J.C. Davis,OL,74.0,,NYG,False,True,False,False,False,False,False,,,0.1,False,,,
00-0041102,2026,Jack Kelly,LB,51.0,,NYG,False,True,False,False,False,False,False,,,0.1,False,,,
00-0041103,2026,Dametrious Crownover,OL,68.0,,NE,False,True,False,False,False,False,False,,,0.1,False,,,
00-0041104,2026,Demond Claiborne,RB,21.0,,MIN,False,True,False,False,False,False,False,,,0.1,False,,,
00-0041105,2026,Logan Taylor,OL,65.0,,LAC,False,True,False,False,False,False,False,,,0.1,False,,,
00-0041106,2026,C.J. Williams,WR,18.0,,JAX,False,True,False,False,False,False,False,,,0.1,False,,,
00-0041107,2026,Alex Harkey,OL,73.0,,LAC,False,True,False,False,False,False,False,,,0.1,False,,,
00-0041108,2026,Matt Gulbin,OL,66.0,,WAS,False,True,False,False,False,False,False,,,0.1,False,,,
00-0041109,2026,Namdi Obiazor,LB,48.0,,NE,False,True,False,False,False,False,False,,,0.1,False,,,
00-0041110,2026,Jordan van den Berg,DL,96.0,,CHI,False,True,False,False,False,False,False,,,0.1,False,,,
00-0041111,2026,Caden Curry,DL,55.0,,IND,False,True,False,False,False,False,False,,,0.1,False,,,
00-0041112,2026,Harold Perkins Jr.,LB,56.0,,ATL,False,True,False,False,False,False,False,,,0.1,False,,,
00-0041113,2026,Jayden Williams,OL,66.0,,ARI,False,True,False,False,False,False,False,,,0.1,False,,,
00-0041114,2026,TJ Hall,DB,34.0,,NO,False,True,False,False,False,False,False,,,0.1,False,,,
00-0041115,2026,Toriano Pride Jr.,DB,35.0,,CLE,False,True,False,False,False,False,False,,,0.1,False,,,
00-0041116,2026,Jack Endries,TE,84.0,,CIN,False,True,False,False,False,False,False,,,0.1,False,,,
00-0041117,2026,Athan Kaliakmanis,QB,16.0,,WAS,False,True,False,False,False,False,False,,,0.1,False,,,
00-0041118,2026,Landon Robinson,DL,96.0,,CIN,False,True,False,False,False,False,False,,,0.1,False,,,
00-0041119,2026,Jackson Kuwatch,LB,46.0,,CAR,False,True,False,False,False,False,False,,,0.1,False,,,
00-0041120,2026,VJ Payne,DB,34.0,,NYJ,False,True,False,False,False,False,False,,,0.1,False,,,
00-0041121,2026,Ethan Onianwa,OL,75.0,,ATL,False,True,False,False,False,False,False,,,0.1,False,,,
00-0041122,2026,Zach Durfee,DL,58.0,,JAX,False,True,False,False,False,False,False,,,0.1,False,,,
00-0041123,2026,Behren Morton,QB,15.0,,NE,False,True,False,False,False,False,False,,,0.1,False,,,
00-0041124,2026,Gavin Gerhardt,OL,58.0,,HOU,False,True,False,False,False,False,False,,,0.1,False,,,
00-0041125,2026,Seth McGowan,RB,20.0,,IND,False,True,False,False,False,False,False,,,0.1,False,,,
00-0041126,2026,Tommy Doman Jr.,P,39.0,,BUF,False,True,False,False,False,False,False,,,0.1,False,,,
00-0041127,2026,Parker Hughes,LB,53.0,,JAX,False,True,False,False,False,False,False,,,0.1,False,,,
00-0041128,2026,Ar'maj Reed-Adams,OL,60.0,,BUF,False,True,False,False,False,False,False,,,0.1,False,,,
00-0041129,2026,Jam Miller,RB,30.0,,NE,False,True,False,False,False,False,False,,,0.1,False,,,
00-0041130,2026,Miles Scott,DB,39.0,,DEN,False,True,False,False,False,False,False,,,0.1,False,,,
00-0041131,2026,Carsen Ryan,TE,48.0,,CLE,False,True,False,False,False,False,False,,,0.1,False,,,
00-0041132,2026,Deion Burks,WR,80.0,,IND,False,True,False,False,False,False,False,,,0.1,False,,,
00-0041133,2026,Dallen Bentley,TE,89.0,,DEN,False,True,False,False,False,False,False,,,0.1,False,,,
00-0041134,2026,Red Murdock,LB,50.0,,DEN,False,True,False,False,False,False,False,,,0.1,False,,,
00-0041136,2026,Rene Konga,DL,95.0,,MIA,False,True,False,False,False,False,False,,,0.1,False,,,
00-0041137,2026,Kevin Cline,OL,79.0,,MIA,False,True,False,False,False,False,False,,,0.1,False,,,
00-0041138,2026,Albert Reese,OL,76.0,,CAR,False,True,False,False,False,False,False,,,0.1,False,,,
00-0041139,2026,Damon Bankston,RB,37.0,,GB,False,True,False,False,False,False,False,,,0.1,False,,,
00-0041140,2026,Anquin Barnes Jr.,DL,66.0,,NYG,False,True,False,False,False,False,False,,,0.1,False,,,
00-0041141,2026,Ben Barten,DL,68.0,,NYG,False,True,False,False,False,False,False,,,0.1,False,,,
00-0041142,2026,Thaddeus Dixon,DB,39.0,,NYG,False,True,False,False,False,False,False,,,0.1,False,,,
00-0041143,2026,Ben Mann,LS,58.0,,NYG,False,True,False,False,False,False,False,,,0.1,False,,,
00-0041144,2026,Ryan Schernecke,OL,70.0,,NYG,False,True,False,False,False,False,False,,,0.1,False,,,
00-0041145,2026,Dominic Zvada,K,34.0,,NYG,False,True,False,False,False,False,False,,,0.1,False,,,
00-0041146,2026,Isaia Glass,OL,74.0,,CAR,False,True,False,False,False,False,False,,,0.1,False,,,
00-0041147,2026,Jaylon Guilbeau,DB,21.0,,PIT,False,True,False,False,False,False,False,,,0.1,False,,,
00-0041148,2026,Aaron Hall,DL,94.0,,CAR,False,True,False,False,False,False,False,,,0.1,False,,,
00-0041149,2026,Haynes King,QB,16.0,,CAR,False,True,False,False,False,False,False,,,0.1,False,,,
00-0041150,2026,Cam Miller,DB,42.0,,CAR,False,True,False,False,False,False,False,,,0.1,False,,,
00-0041151,2026,Parker Petersen,DL,69.0,,CAR,False,True,False,False,False,False,False,,,0.1,False,,,
00-0041152,2026,Kobe Prentice,WR,81.0,,NYG,False,True,False,False,False,False,False,,,0.1,False,,,
00-0041153,2026,Devonta Smith,DB,43.0,,CAR,False,True,False,False,False,False,False,,,0.1,False,,,
00-0041154,2026,Isaiah Smith,LB,47.0,,CAR,False,True,False,False,False,False,False,,,0.1,False,,,
00-0041156,2026,Mark Gronowski,QB,16.0,,HOU,False,True,False,False,False,False,False,,,0.1,False,,,
00-0041158,2026,Donaven McCulley,WR,80.0,,MIA,False,True,False,False,False,False,False,,,0.1,False,,,
00-0041159,2026,Rodney McGraw,DL,59.0,,MIA,False,True,False,False,False,False,False,,,0.1,False,,,
00-0041160,2026,Louis Moore,DB,41.0,,MIA,False,True,False,False,False,False,False,,,0.1,False,,,
00-0041161,2026,Le'Veon Moss,RB,37.0,,MIA,False,True,False,False,False,False,False,,,0.1,False,,,
00-0041162,2026,Mason Reiger,LB,43.0,,PHI,False,True,False,False,False,False,False,,,0.1,False,,,
00-0041163,2026,Kahlil Saunders,DL,67.0,,NO,False,True,False,False,False,False,False,,,0.1,False,,,
00-0041164,2026,Caden Barnett,OL,76.0,,CHI,False,True,False,False,False,False,False,,,0.1,False,,,
00-0041165,2026,Coleman Bennett,RB,38.0,,MIA,False,True,False,False,False,False,False,,,0.1,False,,,
00-0041167,2026,Beau Gardner,LS,45.0,,CHI,False,True,False,False,False,False,False,,,0.1,False,,,
00-0041168,2026,Omari Kelly,WR,82.0,,CHI,False,True,False,False,False,False,False,,,0.1,False,,,
00-0041169,2026,Jaren Kump,OL,64.0,,CHI,False,True,False,False,False,False,False,,,0.1,False,,,
00-0041170,2026,Hayden Large,TE,43.0,,CHI,False,True,False,False,False,False,False,,,0.1,False,,,
00-0041171,2026,Jayden Loving,DL,91.0,,CHI,False,True,False,False,False,False,False,,,0.1,False,,,
00-0041172,2026,Miller Moss,QB,16.0,,CHI,False,True,False,False,False,False,False,,,0.1,False,,,
00-0041173,2026,Mason Murphy,OL,74.0,,NO,False,True,False,False,False,False,False,,,0.1,False,,,
00-0041175,2026,Skyler Thomas,DB,38.0,,CHI,False,True,False,False,False,False,False,,,0.1,False,,,
00-0041176,2026,Jaden Bradley,WR,86.0,,WAS,False,True,False,False,False,False,False,,,0.1,False,,,
00-0041177,2026,Fred Davis,DB,38.0,,WAS,False,True,False,False,False,False,False,,,0.1,False,,,
00-0041178,2026,Robert Henry Jr.,RB,30.0,,WAS,False,True,False,False,False,False,False,,,0.1,False,,,
00-0041179,2026,Chris Hilton Jr.,WR,37.0,,GB,False,True,False,False,False,False,False,,,0.1,False,,,
00-0041180,2026,Quentin Moore,TE,40.0,,WAS,False,True,False,False,False,False,False,,,0.1,False,,,
00-0041181,2026,Malik Spencer,DB,36.0,,WAS,False,True,False,False,False,False,False,,,0.1,False,,,
00-0041182,2026,Drew Stevens,K,19.0,,WAS,False,True,False,False,False,False,False,,,0.1,False,,,
00-0041183,2026,Tanoa Togiai,OL,62.0,,WAS,False,True,False,False,False,False,False,,,0.1,False,,,
00-0041184,2026,Carlos Allen Jr.,DL,79.0,,ATL,False,True,False,False,False,False,False,,,0.1,False,,,
00-0041185,2026,Vinny Anthony II,WR,86.0,,ATL,False,True,False,False,False,False,False,,,0.1,False,,,
00-0041186,2026,James Brockermeyer,OL,66.0,,ATL,False,True,False,False,False,False,False,,,0.1,False,,,
00-0041188,2026,Malcolm DeWalt IV,DB,36.0,,ATL,False,True,False,False,False,False,False,,,0.1,False,,,
00-0041191,2026,Cash Jones,RB,32.0,,ATL,False,True,False,False,False,False,False,,,0.1,False,,,
00-0041192,2026,Riley Mahlman,OL,76.0,,ATL,False,True,False,False,False,False,False,,,0.1,False,,,
00-0041194,2026,Jack Strand,QB,18.0,,ATL,False,True,False,False,False,False,False,,,0.1,False,,,
00-0041195,2026,Jack Velling,TE,84.0,,ATL,False,True,False,False,False,False,False,,,0.1,False,,,
00-0041196,2026,Mory Bamba,DB,38.0,,NYJ,False,True,False,False,False,False,False,,,0.1,False,,,
00-0041199,2026,Caullin Lacy,WR,35.0,,NYJ,False,True,False,False,False,False,False,,,0.1,False,,,
00-0041203,2026,Joey Aguilar,QB,17.0,,JAX,False,True,False,False,False,False,False,,,0.1,False,,,
00-0041204,2026,T.J. Bollers,DL,94.0,,JAX,False,True,False,False,False,False,False,,,0.1,False,,,
00-0041205,2026,Brady Boyd,WR,83.0,,JAX,False,True,False,False,False,False,False,,,0.1,False,,,
00-0041206,2026,Alex Bullock,WR,,,JAX,False,True,False,False,False,False,False,,,0.1,False,,,
00-0041207,2026,Ethan Conner,TE,30.0,,MIA,False,True,False,False,False,False,False,,,0.1,False,,,
00-0041208,2026,Garrett DiGiorgio,OL,74.0,,JAX,False,True,False,False,False,False,False,,,0.1,False,,,
00-0041209,2026,Quindarius Dunnigan,DL,59.0,,JAX,False,True,False,False,False,False,False,,,0.1,False,,,
00-0041210,2026,Preston Hodge,DB,26.0,,JAX,False,True,False,False,False,False,False,,,0.1,False,,,
00-0041211,2026,Jalen Hunt,DL,96.0,,NE,False,True,False,False,False,False,False,,,0.1,False,,,
00-0041213,2026,Devin Neal,DB,36.0,,JAX,False,True,False,False,False,False,False,,,0.1,False,,,
00-0041214,2026,Jimto Obidegwu,OL,62.0,,JAX,False,True,False,False,False,False,False,,,0.1,False,,,
00-0041215,2026,Ben Patterson,WR,38.0,,CLE,False,True,False,False,False,False,False,,,0.1,False,,,
00-0041216,2026,Trebor Pena,WR,86.0,,JAX,False,True,False,False,False,False,False,,,0.1,False,,,
00-0041217,2026,J'Mari Taylor,RB,30.0,,JAX,False,True,False,False,False,False,False,,,0.1,False,,,
00-0041218,2026,Bryan Thomas Jr.,DL,57.0,,JAX,False,True,False,False,False,False,False,,,0.1,False,,,
00-0041219,2026,Jordan White,OL,,,JAX,False,True,False,False,False,False,False,,,0.1,False,,,
00-0041220,2026,Michael Wortham,WR,0.0,,JAX,False,True,False,False,False,False,False,,,0.1,False,,,
00-0041223,2026,Theron Gaines,LB,54.0,,BUF,False,True,False,False,False,False,False,,,0.1,False,,,
00-0041224,2026,Da'Metrius Weatherspoon,OL,76.0,,BUF,False,True,False,False,False,False,False,,,0.1,False,,,
00-0041225,2026,Cameron Ball,DL,92.0,,IND,False,True,False,False,False,False,False,,,0.1,False,,,
00-0041226,2026,Austin Brown,DB,31.0,,IND,False,True,False,False,False,False,False,,,0.1,False,,,
00-0041227,2026,Tahj Chambers,LB,44.0,,IND,False,True,False,False,False,False,False,,,0.1,False,,,
00-0041228,2026,Sahmir Hagans,WR,11.0,,IND,False,True,False,False,False,False,False,,,0.1,False,,,
00-0041230,2026,Mitchell Melton,DL,54.0,,IND,False,True,False,False,False,False,False,,,0.1,False,,,
00-0041232,2026,Nolan Rucci,OL,76.0,,IND,False,True,False,False,False,False,False,,,0.1,False,,,
00-0041233,2026,Raylen Sharpe,WR,8.0,,IND,False,True,False,False,False,False,False,,,0.1,False,,,
00-0041234,2026,Geno VanDeMark,OL,69.0,,NYG,False,True,False,False,False,False,False,,,0.1,False,,,
00-0041236,2026,West Weeks,LB,47.0,,IND,False,True,False,False,False,False,False,,,0.1,False,,,
00-0041237,2026,Chase Curtis,TE,87.0,,NYJ,False,True,False,False,False,False,False,,,0.1,False,,,
00-0041238,2026,Xavier Hill,OL,76.0,,NYJ,False,True,False,False,False,False,False,,,0.1,False,,,
00-0041239,2026,Chip Trayanum,RB,40.0,,NYJ,False,True,False,False,False,False,False,,,0.1,False,,,
00-0041240,2026,Liam Brown,OL,60.0,,CIN,False,True,False,False,False,False,False,,,0.1,False,,,
00-0041241,2026,Kentrel Bullock,RB,31.0,,CIN,False,True,False,False,False,False,False,,,0.1,False,,,
00-0041242,2026,Jack Dingle,LB,59.0,,CIN,False,True,False,False,False,False,False,,,0.1,False,,,
00-0041243,2026,Eric Gentry,LB,58.0,,CIN,False,True,False,False,False,False,False,,,0.1,False,,,
00-0041244,2026,Jamal Haynes,RB,24.0,,CIN,False,True,False,False,False,False,False,,,0.1,False,,,
00-0041245,2026,Christian Jones,OL,76.0,,CIN,False,True,False,False,False,False,False,,,0.1,False,,,
00-0041246,2026,Josh Kattus,TE,48.0,,CIN,False,True,False,False,False,False,False,,,0.1,False,,,
00-0041247,2026,Corey Robinson II,OL,77.0,,CIN,False,True,False,False,False,False,False,,,0.1,False,,,
00-0041248,2026,Noah Thomas,WR,17.0,,CIN,False,True,False,False,False,False,False,,,0.1,False,,,
00-0041249,2026,Ceyair Wright,DB,22.0,,CIN,False,True,False,False,False,False,False,,,0.1,False,,,
00-0041251,2026,Jalon Daniels,QB,10.0,,TB,False,True,False,False,False,False,False,,,0.1,False,,,
00-0041252,2026,Kenny Fletcher Jr.,TE,81.0,,IND,False,True,False,False,False,False,False,,,0.1,False,,,
00-0041253,2026,Ayden Garnes,DB,24.0,,TB,False,True,False,False,False,False,False,,,0.1,False,,,
00-0041254,2026,Josiah Green,DL,96.0,,TB,False,True,False,False,False,False,False,,,0.1,False,,,
00-0041255,2026,Henry Lutovsky,OL,61.0,,TB,False,True,False,False,False,False,False,,,0.1,False,,,
00-0041256,2026,Jack Pyburn,LB,54.0,,KC,False,True,False,False,False,False,False,,,0.1,False,,,
00-0041257,2026,Eric Rivers Jr.,WR,83.0,,TB,False,True,False,False,False,False,False,,,0.1,False,,,
00-0041259,2026,Devan Boykin,DB,40.0,,PIT,False,True,False,False,False,False,False,,,0.1,False,,,
00-0041261,2026,Kevin Jobity Jr.,DL,92.0,,PIT,False,True,False,False,False,False,False,,,0.1,False,,,
00-0041263,2026,Lake McRee,TE,81.0,,PIT,False,True,False,False,False,False,False,,,0.1,False,,,
00-0041265,2026,Squirrel White,WR,,,CHI,False,True,False,False,False,False,False,,,0.1,False,,,
00-0041266,2026,Keelan Marion,WR,85.0,,ATL,False,True,False,False,False,False,False,,,0.1,False,,,
00-0041267,2026,Malik McClain,WR,84.0,,NYJ,False,True,False,False,False,False,False,,,0.1,False,,,
00-0041268,2026,Cade Denhoff,LB,57.0,,BUF,False,True,False,False,False,False,False,,,0.1,False,,,
00-0041269,2026,Jordan Dunbar,DB,36.0,,BUF,False,True,False,False,False,False,False,,,0.1,False,,,
00-0041270,2026,Bruno Fina,OL,75.0,,BUF,False,True,False,False,False,False,False,,,0.1,False,,,
00-0041272,2026,Ja'Mori Maclin,WR,84.0,,BUF,False,True,False,False,False,False,False,,,0.1,False,,,
00-0041274,2026,Max Tomczak,WR,80.0,,BUF,False,True,False,False,False,False,False,,,0.1,False,,,
00-0041275,2026,Kani Walker,DB,41.0,,BUF,False,True,False,False,False,False,False,,,0.1,False,,,
00-0041276,2026,Kam Dewberry,OL,61.0,,ATL,False,True,False,False,False,False,False,,,0.1,False,,,
00-0041277,2026,Davon Booth,RB,36.0,,IND,False,True,False,False,False,False,False,,,0.1,False,,,
00-0041278,2026,Nate Evans,DB,43.0,,CLE,False,True,False,False,False,False,False,,,0.1,False,,,
00-0041279,2026,Logan Fano,DL,99.0,,CLE,False,True,False,False,False,False,False,,,0.1,False,,,
00-0041282,2026,Izavion Miller,OL,60.0,,CLE,False,True,False,False,False,False,False,,,0.1,False,,,
00-0041283,2026,DeCarlos Nicholson,DB,41.0,,CAR,False,True,False,False,False,False,False,,,0.1,False,,,
00-0041284,2026,Wes Pahl,P,36.0,,CLE,False,True,False,False,False,False,False,,,0.1,False,,,
00-0041285,2026,Khordae Sydnor,DL,90.0,,CLE,False,True,False,False,False,False,False,,,0.1,False,,,
00-0041286,2026,Zion Washington,DB,30.0,,CLE,False,True,False,False,False,False,False,,,0.1,False,,,
00-0041287,2026,Kole Wilson,WR,87.0,,CLE,False,True,False,False,False,False,False,,,0.1,False,,,
00-0041288,2026,Tyreak Sapp,DL,64.0,,CLE,False,True,False,False,False,False,False,,,0.1,False,,,
00-0041289,2026,Brent Austin,DB,33.0,,DEN,False,True,False,False,False,False,False,,,0.1,False,,,
00-0041290,2026,Luke Basso,LS,43.0,,DEN,False,True,False,False,False,False,False,,,0.1,False,,,
00-0041292,2026,Kolbe Katsis,WR,81.0,,DEN,False,True,False,False,False,False,False,,,0.1,False,,,
00-0041293,2026,Dane Key,WR,87.0,,DEN,False,True,False,False,False,False,False,,,0.1,False,,,
00-0041294,2026,Joseph Manjack,WR,86.0,,DEN,False,True,False,False,False,False,False,,,0.1,False,,,
00-0041295,2026,Dasan McCullough,LB,57.0,,DEN,False,True,False,False,False,False,False,,,0.1,False,,,
00-0041296,2026,Tyler Miller,OL,71.0,,DEN,False,True,False,False,False,False,False,,,0.1,False,,,
00-0041297,2026,Gavin Ortega,OL,68.0,,DEN,False,True,False,False,False,False,False,,,0.1,False,,,
00-0041298,2026,Parker Robertson,DB,36.0,,DEN,False,True,False,False,False,False,False,,,0.1,False,,,
00-0041299,2026,Cameron Ross,WR,87.0,,DEN,False,True,False,False,False,False,False,,,0.1,False,,,
00-0041300,2026,William Wright,DB,16.0,,CHI,False,True,False,False,False,False,False,,,0.1,False,,,
00-0041301,2026,Taurean York,LB,42.0,,DEN,False,True,False,False,False,False,False,,,0.1,False,,,
00-0041302,2026,Dominic Bailey,DL,73.0,,HOU,False,True,False,False,False,False,False,,,0.1,False,,,
00-0041303,2026,Sam Hagen,OL,76.0,,HOU,False,True,False,False,False,False,False,,,0.1,False,,,
00-0041304,2026,Stephen Hall,DB,41.0,,HOU,False,True,False,False,False,False,False,,,0.1,False,,,
00-0041305,2026,Sabastian Harsh,DL,54.0,,HOU,False,True,False,False,False,False,False,,,0.1,False,,,
00-0041306,2026,James Neal III,OL,70.0,,HOU,False,True,False,False,False,False,False,,,0.1,False,,,
00-0041308,2026,Treyvhon Saunders,WR,14.0,,HOU,False,True,False,False,False,False,False,,,0.1,False,,,
00-0041309,2026,Daniel Sobkowicz,WR,89.0,,HOU,False,True,False,False,False,False,False,,,0.1,False,,,
00-0041312,2026,Noah Whittington,RB,26.0,,HOU,False,True,False,False,False,False,False,,,0.1,False,,,
00-0041313,2026,Collin Wright,DB,37.0,,HOU,False,True,False,False,False,False,False,,,0.1,False,,,
00-0041314,2026,Tanner Arkin,TE,84.0,,NE,False,True,False,False,False,False,False,,,0.1,False,,,
00-0041315,2026,David Blay Jr.,DL,64.0,,PHI,False,True,False,False,False,False,False,,,0.1,False,,,
00-0041316,2026,Channing Canada,DB,29.0,,NE,False,True,False,False,False,False,False,,,0.1,False,,,
00-0041317,2026,Nick DeGennaro,WR,23.0,,NE,False,True,False,False,False,False,False,,,0.1,False,,,
00-0041318,2026,Kyle Dixon,WR,83.0,,NE,False,True,False,False,False,False,False,,,0.1,False,,,
00-0041319,2026,Cameron Dorner,WR,88.0,,NE,False,True,False,False,False,False,False,,,0.1,False,,,
00-0041320,2026,Kenneth Harris,DB,33.0,,IND,False,True,False,False,False,False,False,,,0.1,False,,,
00-0041321,2026,Khalil Jacobs,LB,59.0,,NE,False,True,False,False,False,False,False,,,0.1,False,,,
00-0041322,2026,Jimmy Kibble,WR,19.0,,NE,False,True,False,False,False,False,False,,,0.1,False,,,
00-0041323,2026,Myles Montgomery,RB,39.0,,NE,False,True,False,False,False,False,False,,,0.1,False,,,
00-0041324,2026,JonDarius Morgan,OL,69.0,,NE,False,True,False,False,False,False,False,,,0.1,False,,,
00-0041325,2026,Jacob Rizy,OL,64.0,,NE,False,True,False,False,False,False,False,,,0.1,False,,,
00-0041326,2026,CJ Donaldson,RB,43.0,,NO,False,True,False,False,False,False,False,,,0.1,False,,,
00-0041327,2026,Cody Hardy,TE,86.0,,NO,False,True,False,False,False,False,False,,,0.1,False,,,
00-0041329,2026,Michael Heldman,LB,49.0,,KC,False,True,False,False,False,False,False,,,0.1,False,,,
00-0041330,2026,Alan Herron,OL,70.0,,NO,False,True,False,False,False,False,False,,,0.1,False,,,
00-0041332,2026,Jeremiah McClendon,DB,47.0,,CLE,False,True,False,False,False,False,False,,,0.1,False,,,
00-0041335,2026,Jay'Viar Suggs,DL,62.0,,NO,False,True,False,False,False,False,False,,,0.1,False,,,
00-0041336,2026,Alex Wollschlaeger,OL,79.0,,NO,False,True,False,False,False,False,False,,,0.1,False,,,
00-0041338,2026,Caden Fordham,LB,46.0,,TB,False,True,False,False,False,False,False,,,0.1,False,,,
00-0041339,2026,Deshawn McKnight,DL,73.0,,TB,False,True,False,False,False,False,False,,,0.1,False,,,
00-0041340,2026,Marcus Allen,DB,29.0,,MIN,False,True,False,False,False,False,False,,,0.1,False,,,
00-0041341,2026,Da'Veawn Armstead,DB,38.0,,MIN,False,True,False,False,False,False,False,,,0.1,False,,,
00-0041342,2026,Dillon Bell,WR,89.0,,MIN,False,True,False,False,False,False,False,,,0.1,False,,,
00-0041344,2026,Tyreek Chappell,DB,28.0,,MIN,False,True,False,False,False,False,False,,,0.1,False,,,
00-0041348,2026,Tristan Leigh,OL,63.0,,MIN,False,True,False,False,False,False,False,,,0.1,False,,,
00-0041349,2026,Delby Lemieux,OL,62.0,,MIN,False,True,False,False,False,False,False,,,0.1,False,,,
00-0041351,2026,Tomas Rimac,OL,67.0,,MIN,False,True,False,False,False,False,False,,,0.1,False,,,
00-0041352,2026,Marcus Sanders Jr.,WR,31.0,,MIN,False,True,False,False,False,False,False,,,0.1,False,,,
00-0041353,2026,Cam'Ron Stewart,LB,49.0,,MIN,False,True,False,False,False,False,False,,,0.1,False,,,
00-0041354,2026,Jacob Thomas,DB,29.0,,MIN,False,True,False,False,False,False,False,,,0.1,False,,,
00-0041355,2026,Arden Walker,LB,46.0,,GB,False,True,False,False,False,False,False,,,0.1,False,,,
00-0041357,2026,Khalil Dinkins,TE,43.0,,SF,False,True,False,False,False,False,False,,,0.1,False,,,
00-0041358,2026,Bryson Eason,DL,94.0,,KC,False,True,False,False,False,False,False,,,0.1,False,,,
00-0041359,2026,Wesley Grimes,WR,81.0,,SF,False,True,False,False,False,False,False,,,0.1,False,,,
00-0041360,2026,Mikail Kamara,DL,59.0,,SF,False,True,False,False,False,False,False,,,0.1,False,,,
00-0041361,2026,Will Pauling,WR,84.0,,SF,False,True,False,False,False,False,False,,,0.1,False,,,
00-0041362,2026,Jalen Stroman,DB,38.0,,SF,False,True,False,False,False,False,False,,,0.1,False,,,
00-0041363,2026,James Thompson Jr.,DL,96.0,,SF,False,True,False,False,False,False,False,,,0.1,False,,,
00-0041364,2026,Elijah Culp,DB,26.0,,ARI,False,True,False,False,False,False,False,,,0.1,False,,,
00-0041365,2026,Ka'ena Decambra,OL,62.0,,HOU,False,True,False,False,False,False,False,,,0.1,False,,,
00-0041366,2026,Jameson Geers,TE,46.0,,ARI,False,True,False,False,False,False,False,,,0.1,False,,,
00-0041367,2026,Cam Robertson,LB,49.0,,ARI,False,True,False,False,False,False,False,,,0.1,False,,,
00-0041368,2026,Harrison Wallace III,WR,30.0,,ARI,False,True,False,False,False,False,False,,,0.1,False,,,
00-0041369,2026,Damonic Williams,DL,96.0,,ARI,False,True,False,False,False,False,False,,,0.1,False,,,
00-0041370,2026,Wydett Williams Jr.,DB,31.0,,ARI,False,True,False,False,False,False,False,,,0.1,False,,,
00-0041371,2026,Noah Avinger,DB,31.0,,LAC,False,True,False,False,False,False,False,,,0.1,False,,,
00-0041372,2026,Lander Barton,LB,57.0,,LAC,False,True,False,False,False,False,False,,,0.1,False,,,
00-0041373,2026,Jerand Bradley,WR,36.0,,LAC,False,True,False,False,False,False,False,,,0.1,False,,,
00-0041374,2026,Sincere Brown,WR,38.0,,LAC,False,True,False,False,False,False,False,,,0.1,False,,,
00-0041375,2026,Jahmeer Carter,DL,61.0,,LAC,False,True,False,False,False,False,False,,,0.1,False,,,
00-0041376,2026,Gregory Desrosiers,RB,31.0,,LAC,False,True,False,False,False,False,False,,,0.1,False,,,
00-0041377,2026,Devin Grant,DB,38.0,,LAC,False,True,False,False,False,False,False,,,0.1,False,,,
00-0041378,2026,Jacobian Guillory,DL,95.0,,LAC,False,True,False,False,False,False,False,,,0.1,False,,,
00-0041379,2026,Niles King,DL,94.0,,KC,False,True,False,False,False,False,False,,,0.1,False,,,
00-0041380,2026,Devonte Ross,WR,24.0,,LAC,False,True,False,False,False,False,False,,,0.1,False,,,
00-0041381,2026,Rodney Shelley,DB,24.0,,LAC,False,True,False,False,False,False,False,,,0.1,False,,,
00-0041382,2026,Avery Smith,DB,27.0,,SEA,False,True,False,False,False,False,False,,,0.1,False,,,
00-0041383,2026,Jacob Spomer,OL,60.0,,LAC,False,True,False,False,False,False,False,,,0.1,False,,,
00-0041384,2026,Evan Svoboda,TE,49.0,,LAC,False,True,False,False,False,False,False,,,0.1,False,,,
00-0041385,2026,Nadame Tucker,DL,60.0,,CLE,False,True,False,False,False,False,False,,,0.1,False,,,
00-0041386,2026,Terry Webb,DL,64.0,,LAC,False,True,False,False,False,False,False,,,0.1,False,,,
00-0041387,2026,Isaiah World,OL,67.0,,LAC,False,True,False,False,False,False,False,,,0.1,False,,,
00-0041390,2026,Christen Miller,DL,52.0,,NO,False,True,False,False,False,False,False,,,0.1,False,,,
00-0041391,2026,Davison Igbinosun,DB,21.0,,BUF,False,True,False,False,False,False,False,,,0.1,False,,,
00-0041392,2026,Jake Slaughter,OL,66.0,,LAC,False,True,False,False,False,False,False,,,0.1,False,,,
00-0041393,2026,Daylen Everette,DB,23.0,,PIT,False,True,False,False,False,False,False,,,0.1,False,,,
00-0041394,2026,Keagen Trost,OL,79.0,,LA,False,True,False,False,False,False,False,,,0.1,False,,,
00-0041395,2026,Eli Raridon,TE,82.0,,NE,False,True,False,False,False,False,False,,,0.1,False,,,
00-0041396,2026,Gennings Dunker,OL,73.0,,PIT,False,True,False,False,False,False,False,,,0.1,False,,,
00-0041397,2026,Kaden Wetjen,WR,10.0,,PIT,False,True,False,False,False,False,False,,,0.1,False,,,
00-0041398,2026,Riley Nowakowski,TE,37.0,,PIT,False,True,False,False,False,False,False,,,0.1,False,,,
00-0041399,2026,CJ Daniels,WR,6.0,,LA,False,True,False,False,False,False,False,,,0.1,False,,,
00-0041400,2026,Gabe Rubio,DL,96.0,,PIT,False,True,False,False,False,False,False,,,0.1,False,,,
00-0041401,2026,Robert Spears-Jennings,DB,28.0,,PIT,False,True,False,False,False,False,False,,,0.1,False,,,
00-0041402,2026,Quintayvious Hutchins,LB,45.0,,NE,False,True,False,False,False,False,False,,,0.1,False,,,
00-0041403,2026,Rohan Jones,TE,46.0,,LA,False,True,False,False,False,False,False,,,0.1,False,,,
00-0041404,2026,Wesley Bailey,LB,47.0,,LA,False,True,False,False,False,False,False,,,0.1,False,,,
00-0041405,2026,Peter Manuma,DB,34.0,,NE,False,True,False,False,False,False,False,,,0.1,False,,,
00-0041406,2026,Larry Worth,DB,47.0,,SF,False,True,False,False,False,False,False,,,0.1,False,,,
00-0041408,2026,Wayne Matthews II,LB,35.0,,CHI,False,True,False,False,False,False,False,,,0.1,False,,,
00-0041409,2026,Daveren Rayner,LB,42.0,,ATL,False,True,False,False,False,False,False,,,0.1,False,,,
00-0041410,2026,Jaden Keller,LB,48.0,,NYJ,False,True,False,False,False,False,False,,,0.1,False,,,
00-0041411,2026,Michael Coats Jr.,DB,39.0,,CLE,False,True,False,False,False,False,False,,,0.1,False,,,
00-0041412,2026,Xavier Holmes,LB,58.0,,NE,False,True,False,False,False,False,False,,,0.1,False,,,
00-0041413,2026,Nick Andersen,DB,45.0,,LA,False,True,False,False,False,False,False,,,0.1,False,,,
00-0041414,2026,Matthew Caldwell,QB,16.0,,LA,False,True,False,False,False,False,False,,,0.1,False,,,
00-0041415,2026,Dean Connors,RB,33.0,,LA,False,True,False,False,False,False,False,,,0.1,False,,,
00-0041416,2026,Nyzier Fourqurean,DB,25.0,,LA,False,True,False,False,False,False,False,,,0.1,False,,,
00-0041417,2026,"Al'zillion ""AZ"" Hamilton",DB,31.0,,LA,False,True,False,False,False,False,False,,,0.1,False,,,
00-0041418,2026,Bryce Henderson,OL,70.0,,LA,False,True,False,False,False,False,False,,,0.1,False,,,
00-0041419,2026,Nikhai Hill-Green,LB,54.0,,LA,False,True,False,False,False,False,False,,,0.1,False,,,
00-0041421,2026,Darryl Peterson III,LB,59.0,,LA,False,True,False,False,False,False,False,,,0.1,False,,,
00-0041422,2026,Dan Villari,TE,83.0,,LA,False,True,False,False,False,False,False,,,0.1,False,,,
00-0041423,2026,Payton Zdroik,DL,62.0,,LA,False,True,False,False,False,False,False,,,0.1,False,,,
00-0041424,2026,Javin Wright,LB,48.0,,TB,False,True,False,False,False,False,False,,,0.1,False,,,
00-0041425,2026,Austin Blaske,OL,64.0,,LA,False,True,False,False,False,False,False,,,0.1,False,,,
00-0041428,2026,Jaxson Moi,DL,98.0,,LA,False,True,False,False,False,False,False,,,0.1,False,,,
00-0041429,2026,Eddie Walls III,LB,51.0,,LA,False,True,False,False,False,False,False,,,0.1,False,,,
00-0041430,2026,Greg Crippen,OL,61.0,,PIT,False,True,False,False,False,False,False,,,0.1,False,,,
00-0041431,2026,Bangally Kamara,LB,59.0,,MIN,False,True,False,False,False,False,False,,,0.1,False,,,
00-0041432,2026,Smith Vilbert,DL,91.0,,MIN,False,True,False,False,False,False,False,,,0.1,False,,,
00-0041434,2026,Yasir Holmes,LB,57.0,,TB,False,True,False,False,False,False,False,,,0.1,False,,,
00-0041435,2026,Dean Patterson IV,WR,81.0,,TB,False,True,False,False,False,False,False,,,0.1,False,,,
00-0041436,2026,DJ Herman,RB,34.0,,MIA,False,True,False,False,False,False,False,,,0.1,False,,,
00-0041437,2026,DJ Wingfield,OL,64.0,,DAL,False,True,False,False,False,False,False,,,0.1,False,,,
00-0041438,2026,Carnell Tate,WR,14.0,,TEN,False,True,False,False,False,False,False,,,0.1,False,,,
00-0041439,2026,Blake Miller,OL,76.0,,DET,False,True,False,False,False,False,False,,,0.1,False,,,
00-0041440,2026,Kayden McDonald,DL,93.0,,HOU,False,True,False,False,False,False,False,,,0.1,False,,,
00-0041441,2026,Derrick Moore,LB,8.0,,DET,False,True,False,False,False,False,False,,,0.1,False,,,
00-0041442,2026,Jimmy Rolder,LB,41.0,,DET,False,True,False,False,False,False,False,,,0.1,False,,,
00-0041443,2026,Skyler Bell,WR,13.0,,BUF,False,True,False,False,False,False,False,,,0.1,False,,,
00-0041444,2026,Kaleb Elarms-Orr,LB,52.0,,BUF,False,True,False,False,False,False,False,,,0.1,False,,,
00-0041445,2026,Keith Abney II,DB,6.0,,DET,False,True,False,False,False,False,False,,,0.1,False,,,
00-0041446,2026,Kendrick Law,WR,88.0,,DET,False,True,False,False,False,False,False,,,0.1,False,,,
00-0041447,2026,Skyler Gill-Howard,DL,50.0,,DET,False,True,False,False,False,False,False,,,0.1,False,,,
00-0041448,2026,Tyre West,DL,52.0,,DET,False,True,False,False,False,False,False,,,0.1,False,,,
00-0041449,2026,Aiden Fisher,LB,59.0,,HOU,False,True,False,False,False,False,False,,,0.1,False,,,
00-0041451,2026,Brock Rechsteiner,WR,89.0,,NO,False,True,False,False,False,False,False,,,0.1,False,,,
00-0041452,2026,Johnny Pascuzzi,TE,42.0,,LAC,False,True,False,False,False,False,False,,,0.1,False,,,
00-0041453,2026,Luke Altmyer,QB,15.0,,DET,False,True,False,False,False,False,False,,,0.1,False,,,
00-0041454,2026,Aamaris Brown,DB,24.0,,DET,False,True,False,False,False,False,False,,,0.1,False,,,
00-0041455,2026,Erick Hunter,LB,49.0,,NE,False,True,False,False,False,False,False,,,0.1,False,,,
00-0041458,2026,Anthony Lucas,DL,61.0,,DET,False,True,False,False,False,False,False,,,0.1,False,,,
00-0041459,2026,Eric O'Neill,DL,66.0,,DET,False,True,False,False,False,False,False,,,0.1,False,,,
00-0041460,2026,Melvin Priestly,OL,74.0,,DET,False,True,False,False,False,False,False,,,0.1,False,,,
00-0041462,2026,Colton Hood,DB,12.0,,NYG,False,True,False,False,False,False,False,,,0.1,False,,,
00-0041463,2026,Bud Clark,DB,9.0,,SEA,False,True,False,False,False,False,False,,,0.1,False,,,
00-0041464,2026,Tacario Davis,DB,20.0,,CIN,False,True,False,False,False,False,False,,,0.1,False,,,
00-0041465,2026,Wade Woodaz,LB,30.0,,HOU,False,True,False,False,False,False,False,,,0.1,False,,,
00-0041466,2026,Kamari Ramsey,DB,27.0,,HOU,False,True,False,False,False,False,False,,,0.1,False,,,
00-0041467,2026,Lewis Bond,WR,82.0,,HOU,False,True,False,False,False,False,False,,,0.1,False,,,
00-0041468,2026,Chase Bisontis,OL,57.0,,ARI,False,True,False,False,False,False,False,,,0.1,False,,,
00-0041469,2026,Avieon Terrell,DB,12.0,,ATL,False,True,False,False,False,False,False,,,0.1,False,,,
00-0041470,2026,Brandon Cisse,DB,2.0,,GB,False,True,False,False,False,False,False,,,0.1,False,,,
00-0041471,2026,Emmanuel McNeil-Warren,DB,28.0,,CLE,False,True,False,False,False,False,False,,,0.1,False,,,
00-0041472,2026,Marlin Klein,TE,83.0,,HOU,False,True,False,False,False,False,False,,,0.1,False,,,
00-0041473,2026,Stephen Dix Jr,LB,34.0,,MIA,False,True,False,False,False,False,False,,,0.1,False,,,
00-0041475,2026,Trayvon Rudolph,WR,30.0,,MIN,False,True,False,False,False,False,False,,,0.1,False,,,
00-0041476,2026,Rashad Rochelle,WR,35.0,,SEA,False,True,False,False,False,False,False,,,0.1,False,,,
00-0041478,2026,Lee Hunter,DL,92.0,,CAR,False,True,False,False,False,False,False,,,0.1,False,,,
00-0041479,2026,Anthony Hill Jr.,LB,53.0,,TEN,False,True,False,False,False,False,False,,,0.1,False,,,
00-0041481,2026,Terrill Davis,WR,40.0,,MIN,False,True,False,False,False,False,False,,,0.1,False,,,
00-0041482,2026,Max Iheanachor,OL,71.0,,PIT,False,True,False,False,False,False,False,,,0.1,False,,,
00-0041483,2026,Eli Stowers,TE,87.0,,PHI,False,True,False,False,False,False,False,,,0.1,False,,,
00-0041484,2026,Anterio Thompson,DL,69.0,,ATL,False,True,False,False,False,False,False,,,0.1,False,,,
00-0041485,2026,Miles Davis,RB,37.0,,CAR,False,True,False,False,False,False,False,,,0.1,False,,,
00-0041486,2026,Anderson Castle,RB,42.0,,IND,False,True,False,False,False,False,False,,,0.1,False,,,
00-0041487,2026,Tywone Malone,DL,64.0,,CAR,False,True,False,False,False,False,False,,,0.1,False,,,
00-0041488,2026,Tamon Lynum,DB,42.0,,PIT,False,True,False,False,False,False,False,,,0.1,False,,,
00-0041489,2026,Germie Bernard,WR,17.0,,PIT,False,True,False,False,False,False,False,,,0.1,False,,,
00-0041490,2026,Eli Heidenreich,RB,29.0,,PIT,False,True,False,False,False,False,False,,,0.1,False,,,
00-0041492,2026,Reid Carrico,LB,47.0,,TEN,False,True,False,False,False,False,False,,,0.1,False,,,
00-0041493,2026,Marlon Jones,DB,46.0,,GB,False,True,False,False,False,False,False,,,0.1,False,,,
00-0041494,2026,Zion Young,LB,9.0,,BAL,False,True,False,False,False,False,False,,,0.1,False,,,
00-0041495,2026,Jake Golday,LB,41.0,,MIN,False,True,False,False,False,False,False,,,0.1,False,,,
00-0041496,2026,Jonah Coleman,RB,20.0,,DEN,False,True,False,False,False,False,False,,,0.1,False,,,
00-0041497,2026,Jadon Canady,DB,22.0,,KC,False,True,False,False,False,False,False,,,0.1,False,,,
00-0041498,2026,Kage Casey,OL,78.0,,DEN,False,True,False,False,False,False,False,,,0.1,False,,,
00-0041500,2026,Travis Shaw,DL,71.0,,TB,False,True,False,False,False,False,False,,,0.1,False,,,
00-0041501,2026,R Mason Thomas,DL,51.0,,KC,False,True,False,False,False,False,False,,,0.1,False,,,
00-0041502,2026,Josiah Trotter,LB,45.0,,TB,False,True,False,False,False,False,False,,,0.1,False,,,
00-0041503,2026,Nate Boerkircher,TE,87.0,,JAX,False,True,False,False,False,False,False,,,0.1,False,,,
00-0041505,2026,Francis Mauigoa,OL,65.0,,NYG,False,True,False,False,False,False,False,,,0.1,False,,,
00-0041507,2026,Courtland Ford,OL,75.0,,NYJ,False,True,False,False,False,False,False,,,0.1,False,,,
00-0041508,2026,Keldric Faulk,LB,15.0,,TEN,False,True,False,False,False,False,False,,,0.1,False,,,
00-0041509,2026,Arvell Reese,LB,52.0,,NYG,False,True,False,False,False,False,False,,,0.1,False,,,
00-0041510,2026,Max Klare,TE,86.0,,LA,False,True,False,False,False,False,False,,,0.1,False,,,
00-0041511,2026,Omar Cooper Jr.,WR,11.0,,NYJ,False,True,False,False,False,False,False,,,0.1,False,,,
00-0041512,2026,Jadarian Price,RB,8.0,,SEA,False,True,False,False,False,False,False,,,0.1,False,,,
00-0041513,2026,Josh Kreutz,OL,61.0,,IND,False,True,False,False,False,False,False,,,0.1,False,,,
00-0041514,2026,Jai'Onte' McMillan,DB,45.0,,MIA,False,True,False,False,False,False,False,,,0.1,False,,,
00-0041515,2026,Chase Wilson,LB,53.0,,NYJ,False,True,False,False,False,False,False,,,0.1,False,,,
00-0041517,2026,Jalen Farmer,OL,62.0,,IND,False,True,False,False,False,False,False,,,0.1,False,,,
00-0041518,2026,Bryce Boettcher,LB,50.0,,IND,False,True,False,False,False,False,False,,,0.1,False,,,
00-0041519,2026,Derrick Graham,OL,66.0,,SEA,False,True,False,False,False,False,False,,,0.1,False,,,
00-0041521,2026,Kadyn Proctor,OL,74.0,,MIA,False,True,False,False,False,False,False,,,0.1,False,,,
00-0041522,2026,Jacob Rodriguez,LB,10.0,,MIA,False,True,False,False,False,False,False,,,0.1,False,,,
00-0041523,2026,Caleb Douglas,WR,7.0,,MIA,False,True,False,False,False,False,False,,,0.1,False,,,
00-0041524,2026,Will Kacmarek,TE,89.0,,MIA,False,True,False,False,False,False,False,,,0.1,False,,,
00-0041525,2026,Chris Bell,WR,18.0,,MIA,False,True,False,False,False,False,False,,,0.1,False,,,
00-0041526,2026,Trey Moore,LB,17.0,,MIA,False,True,False,False,False,False,False,,,0.1,False,,,
00-0041527,2026,Kyle Louis,LB,19.0,,MIA,False,True,False,False,False,False,False,,,0.1,False,,,
00-0041528,2026,Michael Taaffe,DB,16.0,,MIA,False,True,False,False,False,False,False,,,0.1,False,,,
00-0041529,2026,Kevin Coleman Jr.,WR,21.0,,MIA,False,True,False,False,False,False,False,,,0.1,False,,,
00-0041530,2026,DJ Campbell,OL,63.0,,MIA,False,True,False,False,False,False,False,,,0.1,False,,,
00-0041531,2026,Max Llewellyn,DL,57.0,,MIA,False,True,False,False,False,False,False,,,0.1,False,,,
00-0041532,2026,Keylan Rutledge,OL,66.0,,HOU,False,True,False,False,False,False,False,,,0.1,False,,,
00-0041533,2026,Chris Johnson,DB,3.0,,MIA,False,True,False,False,False,False,False,,,0.1,False,,,
00-0041534,2026,Tim Keenan III,DL,96.0,,LV,False,True,False,False,False,False,False,,,0.1,False,,,
00-0041535,2026,Louis Hansen,TE,47.0,,HOU,False,True,False,False,False,False,False,,,0.1,False,,,
00-0041537,2026,Malachi Lawrence,LB,57.0,,DAL,False,True,False,False,False,False,False,,,0.1,False,,,
00-0041538,2026,Dillon Thieneman,DB,31.0,,CHI,False,True,False,False,False,False,False,,,0.1,False,,,
00-0041539,2026,Logan Jones,OL,54.0,,CHI,False,True,False,False,False,False,False,,,0.1,False,,,
00-0041540,2026,Zion Wilson,DL,78.0,,PHI,False,True,False,False,False,False,False,,,0.1,False,,,
00-0041541,2026,Caleb Lomu,OL,74.0,,NE,False,True,False,False,False,False,False,,,0.1,False,,,
00-0041543,2026,Mansoor Delane,DB,5.0,,KC,False,True,False,False,False,False,False,,,0.1,False,,,
00-0041544,2026,Akheem Mesidor,LB,90.0,,LAC,False,True,False,False,False,False,False,,,0.1,False,,,
00-0041545,2026,Peter Woods,DL,99.0,,KC,False,True,False,False,False,False,False,,,0.1,False,,,
00-0041546,2026,Cashius Howell,DL,55.0,,CIN,False,True,False,False,False,False,False,,,0.1,False,,,
00-0041547,2026,KC Concepcion,WR,1.0,,CLE,False,True,False,False,False,False,False,,,0.1,False,,,
00-0041548,2026,Jude Bowry,OL,74.0,,BUF,False,True,False,False,False,False,False,,,0.1,False,,,
00-0041549,2026,Darrell Jackson Jr.,DL,95.0,,NYJ,False,True,False,False,False,False,False,,,0.1,False,,,
00-0041550,2026,Brenen Thompson,WR,89.0,,LAC,False,True,False,False,False,False,False,,,0.1,False,,,
00-0041552,2026,Tyler Onyedim,DL,98.0,,DEN,False,True,False,False,False,False,False,,,0.1,False,,,
00-0041553,2026,Keyron Crawford,LB,42.0,,LV,False,True,False,False,False,False,False,,,0.1,False,,,
00-0041554,2026,Markel Bell,OL,72.0,,PHI,False,True,False,False,False,False,False,,,0.1,False,,,
00-0041555,2026,Kaleb Proctor,DL,94.0,,ARI,False,True,False,False,False,False,False,,,0.1,False,,,
00-0041556,2026,Romello Height,DL,94.0,,SF,False,True,False,False,False,False,False,,,0.1,False,,,
00-0041557,2026,Gracen Halton,DL,93.0,,SF,False,True,False,False,False,False,False,,,0.1,False,,,
00-0041558,2026,Sam Roush,TE,87.0,,CHI,False,True,False,False,False,False,False,,,0.1,False,,,
00-0041559,2026,Febechi Nwaiwu,OL,64.0,,HOU,False,True,False,False,False,False,False,,,0.1,False,,,
00-0041560,2026,Jack Bouwmeester,P,14.0,,LA,False,True,False,False,False,False,False,,,0.1,False,,,
00-0041561,2026,Carson Beck,QB,19.0,,ARI,False,True,False,False,False,False,False,,,0.1,False,,,
00-0041562,2026,Fernando Mendoza,QB,15.0,,LV,False,True,False,False,False,False,False,,,0.1,False,,,
00-0041563,2026,Jermod McCoy,DB,28.0,,LV,False,True,False,False,False,False,False,,,0.1,False,,,
00-0041564,2026,Riley Wilson,LB,51.0,,NE,False,True,False,False,False,False,False,,,0.1,False,,,
00-0041565,2026,Drew Allar,QB,16.0,,PIT,False,True,False,False,False,False,False,,,0.1,False,,,
00-0041566,2026,Jeremiah Franklin,TE,41.0,,MIA,False,True,False,False,False,False,False,,,0.1,False,,,
00-0041568,2026,Ty Simpson,QB,15.0,,LA,False,True,False,False,False,False,False,,,0.1,False,,,
00-0041569,2026,Gabe Jacas,LB,50.0,,NE,False,True,False,False,False,False,False,,,0.1,False,,,
00-0041570,2026,Tyler Moore,TE,45.0,,IND,False,True,False,False,False,False,False,,,0.1,False,,,
00-0041571,2026,Liam Clifford,WR,39.0,,LAC,False,True,False,False,False,False,False,,,0.1,False,,,
00-0041572,2026,Roydell Williams,RB,24.0,,DET,False,True,False,False,False,False,False,,,0.1,False,,,
00-0041573,2026,Jarod Washington,DB,35.0,,MIN,False,True,False,False,False,False,False,,,0.1,False,,,
00-0041574,2026,Mekhi Rodgers,DB,36.0,,IND,False,True,False,False,False,False,False,,,0.1,False,,,
00-0041575,2026,Jeff Weimer,WR,5.0,,KC,False,True,False,False,False,False,False,,,0.1,False,,,
00-0041576,2026,Drew Biber,TE,43.0,,CLE,False,True,False,False,False,False,False,,,0.1,False,,,
00-0041577,2026,Connor Hulstein,TE,49.0,,NYJ,False,True,False,False,False,False,False,,,0.1,False,,,
00-0041578,2026,Jarrod Gray,OL,79.0,,NYG,False,True,False,False,False,False,False,,,0.1,False,,,
00-0041579,2026,Seydou Traore,TE,83.0,,MIA,False,True,False,False,False,False,False,,,0.1,False,,,
00-0041580,2026,Uar Bernard,DL,93.0,,PHI,False,True,False,False,False,False,False,,,0.1,False,,,
00-0041581,2026,Brett Thorson,P,19.0,,MIN,False,True,False,False,False,False,False,,,0.1,False,,,
00-0041582,2026,Kansei Matsuzawa,K,38.0,,LV,False,True,False,False,False,False,False,,,0.1,False,,,
00-0041583,2026,Paul Rubelt,OL,76.0,,TB,False,True,False,False,False,False,False,,,0.1,False,,,
00-0041584,2026,Jordan Washington,DB,33.0,,SEA,False,True,False,False,False,False,False,,,0.1,False,,,
00-0041585,2026,Grant Finley,RB,47.0,,NYG,False,True,False,False,False,False,False,,,0.1,False,,,
00-0041586,2026,Eric Butler,DB,30.0,,NE,False,True,False,False,False,False,False,,,0.1,False,,,
00-0041587,2026,Daniel Rickert,LB,40.0,,LA,False,True,False,False,False,False,False,,,0.1,False,,,
00-0041588,2026,Justin Jones,RB,25.0,,SEA,False,True,False,False,False,False,False,,,0.1,False,,,
00-0041589,2026,Ricardo Hallman,DB,32.0,,DEN,False,True,False,False,False,False,False,,,0.1,False,,,
00-0041590,2026,Malakai Williams,LB,56.0,,NO,False,True,False,False,False,False,False,,,0.1,False,,,
00-0041591,2026,Brien Taylor,DL,60.0,,NO,False,True,False,False,False,False,False,,,0.1,False,,,
00-0041592,2026,Xavier Williams,DB,26.0,,TB,False,True,False,False,False,False,False,,,0.1,False,,,
00-0041594,2026,Keveion'ta Spears,DL,60.0,,ARI,False,True,False,False,False,False,False,,,0.1,False,,,
00-0041595,2026,Barika Kpeenu,RB,49.0,,TB,False,True,False,False,False,False,False,,,0.1,False,,,
00-0041596,2026,Cam Rice,DL,58.0,,MIA,False,True,False,False,False,False,False,,,0.1,False,,,
00-0041597,2026,Devyn Bobby,DB,39.0,,ARI,False,True,False,False,False,False,False,,,0.1,False,,,
00-0041598,2026,Alex Tecza,RB,34.0,,PIT,False,True,False,False,False,False,False,,,0.1,False,,,
00-0041599,2026,Matthew Henry,WR,26.0,,TB,False,True,False,False,False,False,False,,,0.1,False,,,
