player_id,player_name,season,team,position,age,games,snap_share,route_participation,target_share,targets_per_game,air_yards_share,adot,catch_rate,yptarget,yac_per_rec,rush_share,carries_per_game,ypc,rz_target_share,rz_rush_share,inside5_rush_share,inside10_target_share,rush_td,rec_td,pass_att_share,ypa,sack_rate,pass_td,receiving_yards,rushing_yards,passing_yards
00-0022942,Philip Rivers,2025,IND,QB,,3,0.9700000000000001,,0.0,0.0,0.0,,,,,0.027777777777777776,0.6666666666666666,-0.5,,0.0,0.0,,0,0,0.9787234042553191,5.913043478260869,0.05154639175257732,4,0,-1,544
00-0023459,Aaron Rodgers,2025,PIT,QB,,16,0.9529411764705882,,0.0020408163265306124,0.0625,-0.0030303030303030303,-9.0,1.0,-9.0,0.0,0.05660377358490566,1.3125,2.9047619047619047,0.0,0.041666666666666664,0.07407407407407407,0.0,1,0,0.9595375722543352,6.670682730923695,0.05502846299810247,24,-9,61,3322
00-0024243,Marcedes Lewis,2025,DEN,TE,,1,0.242,,0.0,0.0,0.0,,,,,0.0,0.0,,,,,,0,0,0.0,,,0,0,0,0
00-0026158,Joe Flacco,2025,CIN,QB,,13,0.7784615384615384,,0.0,0.0,0.0,,,,,0.07,1.6153846153846154,1.6666666666666667,,0.0784313725490196,0.14285714285714285,,1,0,0.7954110898661568,5.959134615384615,0.041474654377880185,15,0,35,2479
00-0026300,Josh Johnson,2025,WAS,QB,,3,0.492,,0.0,0.0,0.0,,,,,0.14457831325301204,4.0,4.583333333333333,,0.06666666666666667,0.058823529411764705,,1,0,0.7941176470588235,6.888888888888889,0.03571428571428571,1,0,55,372
00-0026498,Matthew Stafford,2025,LA,QB,,17,0.9875,,0.0,0.0,0.0,,,,,0.06236559139784946,1.7058823529411764,0.034482758620689655,,0.03488372093023256,0.03125,,0,0,1.0,7.884422110552764,0.037096774193548385,46,0,1,4707
00-0027973,Andy Dalton,2025,CAR,QB,,4,0.38,,0.0,0.0,0.0,,,,,0.040983606557377046,1.25,-0.4,,0.0,0.0,,0,0,0.31896551724137934,7.918918918918919,0.17777777777777778,1,0,-2,293
00-0028118,Tyrod Taylor,2025,NYJ,QB,,6,0.6699999999999999,,0.0,0.0,0.0,,,,,0.2,4.5,5.296296296296297,,0.23076923076923078,0.0,,1,0,0.7165775401069518,5.813432835820896,0.0945945945945946,5,0,143,779
00-0029263,Russell Wilson,2025,NYG,QB,,6,0.5433333333333333,,0.0,0.0,0.0,,,,,0.0989010989010989,3.0,5.888888888888889,,0.17073170731707318,0.06666666666666667,,0,0,0.616580310880829,6.983193277310924,0.07751937984496124,3,0,106,831
00-0029604,Kirk Cousins,2025,ATL,QB,,10,0.861,,0.0,0.0,0.0,,,,,0.050724637681159424,1.4,0.5,,0.029411764705882353,0.06666666666666667,,1,0,0.838006230529595,6.397769516728625,0.04609929078014184,10,0,7,1721
00-0029892,Kyle Juszczyk,2025,SF,FB,,16,0.4594736842105263,,0.05426356589147287,1.75,0.03147953830010493,4.285714285714286,0.8571428571428571,7.607142857142857,4.541666666666667,0.0044444444444444444,0.125,-1.5,0.05434782608695652,0.01098901098901099,0.041666666666666664,0.03260869565217391,0,2,0.0,,,0,213,-3,0
00-0030035,Adam Thielen,2025,PIT,WR,,14,0.38882352941176473,,0.07829977628635347,2.5,0.0894998537584089,8.742857142857142,0.5428571428571428,5.314285714285714,2.3157894736842106,0.0,0.0,,0.047619047619047616,,,0.023809523809523808,0,0,0.0,,,0,186,0,0
00-0030061,Zach Ertz,2025,WAS,TE,,13,0.6646153846153846,,0.20224719101123595,5.538461538461538,0.21243523316062177,9.11111111111111,0.6944444444444444,7.0,2.46,0.0,0.0,,0.16071428571428573,,,0.10714285714285714,0,4,0.0,,,0,504,0,0
00-0030279,Keenan Allen,2025,LAC,WR,,17,0.5572222222222222,,0.22634508348794063,7.176470588235294,0.23330304407087687,8.418032786885245,0.6639344262295082,6.368852459016393,2.8518518518518516,0.0,0.0,,0.17391304347826086,,,0.07608695652173914,0,4,0.0,,,0,777,0,0
00-0030506,Travis Kelce,2025,KC,TE,,17,0.8188235294117647,,0.19672131147540983,6.352941176470588,0.17100977198697068,6.805555555555555,0.7037037037037037,7.87962962962963,5.578947368421052,0.002325581395348837,0.058823529411764705,1.0,0.12871287128712872,0.011363636363636364,0.047619047619047616,0.07920792079207921,0,5,0.0,,,0,851,1,0
00-0030564,DeAndre Hopkins,2025,BAL,WR,,17,0.33,,0.09582309582309582,2.2941176470588234,0.15195497630331753,13.153846153846153,0.5641025641025641,8.461538461538462,2.9545454545454546,0.0,0.0,,0.04225352112676056,,,0.014084507042253521,0,2,0.0,,,0,330,0,0
00-0030565,Geno Smith,2025,LV,QB,,15,0.9646666666666667,,0.0,0.0,0.0,,,,,0.12654320987654322,2.7333333333333334,2.658536585365854,,0.16279069767441862,0.16666666666666666,,0,0,0.9655172413793104,6.752232142857143,0.10934393638170974,19,0,109,3025
00-0031236,Brandin Cooks,2025,BUF,WR,,13,0.5435294117647059,,0.08933002481389578,2.769230769230769,0.16655907036797934,14.333333333333334,0.6666666666666666,7.75,1.7916666666666667,0.0,0.0,,0.018518518518518517,,,0.0,0,0,0.0,,,0,279,0,0
00-0031237,Teddy Bridgewater,2025,TB,QB,,3,0.1225,,0.0,0.0,0.0,,,,,0.0375,1.0,1.3333333333333333,,0.0,0.0,,0,0,0.13392857142857142,4.133333333333334,0.11764705882352941,0,0,4,62
00-0031345,Jimmy Garoppolo,2025,LA,QB,,3,0.08333333333333333,,0.0,0.0,0.0,,,,,0.09375,3.0,-1.1111111111111112,,,,,0,0,0.0,,,0,0,-10,0
00-0031381,Davante Adams,2025,LA,WR,,14,0.7123529411764705,,0.24782608695652175,8.142857142857142,0.3487080415358609,12.666666666666666,0.5263157894736842,6.921052631578948,1.95,0.0,0.0,,0.3404255319148936,,,0.24468085106382978,0,14,0.0,,,0,789,0,0
00-0031408,Mike Evans,2025,TB,WR,,8,0.65625,,0.23134328358208955,7.75,0.3522873022659256,13.290322580645162,0.4838709677419355,5.935483870967742,1.2333333333333334,0.0,0.0,,0.21428571428571427,,,0.11904761904761904,0,3,0.0,,,0,368,0,0
00-0031484,Chris Manhertz,2025,NYG,TE,,4,0.17823529411764708,,0.021052631578947368,0.5,0.0167427701674277,5.5,0.5,3.5,6.0,0.0,0.0,,0.05,,,0.0,0,0,0.0,,,0,7,0,0
00-0031503,Jameis Winston,2025,NYG,QB,,3,0.6766666666666666,,0.010101010101010102,0.3333333333333333,0.012548262548262547,13.0,1.0,33.0,20.0,0.0660377358490566,2.3333333333333335,3.2857142857142856,0.0,0.08333333333333333,0.1,0.0,1,1,0.6407766990291263,8.590909090909092,0.043478260869565216,2,33,23,567
00-0031588,Stefon Diggs,2025,NE,WR,,17,0.5433333333333333,,0.21161825726141079,6.0,0.19463687150837988,8.53921568627451,0.8333333333333334,9.931372549019608,4.1647058823529415,0.0,0.0,,0.14457831325301204,,,0.08433734939759036,0,4,0.0,,,0,1013,0,0
00-0031610,Darren Waller,2025,MIA,TE,,9,0.44999999999999996,,0.14345991561181434,3.7777777777777777,0.20455840455840457,10.558823529411764,0.7058823529411765,8.323529411764707,3.0416666666666665,0.00425531914893617,0.1111111111111111,4.0,0.20512820512820512,0.0,0.0,0.15384615384615385,0,6,0.0,,,0,283,4,0
00-0031687,Raheem Mostert,2025,LV,RB,,12,0.19999999999999998,,0.03571428571428571,1.0,-0.008588298443370907,-1.3333333333333333,1.0,5.833333333333333,7.166666666666667,0.08943089430894309,1.8333333333333333,4.7272727272727275,0.0196078431372549,0.12121212121212122,0.0,0.0196078431372549,0,0,0.0,,,0,70,104,0
00-0031763,DeAndre Carter,2025,CLE,WR,,4,0.0,,0.0,0.0,0.0,,,,,0.0,0.0,,,,,,0,0,0.0,,,0,0,0,0
00-0032104,Ameer Abdullah,2025,IND,RB,,13,0.1053846153846154,,0.041463414634146344,1.3076923076923077,-0.0009213759213759214,-0.17647058823529413,0.9411764705882353,5.823529411764706,6.5625,0.04375,1.0769230769230769,4.285714285714286,0.013333333333333334,0.04285714285714286,0.043478260869565216,0.0,1,0,0.0,,,0,99,60,0
00-0032211,Tyler Lockett,2025,LV,WR,,17,0.5,,0.10763209393346379,3.235294117647059,0.11912751677852348,7.745454545454545,0.5818181818181818,5.290909090909091,2.46875,0.0,0.0,,0.05263157894736842,,,0.05263157894736842,0,1,0.0,,,0,291,0,0
00-0032268,Marcus Mariota,2025,WAS,QB,,10,0.7454545454545454,,0.0,0.0,0.0,,,,,0.17793594306049823,5.0,5.94,,0.14814814814814814,0.12,,1,0,0.8165467625899281,7.466960352422907,0.06584362139917696,10,0,297,1695
00-0032385,Sterling Shepard,2025,TB,WR,,13,0.5615384615384615,,0.12709832134292565,4.076923076923077,0.13673407787503772,8.547169811320755,0.7358490566037735,7.0,3.8205128205128207,0.011142061281337047,0.3076923076923077,4.75,0.12698412698412698,0.0,0.0,0.047619047619047616,0,1,0.0,,,0,371,19,0
00-0032392,Austin Hooper,2025,NE,TE,,13,0.489,,0.07046070460704607,2.0,0.0690672963400236,9.0,0.8076923076923077,10.115384615384615,4.095238095238095,0.0,0.0,,0.078125,,,0.046875,0,2,0.0,,,0,263,0,0
00-0032398,Chris Moore,2025,WAS,WR,,10,0.4857142857142857,,0.0954356846473029,2.3,0.14988713318284425,14.434782608695652,0.4782608695652174,9.0,4.818181818181818,0.0036363636363636364,0.1,9.0,0.0625,0.0,0.0,0.0,0,1,0.0,,,0,207,9,0
00-0032434,Brandon Allen,2025,TEN,QB,,1,0.91,,0.0,0.0,0.0,,,,,0.0,0.0,,,,,,0,0,0.9090909090909091,2.4,0.03225806451612903,0,0,0,72
00-0032464,Kalif Raymond,2025,DET,WR,,15,0.366,,0.06097560975609756,2.0,0.051745254133496635,5.633333333333334,0.8,9.633333333333333,6.541666666666667,0.005141388174807198,0.13333333333333333,9.5,0.02197802197802198,0.0,0.0,0.01098901098901099,0,1,0.0,,,0,289,19,0
00-0032688,Robbie Chosen,2025,WAS,WR,,3,0.37666666666666665,,0.10975609756097561,3.0,0.16053921568627452,14.555555555555555,0.5555555555555556,5.888888888888889,1.0,0.0,0.0,,0.0,,,0.0,0,0,0.0,,,0,53,0,0
00-0032764,Derrick Henry,2025,BAL,RB,,17,0.5452941176470588,,0.051597051597051594,1.2352941176470589,0.0035545023696682463,0.5714285714285714,0.7142857142857143,7.142857142857143,9.0,0.6055226824457594,18.058823529411764,5.195439739413681,0.028169014084507043,0.5943396226415094,0.84375,0.0,16,0,0.002369668246445498,0.0,0.0,0,150,1595,0
00-0032775,Demarcus Robinson,2025,SF,WR,,14,0.476875,,0.07972665148063782,2.5,0.14119054741250375,13.485714285714286,0.6285714285714286,7.885714285714286,1.6363636363636365,0.002506265664160401,0.07142857142857142,6.0,0.047058823529411764,0.0,0.0,0.023529411764705882,0,1,0.0,,,0,276,6,0
00-0032918,C.J. Ham,2025,MIN,FB,,8,0.2872727272727273,,0.008403361344537815,0.25,0.0009832841691248771,1.0,1.0,5.5,4.5,0.014705882352941176,0.375,1.6666666666666667,0.0,0.0625,0.18181818181818182,0.0,2,0,0.0,,,0,11,5,0
00-0032950,Carson Wentz,2025,MIN,QB,,5,0.932,,0.0,0.0,0.0,,,,,0.10185185185185185,2.2,5.181818181818182,,0.125,0.0,,0,0,0.949438202247191,7.195266272189349,0.10106382978723404,6,0,57,1216
00-0032951,Laquon Treadwell,2025,IND,WR,,6,0.05900000000000001,,0.0,0.0,0.0,,,,,0.0,0.0,,,,,,0,0,0.0,,,0,0,0,0
00-0033040,Tyreek Hill,2025,MIA,WR,,4,0.6849999999999999,,0.2396694214876033,7.25,0.48957055214723927,13.758620689655173,0.7241379310344828,9.137931034482758,2.7142857142857144,0.0,0.0,,0.11764705882352941,,,0.11764705882352941,0,1,0.0,,,0,265,0,0
00-0033077,Dak Prescott,2025,DAL,QB,,17,0.9505882352941176,,0.0,0.0,0.0,,,,,0.11422413793103449,3.1176470588235294,3.339622641509434,,0.09302325581395349,0.13333333333333333,,2,0,0.9615384615384616,7.586666666666667,0.0491283676703645,30,0,177,4552
00-0033090,Hunter Henry,2025,NE,TE,,17,0.7861904761904762,,0.18049792531120332,5.117647058823529,0.15865921787709497,8.160919540229886,0.6896551724137931,8.827586206896552,5.583333333333333,0.0,0.0,,0.26506024096385544,,,0.12048192771084337,0,7,0.0,,,0,768,0,0
00-0033106,Jared Goff,2025,DET,QB,,17,0.9852941176470589,,0.0,0.0,0.0,,,,,0.04308390022675737,1.1176470588235294,2.3684210526315788,,0.011111111111111112,0.0,,0,0,0.993127147766323,7.896193771626297,0.06168831168831169,34,0,45,4564
00-0033110,Tyler Higbee,2025,LA,TE,,10,0.48923076923076925,,0.11214953271028037,3.6,0.07867195958137857,6.055555555555555,0.6944444444444444,7.805555555555555,5.6,0.0,0.0,,0.12307692307692308,,,0.06153846153846154,0,3,0.0,,,0,281,0,0
00-0033119,Jacoby Brissett,2025,ARI,QB,,14,0.8571428571428571,,0.0,0.0,0.0,,,,,0.1292517006802721,2.7142857142857144,4.421052631578948,,0.11363636363636363,0.16666666666666666,,1,0,0.8931860036832413,6.9402061855670105,0.08143939393939394,23,0,168,3366
00-0033217,Mo Alie-Cox,2025,IND,TE,,11,0.3905882352941176,,0.05509641873278237,1.8181818181818181,0.03177314656645029,4.65,0.65,5.85,5.923076923076923,0.0,0.0,,0.08571428571428572,,,0.02857142857142857,0,1,0.0,,,0,117,0,0
00-0033246,Johnny Mundt,2025,JAX,TE,,12,0.35058823529411764,,0.05459770114942529,1.5833333333333333,0.03292723081988805,5.2631578947368425,0.47368421052631576,5.842105263157895,8.444444444444445,0.0,0.0,,0.02,,,0.0,0,0,0.0,,,0,111,0,0
00-0033280,Christian McCaffrey,2025,SF,RB,,17,0.8173684210526315,,0.23497267759562843,7.588235294117647,0.08099613152804643,2.5968992248062017,0.7906976744186046,7.162790697674419,7.0588235294117645,0.6465696465696466,18.294117647058822,3.864951768488746,0.24509803921568626,0.7575757575757576,0.7692307692307693,0.12745098039215685,10,7,0.0017421602787456446,0.0,0.0,0,924,1202,0
00-0033282,Curtis Samuel,2025,BUF,WR,,6,0.4042857142857143,,0.05325443786982249,1.5,0.09890859481582538,16.11111111111111,0.7777777777777778,9.0,3.857142857142857,0.0,0.0,,0.06666666666666667,,,0.06666666666666667,0,1,0.0,,,0,81,0,0
00-0033288,George Kittle,2025,SF,TE,,11,0.7625000000000001,,0.2169811320754717,6.2727272727272725,0.19055509527754763,6.666666666666667,0.8260869565217391,9.101449275362318,4.421052631578948,0.003105590062111801,0.09090909090909091,-3.0,0.17333333333333334,0.014084507042253521,0.0,0.06666666666666667,0,7,0.0,,,0,628,-3,0
00-0033293,Aaron Jones,2025,MIN,RB,,12,0.5508333333333333,,0.13758389261744966,3.4166666666666665,-0.010584250635055038,-0.6097560975609756,0.6829268292682927,4.853658536585366,8.107142857142858,0.46808510638297873,11.0,4.151515151515151,0.10204081632653061,0.3684210526315789,0.42857142857142855,0.0,2,1,0.0,,,0,199,548,0
00-0033307,Kendrick Bourne,2025,SF,WR,,14,0.5466666666666666,,0.11572052401746726,3.7857142857142856,0.16676185037121644,11.018867924528301,0.6981132075471698,10.39622641509434,4.45945945945946,0.0,0.0,,0.024096385542168676,,,0.012048192771084338,0,0,0.0,,,0,551,0,0
00-0033319,Nick Mullens,2025,JAX,QB,,4,0.11200000000000002,,0.0,0.0,0.0,,,,,0.10909090909090909,3.0,-0.6666666666666666,,,,,0,0,0.02459016393442623,6.333333333333333,0.0,0,0,-8,19
00-0033357,Taysom Hill,2025,NO,TE,,13,0.24615384615384617,,0.03773584905660377,1.2307692307692308,0.014750068287353183,3.375,0.6875,5.6875,7.818181818181818,0.16149068322981366,4.0,2.1923076923076925,0.0,0.2765957446808511,0.21428571428571427,0.0,1,0,0.013574660633484163,9.5,0.0,1,91,114,57
00-0033375,Tim Patrick,2025,JAX,WR,,13,0.31470588235294117,,0.060453400503778336,1.8461538461538463,0.07190635451505016,10.75,0.625,7.791666666666667,3.6,0.0,0.0,,0.13432835820895522,,,0.05970149253731343,0,3,0.0,,,0,187,0,0
00-0033376,Patrick Ricard,2025,BAL,RB,,5,0.4063636363636363,,0.016260162601626018,0.4,0.007334963325183374,3.0,0.5,4.0,2.0,0.005376344086021506,0.2,3.0,0.0,0.0,0.0,0.0,0,0,0.0,,,0,8,3,0
00-0033439,Pharaoh Brown,2025,ARI,TE,,5,0.13,,0.009433962264150943,0.4,0.0006480881399870382,0.5,1.0,0.5,0.0,0.0,0.0,,0.02631578947368421,,,0.02631578947368421,0,0,0.0,,,0,1,0,0
00-0033455,Anthony Firkser,2025,DET,TE,,5,0.3971428571428572,,0.05714285714285714,2.0,0.03133393017009848,3.5,0.8,5.3,1.5,0.0,0.0,,0.07894736842105263,,,0.0,0,0,0.0,,,0,53,0,0
00-0033526,Samaje Perine,2025,CIN,RB,,15,0.3506666666666666,,0.03932584269662921,1.4,-0.008099215388509239,-1.5238095238095237,0.8095238095238095,4.142857142857143,6.411764705882353,0.25,5.6,4.5476190476190474,0.011494252873563218,0.27586206896551724,0.21052631578947367,0.0,3,0,0.0,,,0,87,382,0
00-0033553,James Conner,2025,ARI,RB,,3,0.5,,0.10227272727272728,3.0,-0.01782178217821782,-1.0,0.8888888888888888,4.222222222222222,8.5,0.4155844155844156,10.666666666666666,2.96875,0.07692307692307693,0.45454545454545453,0.6,0.07692307692307693,1,1,0.0,,,0,38,95,0
00-0033555,Mack Hollins,2025,NE,WR,,14,0.6758823529411765,,0.15892420537897312,4.642857142857143,0.22213521273818845,13.092307692307692,0.7076923076923077,8.461538461538462,2.347826086956522,0.0024875621890547263,0.07142857142857142,4.0,0.07042253521126761,0.0,0.0,0.04225352112676056,0,2,0.0,,,0,550,4,0
00-0033572,Jamal Agnew,2025,ATL,WR,,11,0.0018181818181818182,,0.0,0.0,0.0,,,,,0.0,0.0,,,,,,0,0,0.0,,,0,0,0,0
00-0033576,Eric Saubert,2025,SEA,TE,,9,0.4164285714285714,,0.029661016949152543,0.7777777777777778,0.014941302027748132,4.0,0.5714285714285714,4.428571428571429,4.0,0.0,0.0,,0.10810810810810811,,,0.02702702702702703,0,0,0.0,,,0,31,0,0
00-0033589,David Moore,2025,CAR,WR,,3,0.3275,,0.011111111111111112,0.3333333333333333,0.008726003490401396,5.0,1.0,5.0,0.0,0.012048192771084338,0.3333333333333333,12.0,0.0,0.0,0.0,0.0,0,0,0.0,,,0,5,12,0
00-0033591,Noah Brown,2025,WAS,WR,,4,0.41,,0.09523809523809523,2.5,0.16292134831460675,14.5,0.5,8.3,2.2,0.0,0.0,,0.15384615384615385,,,0.0,0,0,0.0,,,0,83,0,0
00-0033662,Cooper Rush,2025,BAL,QB,,4,0.505,,0.0,0.0,0.0,,,,,0.0425531914893617,1.0,-1.0,,0.0,0.0,,0,0,0.4482758620689655,5.826923076923077,0.018867924528301886,0,0,-4,303
00-0033699,Austin Ekeler,2025,WAS,RB,,2,0.495,,0.10144927536231885,3.5,0.021352313167259787,1.7142857142857142,0.7142857142857143,5.428571428571429,9.8,0.27450980392156865,7.0,3.0714285714285716,0.0,0.2857142857142857,,0.0,0,0,0.0,,,0,38,43,0
00-0033757,Robert Tonyan,2025,KC,TE,,2,0.11058823529411765,,0.01282051282051282,0.5,0.0017825311942959,1.0,1.0,1.0,0.0,0.0,0.0,,0.0,,,0.0,0,0,0.0,,,0,1,0,0
00-0033854,Dare Ogunbowale,2025,HOU,RB,,14,0.1,,0.02857142857142857,0.9285714285714286,0.006398293788323114,1.8461538461538463,0.7692307692307693,5.846153846153846,5.6,0.028645833333333332,0.7857142857142857,2.272727272727273,0.04054054054054054,0.08823529411764706,0.13636363636363635,0.013513513513513514,1,0,0.0,,,0,76,25,0
00-0033857,JuJu Smith-Schuster,2025,KC,WR,,17,0.5723529411764706,,0.08196721311475409,2.6470588235294117,0.05677059097254537,5.4222222222222225,0.7333333333333333,7.666666666666667,5.787878787878788,0.0,0.0,,0.0891089108910891,,,0.0297029702970297,0,1,0.0,,,0,345,0,0
00-0033858,Jonnu Smith,2025,PIT,TE,,17,0.5272222222222223,,0.1036468330134357,3.176470588235294,0.0739102969046115,4.333333333333333,0.7037037037037037,4.111111111111111,4.7105263157894735,0.022113022113022112,0.5294117647058824,7.777777777777778,0.09302325581395349,0.025,0.0,0.046511627906976744,1,2,0.0,,,0,222,70,0
00-0033869,Mitchell Trubisky,2025,BUF,QB,,4,0.3325,,0.0,0.0,0.0,,,,,0.06293706293706294,2.25,0.6666666666666666,,0.0,0.0,,0,0,0.29411764705882354,8.942857142857143,0.0,4,0,6,313
00-0033873,Patrick Mahomes,2025,KC,QB,,14,0.9742857142857143,,0.0020964360587002098,0.07142857142857142,-0.002052861175263023,-8.0,1.0,-10.0,-2.0,0.17158176943699732,4.571428571428571,6.59375,0.0,0.18292682926829268,0.09523809523809523,0.0,5,0,0.9901380670611439,7.145418326693227,0.06343283582089553,22,-10,422,3587
00-0033881,Evan Engram,2025,DEN,TE,,16,0.41888888888888887,,0.1357142857142857,4.75,0.07993238348225067,4.355263157894737,0.6578947368421053,6.065789473684211,6.04,0.0022988505747126436,0.0625,7.0,0.11578947368421053,0.0,0.0,0.010526315789473684,0,1,0.0,,,0,461,7,0
00-0033885,David Njoku,2025,CLE,TE,,11,0.6391666666666667,,0.12532637075718014,4.363636363636363,0.09623430962343096,5.270833333333333,0.6875,6.104166666666667,4.848484848484849,0.0,0.0,,0.16981132075471697,,,0.05660377358490566,0,4,0.0,,,0,293,0,0
00-0033891,Zay Jones,2025,ARI,WR,,6,0.49625,,0.08571428571428572,3.0,0.16141995981245813,13.38888888888889,0.6666666666666666,10.166666666666666,3.0,0.0,0.0,,0.04081632653061224,,,0.02040816326530612,0,0,0.0,,,0,183,0,0
00-0033906,Alvin Kamara,2025,NO,RB,,11,0.6372727272727272,,0.10483870967741936,3.5454545454545454,0.010851693521867807,0.8461538461538461,0.8461538461538461,4.769230769230769,6.121212121212121,0.4729241877256318,11.909090909090908,3.595419847328244,0.11363636363636363,0.3488372093023256,0.2222222222222222,0.045454545454545456,1,0,0.0,,,0,186,471,0
00-0033908,Cooper Kupp,2025,SEA,WR,,16,0.7573684210526316,,0.16241299303944315,4.375,0.15371279976885294,7.6,0.6714285714285714,8.471428571428572,6.23404255319149,0.0,0.0,,0.18309859154929578,,,0.07042253521126761,0,2,0.002188183807439825,0.0,0.0,0,593,0,0
00-0033921,Chris Godwin Jr.,2025,TB,WR,,9,0.7088888888888889,,0.18345323741007194,5.666666666666667,0.1682983682983683,7.078431372549019,0.6470588235294118,7.0588235294117645,6.242424242424242,0.0,0.0,,0.17391304347826086,,,0.13043478260869565,0,2,0.0,,,0,360,0,0
00-0033923,Kareem Hunt,2025,KC,RB,,17,0.47058823529411764,,0.04553734061930783,1.4705882352941178,0.0,0.0,0.72,5.72,8.5,0.37906976744186044,9.588235294117647,3.7484662576687118,0.04950495049504951,0.4318181818181818,0.7142857142857143,0.009900990099009901,8,1,0.0,,,0,143,611,0
00-0033943,Josh Reynolds,2025,NYJ,WR,,5,0.842,,0.1510791366906475,4.2,0.2497737556561086,13.142857142857142,0.5238095238095238,4.809523809523809,1.2727272727272727,0.0,0.0,,0.13333333333333333,,,0.13333333333333333,0,0,0.0,,,0,101,0,0
00-0033949,Joshua Dobbs,2025,NE,QB,,4,0.18,,0.0,0.0,0.0,,,,,0.07407407407407407,2.5,-0.5,,0.0,0.0,,0,0,0.11235955056179775,6.5,0.0,0,0,-5,65
00-0033955,Jeremy McNichols,2025,WAS,RB,,16,0.31941176470588234,,0.07908163265306123,1.9375,-0.006641640196361536,-0.7419354838709677,0.8064516129032258,6.32258064516129,8.88,0.09462365591397849,2.75,5.0227272727272725,0.05084745762711865,0.06451612903225806,0.05405405405405406,0.01694915254237288,1,0,0.0,,,0,196,221,0
00-0034054,River Cracraft,2025,WAS,WR,,2,0.05,,0.0,0.0,0.0,,,,,0.0,0.0,,,,,,0,0,0.0,,,0,0,0,0
00-0034073,Ross Dwelley,2025,DET,TE,,4,0.17272727272727273,,0.0390625,1.25,0.0012484394506866417,0.2,0.4,1.4,3.5,0.0,0.0,,0.125,,,0.08333333333333333,0,0,0.0,,,0,7,0,0
00-0034159,Will Dissly,2025,LAC,TE,,8,0.295,,0.05860805860805861,2.0,0.029850746268656716,4.5,0.6875,6.0625,6.0,0.0,0.0,,0.0196078431372549,,,0.0,0,0,0.0,,,0,97,0,0
00-0034270,Tyler Conklin,2025,LAC,TE,,6,0.19230769230769232,,0.045662100456621,1.6666666666666667,0.02770935960591133,4.5,0.7,10.1,8.142857142857142,0.006896551724137931,0.16666666666666666,2.0,0.0,0.0,0.0,0.0,0,0,0.0,,,0,101,2,0
00-0034272,Marquez Valdes-Scantling,2025,PIT,WR,,9,0.4890909090909091,,0.08529411764705883,3.2222222222222223,0.15351257588898526,12.206896551724139,0.4827586206896552,4.137931034482759,2.0,0.0,0.0,,0.10869565217391304,,,0.06521739130434782,0,1,0.0,,,0,120,0,0
00-0034348,Courtland Sutton,2025,DEN,WR,,17,0.8573684210526316,,0.21269296740994853,7.294117647058823,0.3521351906828043,12.435483870967742,0.5967741935483871,8.201612903225806,3.0,0.0,0.0,,0.20833333333333334,,,0.08333333333333333,0,7,0.0,,1.0,0,1017,0,0
00-0034351,Dallas Goedert,2025,PHI,TE,,15,0.850625,,0.20048899755501223,5.466666666666667,0.15651006711409396,7.109756097560975,0.7317073170731707,7.2073170731707314,3.9,0.0,0.0,,0.26785714285714285,,,0.16071428571428573,0,11,0.0,,,0,591,0,0
00-0034365,Ian Thomas,2025,LV,TE,,9,0.3593333333333334,,0.04482758620689655,1.4444444444444444,0.02408256880733945,3.230769230769231,1.0,8.76923076923077,5.538461538461538,0.0,0.0,,0.0,,,0.0,0,0,0.0,,,0,114,0,0
00-0034367,Nyheim Hines,2025,NO,RB,,4,0.030000000000000002,,0.0,0.0,0.0,,,,,0.01818181818181818,0.5,-1.0,,0.0,0.0,,0,0,0.0,,,0,0,-2,0
00-0034383,Dalton Schultz,2025,HOU,TE,,17,0.6857894736842105,,0.19168173598553345,6.235294117647059,0.14341675734494017,6.216981132075472,0.7735849056603774,7.330188679245283,4.365853658536586,0.0,0.0,,0.13333333333333333,,,0.07777777777777778,0,3,0.0,,,0,777,0,0
00-0034386,Justin Watson,2025,HOU,WR,,3,0.29000000000000004,,0.05128205128205128,1.3333333333333333,0.06273764258555133,8.25,0.75,7.5,4.666666666666667,0.0,0.0,,0.18181818181818182,,,0.0,0,0,0.0,,,0,30,0,0
00-0034407,Ray-Ray McCloud,2025,NYG,WR,,6,0.5299999999999999,,0.07731958762886598,2.5,0.05698778833107191,5.6,0.4666666666666667,4.6,6.571428571428571,0.0,0.0,,0.045454545454545456,,,0.0,0,0,0.0,,,0,69,0,0
00-0034418,Cedrick Wilson Jr.,2025,MIA,WR,,6,0.355,,0.05660377358490566,1.5,0.06572379367720466,8.777777777777779,0.5555555555555556,4.888888888888889,5.0,0.0,0.0,,0.1111111111111111,,,0.07407407407407407,0,0,0.0,,,0,44,0,0
00-0034419,Braxton Berrios,2025,HOU,WR,,4,0.16799999999999998,,0.04790419161676647,2.0,0.0163265306122449,3.0,0.75,4.625,3.0,0.0,0.0,,0.0625,,,0.0,0,0,0.0,,,0,37,0,0
00-0034487,Trent Sherfield,2025,ARI,WR,,4,0.23666666666666666,,0.034013605442176874,1.25,0.04281636536631779,9.0,0.6,4.2,4.666666666666667,0.0,0.0,,0.09090909090909091,,,0.0,0,0,0.0,,,0,21,0,0
00-0034521,Allen Lazard,2025,NYJ,WR,,9,0.39,,0.06228373702422145,2.0,0.06434073402809243,7.888888888888889,0.5555555555555556,3.888888888888889,3.3,0.0,0.0,,0.14285714285714285,,,0.09523809523809523,0,1,0.0,,,0,70,0,0
00-0034577,Kyle Allen,2025,DET,QB,,2,0.08333333333333333,,0.0,0.0,0.0,,,,,0.04838709677419355,1.5,-1.0,,,,,0,0,0.03225806451612903,0.0,0.0,0,0,-3,0
00-0034613,Tanner Hudson,2025,CIN,TE,,10,0.14733333333333334,,0.06486486486486487,2.4,0.041391304347826084,4.958333333333333,0.7916666666666666,7.0,4.368421052631579,0.0,0.0,,0.10714285714285714,,,0.07142857142857142,0,2,0.0,,,0,168,0,0
00-0034681,Chase Edmonds,2025,WAS,RB,,3,0.006666666666666667,,0.0,0.0,0.0,,,,,0.0,0.0,,,,,,0,0,0.0,,,0,0,0,0
00-0034753,Mark Andrews,2025,BAL,TE,,17,0.6170588235294118,,0.171990171990172,4.117647058823529,0.1504739336492891,7.257142857142857,0.6857142857142857,6.0285714285714285,2.1041666666666665,0.01972386587771203,0.5882352941176471,4.8,0.2112676056338028,0.02830188679245283,0.09375,0.1267605633802817,1,5,0.0,,,0,422,48,0
00-0034771,Mason Rudolph,2025,PIT,QB,,5,0.3,,0.0,0.0,0.0,,,,,0.05343511450381679,1.4,0.8571428571428571,,0.05,0.0,,0,0,0.3443708609271523,5.961538461538462,0.037037037037037035,2,0,6,310
00-0034775,Christian Kirk,2025,HOU,WR,,11,0.5046666666666667,,0.1440443213296399,4.7272727272727275,0.11897001303780964,7.019230769230769,0.5384615384615384,4.596153846153846,4.107142857142857,0.0,0.0,,0.14285714285714285,,,0.10204081632653061,0,1,0.0,,,0,239,0,0
00-0034791,Nick Chubb,2025,HOU,RB,,15,0.31823529411764706,,0.04008016032064128,1.3333333333333333,0.003475440222428174,0.75,0.65,3.35,4.846153846153846,0.2975609756097561,8.133333333333333,4.147540983606557,0.02666666666666667,0.21311475409836064,0.3157894736842105,0.0,3,0,0.0,,,0,67,506,0
00-0034796,Lamar Jackson,2025,BAL,QB,,13,0.9223076923076923,,0.0,0.0,0.0,,,,,0.18457300275482094,5.153846153846154,5.208955223880597,,0.203125,0.05,,2,0,0.9263803680981595,8.440397350993377,0.10650887573964497,21,0,349,2549
00-0034798,Durham Smythe,2025,CHI,TE,,7,0.25473684210526315,,0.027906976744186046,0.8571428571428571,0.013050570962479609,4.0,0.6666666666666666,4.166666666666667,3.75,0.0,0.0,,0.0,,,0.0,0,0,0.0,,,0,25,0,0
00-0034827,DJ Moore,2025,CHI,WR,,17,0.8421052631578947,,0.15977443609022557,5.0,0.21781305114638447,11.623529411764705,0.5882352941176471,8.023529411764706,4.44,0.0297029702970297,0.8823529411764706,5.266666666666667,0.13414634146341464,0.02040816326530612,0.0,0.07317073170731707,1,6,0.0017421602787456446,2.0,0.0,1,682,79,2
00-0034829,Mike Gesicki,2025,CIN,TE,,12,0.3853846153846154,,0.1037037037037037,3.5,0.13380281690140844,9.952380952380953,0.6666666666666666,7.309523809523809,2.25,0.0,0.0,,0.14035087719298245,,,0.08771929824561403,0,2,0.0,,,0,307,0,0
00-0034837,Calvin Ridley,2025,TEN,WR,,7,0.5714285714285714,,0.16363636363636364,5.142857142857143,0.24754098360655738,12.583333333333334,0.4722222222222222,8.416666666666666,4.9411764705882355,0.0,0.0,,0.1,,,0.05,0,0,0.0,,,0,303,0,0
00-0034844,Saquon Barkley,2025,PHI,RB,,16,0.7870588235294117,,0.11627906976744186,3.125,0.007985574446161773,0.62,0.74,5.46,8.0,0.611353711790393,17.5,4.071428571428571,0.14285714285714285,0.5301204819277109,0.4838709677419355,0.07142857142857142,7,2,0.0,,,0,273,1140,0
00-0034854,KhaDarel Hodge,2025,ATL,WR,,8,0.10583333333333333,,0.03731343283582089,1.25,0.06399317406143344,15.0,0.3,3.1,3.0,0.0,0.0,,0.0,,,0.0,0,0,0.0,,,0,31,0,0
00-0034855,Baker Mayfield,2025,TB,QB,,17,0.9711764705882354,,0.0,0.0,0.0,,,,,0.11652542372881355,3.235294117647059,6.945454545454545,,0.06060606060606061,0.045454545454545456,,1,0,0.9731182795698925,6.801104972375691,0.06217616580310881,26,0,382,3693
00-0034857,Josh Allen,2025,BUF,QB,,16,0.93,,0.0,0.0,0.0,,,,,0.2222222222222222,7.0,5.169642857142857,,0.27,0.4358974358974359,,14,0,0.9871244635193133,7.973913043478261,0.08,25,0,579,3668
00-0034860,Dante Pettis,2025,NO,WR,,8,0.22249999999999998,,0.04198473282442748,1.375,0.047532820280669984,9.545454545454545,0.8181818181818182,11.545454545454545,9.555555555555555,0.0,0.0,,0.0,,,0.0,0,0,0.0,,,0,127,0,0
00-0034867,Malik Turner,2025,SF,WR,,2,0.07750000000000001,,0.014084507042253521,0.5,-0.01160092807424594,-5.0,0.0,0.0,,0.0,0.0,,0.0,,,0.0,0,0,0.0,,,0,0,0,0
00-0034869,Sam Darnold,2025,SEA,QB,,17,0.9620000000000001,,0.0,0.0,0.0,,,,,0.06903353057199212,2.0588235294117645,2.7142857142857144,,0.020833333333333332,0.0,,0,0,0.9916839916839917,8.48637316561845,0.05357142857142857,25,0,95,4048
00-0034928,Steven Sims,2025,ARI,WR,,3,0.06999999999999999,,0.010869565217391304,0.3333333333333333,0.0027137042062415195,2.0,0.0,0.0,,0.0,0.0,,0.0,,,0.0,0,0,0.0,,,0,0,0,0
00-0034955,Brett Rypien,2025,CIN,QB,,1,0.05,,0.0,0.0,0.0,,,,,0.0,0.0,,,,,,0,0,0.0,,1.0,0,0,0,0
00-0034959,Andrew Beck,2025,NYJ,FB,,11,0.10588235294117647,,0.028938906752411574,0.8181818181818182,0.01729631315430132,4.222222222222222,0.6666666666666666,5.0,3.3333333333333335,0.003424657534246575,0.09090909090909091,5.0,0.0425531914893617,0.02702702702702703,0.0,0.0425531914893617,0,2,0.0,,,0,45,5,0
00-0034960,Jakobi Meyers,2025,JAX,WR,,16,0.8564705882352941,,0.2286902286902287,6.875,0.25288509784244856,9.163636363636364,0.6818181818181818,7.590909090909091,3.76,0.011210762331838564,0.3125,2.6,0.15625,0.02197802197802198,0.038461538461538464,0.0625,0,3,0.0,,,0,835,13,0
00-0034975,Justice Hill,2025,BAL,RB,,10,0.371,,0.108,2.7,-0.0030120481927710845,-0.2222222222222222,0.7777777777777778,6.2592592592592595,8.761904761904763,0.06474820143884892,1.8,5.166666666666667,0.022222222222222223,0.046875,0.043478260869565216,0.0,2,1,0.0,,,0,169,93,0
00-0034981,Foster Moreau,2025,NO,TE,,7,0.3572727272727273,,0.04065040650406504,1.4285714285714286,0.0049382716049382715,1.0,0.7,5.9,6.285714285714286,0.0,0.0,,0.058823529411764705,,,0.0,0,0,0.0,,,0,59,0,0
00-0034983,Hunter Renfrow,2025,CAR,WR,,6,0.4916666666666667,,0.13612565445026178,4.333333333333333,0.15015479876160992,7.461538461538462,0.5769230769230769,3.423076923076923,1.6,0.0,0.0,,0.17142857142857143,,,0.08571428571428572,0,2,0.0,,,0,89,0,0
00-0035021,Ashton Dulin,2025,IND,WR,,12,0.21333333333333335,,0.026737967914438502,0.8333333333333334,0.05214521452145215,15.8,0.5,10.6,10.6,0.009404388714733543,0.25,14.666666666666666,0.014925373134328358,0.024691358024691357,0.0,0.0,0,0,0.0,,,0,106,44,0
00-0035100,Jake Browning,2025,CIN,QB,,5,0.734,,0.0,0.0,0.0,,,,,0.09782608695652174,1.8,4.333333333333333,,0.2857142857142857,0.2,,1,0,0.7142857142857143,6.168,0.06716417910447761,6,0,39,771
00-0035125,Alec Ingold,2025,MIA,FB,,9,0.3694117647058824,,0.04330708661417323,1.2222222222222223,0.022502744237102086,3.727272727272727,0.7272727272727273,4.7272727272727275,5.625,0.01,0.2222222222222222,4.5,0.0,0.034482758620689655,0.0,0.0,0,0,0.0,,,0,52,9,0
00-0035140,Mecole Hardman,2025,BUF,WR,,2,0.10000000000000002,,0.020833333333333332,0.5,0.1013215859030837,46.0,0.0,0.0,,0.0,0.0,,0.0,,,0.0,0,0,0.0,,,0,0,0,0
00-0035208,Olamide Zaccheaus,2025,CHI,WR,,14,0.5027777777777778,,0.14908256880733944,4.642857142857143,0.12429378531073447,7.107692307692307,0.6,4.815384615384615,3.5384615384615383,0.009389671361502348,0.2857142857142857,6.25,0.18840579710144928,0.0,0.0,0.057971014492753624,0,2,0.0,,,0,313,25,0
00-0035228,Kyler Murray,2025,ARI,QB,,5,0.9879999999999999,,0.0,0.0,0.0,,,,,0.23577235772357724,5.8,5.9655172413793105,,0.2222222222222222,0.14285714285714285,,1,0,0.9938271604938271,5.975155279503106,0.0903954802259887,6,0,173,962
00-0035229,T.J. Hockenson,2025,MIN,TE,,15,0.7793333333333333,,0.15566037735849056,4.4,0.09467625899280575,4.984848484848484,0.7727272727272727,6.636363636363637,4.294117647058823,0.002849002849002849,0.06666666666666667,0.0,0.13095238095238096,0.02040816326530612,0.0,0.03571428571428571,0,3,0.0,,,0,438,0,0
00-0035243,Miles Sanders,2025,DAL,RB,,4,0.215,,0.04790419161676647,2.0,-0.011084718923198733,-1.75,1.0,3.75,5.5,0.20833333333333334,5.0,5.85,0.041666666666666664,0.35294117647058826,0.125,0.0,1,0,0.0,,,0,30,117,0
00-0035249,Josh Oliver,2025,MIN,TE,,12,0.458,,0.05864197530864197,1.5833333333333333,0.0258272800645682,3.3684210526315788,0.7894736842105263,8.421052631578947,6.8,0.0,0.0,,0.10294117647058823,,,0.04411764705882353,0,4,0.0,,,0,160,0,0
00-0035250,Devin Singletary,2025,NYG,RB,,17,0.27647058823529413,,0.03777335984095427,1.1176470588235294,-0.0027829313543599257,-0.631578947368421,0.9473684210526315,7.947368421052632,9.0,0.23333333333333334,7.0,3.672268907563025,0.022988505747126436,0.22448979591836735,0.3225806451612903,0.011494252873563218,5,0,0.0,,,0,151,437,0
00-0035261,Tony Pollard,2025,TEN,RB,,17,0.6247058823529412,,0.07750472589792061,2.411764705882353,0.0030596634370219276,0.2926829268292683,0.8048780487804879,5.024390243902439,6.151515151515151,0.6402116402116402,14.235294117647058,4.471074380165289,0.01694915254237288,0.4523809523809524,0.36363636363636365,0.0,5,0,0.0,,,0,206,1082,0
00-0035264,Jarrett Stidham,2025,DEN,QB,,1,0.53,,0.0,0.0,0.0,,,,,0.03571428571428571,1.0,-1.0,,,,,0,0,0.0,,,0,0,-1,0
00-0035289,Gardner Minshew,2025,KC,QB,,4,0.1675,,0.0,0.0,0.0,,,,,0.05504587155963303,1.5,0.3333333333333333,,0.0,0.0,,0,0,0.10077519379844961,2.8461538461538463,0.0,0,0,2,37
00-0035291,Trayveon Williams,2025,CLE,RB,,6,0.20714285714285713,,0.05660377358490566,1.5,-0.03213610586011342,-3.7777777777777777,0.8888888888888888,6.111111111111111,10.375,0.06993006993006994,1.6666666666666667,3.6,0.09090909090909091,0.0,0.0,0.0,0,0,0.0,,,0,55,36,0
00-0035298,Scott Miller,2025,PIT,WR,,5,0.18785714285714286,,0.08045977011494253,2.8,0.06357388316151202,5.285714285714286,0.6428571428571429,4.428571428571429,3.4444444444444446,0.0,0.0,,0.06060606060606061,,,0.0,0,0,0.0,,,0,62,0,0
00-0035311,Myles Gaskin,2025,SEA,RB,,1,0.04,,0.0,0.0,0.0,,,,,0.09375,3.0,2.0,,0.0,,,0,0,0.0,,,0,0,6,0
00-0035359,David Sills,2025,ATL,WR,,12,0.5241176470588236,,0.09944751381215469,3.0,0.13868863714383797,11.222222222222221,0.5,5.305555555555555,3.111111111111111,0.0,0.0,,0.12244897959183673,,,0.061224489795918366,0,2,0.0,,,0,191,0,0
00-0035406,Lil'Jordan Humphrey,2025,DEN,WR,,7,0.5208333333333334,,0.09881422924901186,3.5714285714285716,0.1453305351521511,11.08,0.52,6.24,2.230769230769231,0.0,0.0,,0.1,,,0.075,0,1,0.0,,,0,156,0,0
00-0035500,Greg Dortch,2025,ARI,WR,,12,0.3358333333333334,,0.0744920993227991,2.75,0.01871571474669248,1.7575757575757576,0.8787878787878788,6.242424242424242,6.689655172413793,0.025,0.5833333333333334,2.142857142857143,0.08139534883720931,0.0625,0.05263157894736842,0.0,1,3,0.0,,,0,206,15,0
00-0035535,Darius Slayton,2025,NYG,WR,,14,0.812857142857143,,0.15180722891566265,4.5,0.24003416856492027,13.380952380952381,0.5873015873015873,8.53968253968254,5.351351351351352,0.0,0.0,,0.10526315789473684,,,0.09210526315789473,0,1,0.0,,,0,538,0,0
00-0035537,Ty Johnson,2025,BUF,RB,,17,0.2958823529411765,,0.06889352818371608,1.9411764705882353,-0.011168384879725086,-1.1818181818181819,0.7272727272727273,7.96969696969697,12.541666666666666,0.09140767824497258,2.9411764705882355,4.0,0.045454545454545456,0.17117117117117117,0.13953488372093023,0.011363636363636364,3,2,0.0,,,0,263,200,0
00-0035544,Tom Kennedy,2025,DET,WR,,6,0.125,,0.018779342723004695,0.6666666666666666,0.02190280629705681,8.0,1.0,9.0,1.0,0.0,0.0,,0.0,,,0.0,0,0,0.0,,,0,36,0,0
00-0035567,Craig Reynolds,2025,DET,RB,,5,0.008571428571428572,,0.0,0.0,0.0,,,,,0.021897810218978103,0.6,1.3333333333333333,,0.0,0.0,,0,0,0.0,,,0,0,4,0
00-0035594,Travis Homer,2025,CHI,RB,,8,0.005833333333333333,,0.0,0.0,0.0,,,,,0.003875968992248062,0.125,-2.0,,0.0,0.0,,0,0,0.0,,,0,0,-2,0
00-0035602,Alex Bachman,2025,LV,WR,,11,0.06307692307692309,,0.00964630225080386,0.2727272727272727,0.007205352547606794,4.666666666666667,0.6666666666666666,4.0,1.0,0.0,0.0,,0.0,,,0.0,0,0,0.0,,,0,12,0,0
00-0035628,D'Ernest Johnson,2025,NE,RB,,5,0.056666666666666664,,0.0,0.0,0.0,,,,,0.09210526315789473,2.8,1.7857142857142858,,0.03333333333333333,0.1,,0,0,0.0,,,0,0,25,0
00-0035631,Drew Sample,2025,CIN,TE,,12,0.5358823529411765,,0.046296296296296294,1.6666666666666667,-0.00219573400250941,-0.35,0.75,5.3,7.266666666666667,0.003484320557491289,0.08333333333333333,3.0,0.014285714285714285,0.0,0.0,0.014285714285714285,0,1,0.0,,,0,106,3,0
00-0035639,Parris Campbell,2025,DAL,WR,,1,0.04,,0.0,0.0,0.0,,,,,0.0,0.0,,,,,,0,0,0.0,,,0,0,0,0
00-0035640,DK Metcalf,2025,PIT,WR,,15,0.871875,,0.225,6.6,0.3965058868211166,10.545454545454545,0.5959595959595959,8.585858585858587,7.016949152542373,0.005571030640668524,0.13333333333333333,6.0,0.17333333333333334,0.014285714285714285,0.0,0.09333333333333334,1,6,0.0,,,0,850,12,0
00-0035644,Noah Fant,2025,CIN,TE,,13,0.3793333333333333,,0.08577405857740586,3.1538461538461537,0.03831096196868009,3.341463414634146,0.8292682926829268,7.024390243902439,5.117647058823529,0.0,0.0,,0.05194805194805195,,,0.03896103896103896,0,3,0.0,,,0,288,0,0
00-0035645,Gunner Olszewski,2025,NYG,WR,,16,0.101875,,0.027837259100642397,0.8125,0.03338469440164355,10.0,0.7692307692307693,11.153846153846153,7.4,0.0,0.0,,0.024390243902439025,,,0.0,0,1,0.00408997955010225,16.5,0.0,1,145,0,33
00-0035659,Terry McLaurin,2025,WAS,WR,,10,0.704,,0.23255813953488372,6.0,0.39187295656235405,13.983333333333333,0.6333333333333333,9.7,2.4473684210526314,0.0,0.0,,0.21052631578947367,,,0.07894736842105263,0,3,0.0,,,0,582,0,0
00-0035662,Marquise Brown,2025,KC,WR,,16,0.535,,0.14258188824662812,4.625,0.20575929116416442,11.297297297297296,0.6621621621621622,7.9324324324324325,3.877551020408163,0.0,0.0,,0.10309278350515463,,,0.08247422680412371,0,5,0.0,,,0,587,0,0
00-0035676,A.J. Brown,2025,PHI,WR,,15,0.9125,,0.2951219512195122,8.066666666666666,0.3815261044176707,11.776859504132231,0.6446280991735537,8.289256198347108,3.4358974358974357,0.0,0.0,,0.2549019607843137,,,0.09803921568627451,0,7,0.0,,,0,1003,0,0
00-0035685,David Montgomery,2025,DET,RB,,17,0.37058823529411766,,0.05272727272727273,1.7058823529411764,0.003267084127416281,0.41379310344827586,0.8275862068965517,6.620689655172414,8.291666666666666,0.35827664399092973,9.294117647058824,4.531645569620253,0.019801980198019802,0.3888888888888889,0.6296296296296297,0.0,8,0,0.003436426116838488,1.5,0.3333333333333333,1,192,716,3
00-0035689,Dawson Knox,2025,BUF,TE,,16,0.5805263157894738,,0.1084070796460177,3.0625,0.09676470588235295,6.714285714285714,0.7346938775510204,8.510204081632653,5.083333333333333,0.0,0.0,,0.16883116883116883,,,0.1038961038961039,0,4,0.0,,,0,417,0,0
00-0035700,Josh Jacobs,2025,GB,RB,,15,0.593125,,0.10256410256410256,2.933333333333333,-0.01,-0.8863636363636364,0.8181818181818182,6.409090909090909,8.444444444444445,0.563855421686747,15.6,3.97008547008547,0.0821917808219178,0.6265060240963856,0.8333333333333334,0.0273972602739726,13,1,0.0,,,0,282,929,0
00-0035704,Drew Lock,2025,SEA,QB,,3,0.12666666666666668,,0.0,0.0,0.0,,,,,0.05714285714285714,2.0,-0.8333333333333334,,0.0,0.0,,0,0,0.047619047619047616,5.0,0.0,0,0,-5,15
00-0035710,Daniel Jones,2025,IND,QB,,13,0.9146153846153846,,0.0,0.0,0.0,,,,,0.13196480938416422,3.4615384615384617,3.6444444444444444,,0.18823529411764706,0.2,,5,0,0.9186602870813397,8.075520833333334,0.054187192118226604,19,0,164,3101
00-0035719,Deebo Samuel Sr.,2025,WAS,WR,,16,0.7225,,0.24688279301745636,6.1875,0.15315315315315314,5.3232323232323235,0.7272727272727273,7.343434343434343,6.472222222222222,0.03728070175438596,1.0625,4.411764705882353,0.21311475409836064,0.045454545454545456,0.029411764705882353,0.13114754098360656,1,5,0.0,,,0,727,75,0
00-0035726,Jakob Johnson,2025,HOU,RB,,2,0.20142857142857143,,0.0,0.0,0.0,,,,,0.0,0.0,,,,,,0,0,0.0,,,0,0,0,0
00-0035876,Andre Baccellia,2025,ARI,WR,,4,0.27,,0.022857142857142857,1.0,0.005529225908372828,1.75,0.5,2.0,3.5,0.0,0.0,,0.0625,,,0.0,0,0,0.0,,,0,8,0,0
00-0035891,Cody White,2025,SEA,WR,,8,,,0.019138755980861243,0.5,0.024103831891223733,9.75,0.75,22.5,19.333333333333332,0.0,0.0,,0.0,,,0.0,0,1,0.0,,,0,90,0,0
00-0035956,Giovanni Ricci,2025,DET,TE,,2,0.29333333333333333,,0.014925373134328358,0.5,0.0055248618784530384,3.0,0.0,0.0,,0.0,0.0,,0.08333333333333333,,,0.08333333333333333,0,0,0.0,,,0,0,0,0
00-0035993,Tyler Huntley,2025,BAL,QB,,5,0.5940000000000001,,0.0,0.0,0.0,,,,,0.13186813186813187,4.8,6.291666666666667,,0.1590909090909091,0.0,,0,0,0.6203703703703703,6.358208955223881,0.10666666666666667,2,0,151,426
00-0036040,Juwan Johnson,2025,NO,TE,,17,0.75,,0.18053097345132743,6.0,0.1652415562206071,7.578431372549019,0.7549019607843137,8.715686274509803,4.701298701298701,0.0,0.0,,0.12903225806451613,,,0.016129032258064516,0,3,0.0,,,0,889,0,0
00-0036133,James Proche,2025,TEN,WR,,6,0.29888888888888887,,0.0625,2.0,0.1442704039571311,14.583333333333334,0.5,5.416666666666667,0.3333333333333333,0.0,0.0,,0.0,,,0.0,0,0,0.0,,,0,65,0,0
00-0036139,Rico Dowdle,2025,CAR,RB,,17,0.5494444444444445,,0.10416666666666667,2.9411764705882355,-0.01595581466707579,-1.04,0.78,5.94,8.974358974358974,0.5119305856832972,13.882352941176471,4.559322033898305,0.06172839506172839,0.5147058823529411,0.6428571428571429,0.012345679012345678,6,1,0.0,,,0,297,1076,0
00-0036158,J.K. Dobbins,2025,DEN,RB,,10,0.511,,0.04242424242424243,1.4,-0.01107011070110701,-2.142857142857143,0.7857142857142857,2.642857142857143,5.090909090909091,0.5666666666666667,15.3,5.045751633986928,0.0,0.5714285714285714,0.6363636363636364,0.0,4,0,0.0,,,0,37,772,0
00-0036165,Isaiah Hodgins,2025,NYG,WR,,6,0.7628571428571428,,0.10326086956521739,3.1666666666666665,0.13415424497731693,10.894736842105264,0.5263157894736842,6.052631578947368,1.7,0.0,0.0,,0.125,,,0.03125,0,1,0.0,,,0,115,0,0
00-0036176,Mason Kinsey,2025,TEN,WR,,6,0.10900000000000001,,0.020512820512820513,0.6666666666666666,0.0693815987933635,23.0,0.5,12.0,1.5,0.0,0.0,,0.0,,,0.0,0,0,0.0,,,0,48,0,0
00-0036182,Nick Westbrook-Ikhine,2025,MIA,WR,,13,0.442,,0.056022408963585436,1.5384615384615385,0.04502660663119116,5.5,0.55,4.45,2.5454545454545454,0.0,0.0,,0.038461538461538464,,,0.019230769230769232,0,0,0.0,,,0,89,0,0
00-0036187,Reggie Gilliam,2025,BUF,RB,,11,0.2068421052631579,,0.006622516556291391,0.18181818181818182,0.011049723756906077,11.0,1.0,12.0,1.0,0.005235602094240838,0.18181818181818182,2.0,0.017857142857142856,0.012195121951219513,0.03225806451612903,0.017857142857142856,0,0,0.0,,,0,24,4,0
00-0036196,Gabe Davis,2025,BUF,WR,,6,0.5471428571428572,,0.10404624277456648,3.0,0.1453382084095064,8.833333333333334,0.6666666666666666,7.166666666666667,2.5,0.0,0.0,,0.17142857142857143,,,0.17142857142857143,0,1,0.0,,,0,129,0,0
00-0036212,Tua Tagovailoa,2025,MIA,QB,,14,0.9542857142857143,,0.0,0.0,0.0,,,,,0.05730659025787966,1.4285714285714286,2.15,,0.03571428571428571,0.0,,0,0,0.9552238805970149,6.927083333333333,0.07246376811594203,20,0,43,2660
00-0036223,Jonathan Taylor,2025,IND,RB,,17,0.8258823529411765,,0.10396975425330812,3.235294117647059,-0.010531242686637023,-0.8181818181818182,0.8363636363636363,6.872727272727273,9.434782608695652,0.7324263038548753,19.0,4.9071207430340555,0.054945054945054944,0.6893203883495146,0.6666666666666666,0.02197802197802198,18,2,0.0,,,0,378,1585,0
00-0036232,Harrison Bryant,2025,HOU,TE,,5,0.21214285714285716,,0.03389830508474576,1.2,0.038978494623655914,9.666666666666666,0.3333333333333333,1.1666666666666667,0.0,0.0,0.0,,0.0,,,0.0,0,0,0.0,,,0,7,0,0
00-0036244,Colby Parkinson,2025,LA,TE,,14,0.6255555555555555,,0.11428571428571428,4.0,0.05339074273412271,4.428571428571429,0.7678571428571429,7.285714285714286,6.3023255813953485,0.0,0.0,,0.24175824175824176,,,0.10989010989010989,0,8,0.0,,,0,408,0,0
00-0036252,Michael Pittman,2025,IND,WR,,17,0.8552941176470588,,0.20982986767485823,6.529411764705882,0.21226304703955068,8.17117117117117,0.7207207207207207,7.063063063063063,3.2375,0.0,0.0,,0.1978021978021978,,,0.10989010989010989,0,7,0.0,,,0,784,0,0
00-0036259,Jauan Jennings,2025,SF,WR,,15,0.8270588235294118,,0.19438444924406048,6.0,0.2540707467714767,10.055555555555555,0.6111111111111112,7.144444444444445,3.290909090909091,0.0,0.0,,0.23655913978494625,,,0.11827956989247312,0,9,0.0,,,0,643,0,0
00-0036264,Jordan Love,2025,GB,QB,,15,0.94625,,0.0,0.0,0.0,,,,,0.10681818181818181,3.1333333333333333,4.23404255319149,,0.06976744186046512,0.07407407407407407,,0,0,0.9690949227373068,7.7015945330296125,0.04565217391304348,23,0,199,3381
00-0036265,AJ Dillon,2025,PHI,RB,,6,0.11857142857142858,,0.017857142857142856,0.5,0.008403361344537815,4.0,1.0,7.0,3.0,0.0784313725490196,2.0,5.0,0.047619047619047616,0.06451612903225806,0.0,0.047619047619047616,0,0,0.0,,,0,21,60,0
00-0036275,D'Andre Swift,2025,CHI,RB,,16,0.5766666666666667,,0.0963855421686747,3.0,-0.00584932147870847,-0.5208333333333334,0.7083333333333334,6.229166666666667,10.5,0.47649572649572647,13.9375,4.874439461883408,0.013513513513513514,0.45977011494252873,0.5384615384615384,0.0,9,1,0.0,,,0,299,1087,0
00-0036290,Cole Kmet,2025,CHI,TE,,16,0.7083333333333334,,0.096579476861167,3.0,0.09962139138665405,8.770833333333334,0.625,7.229166666666667,4.966666666666667,0.0,0.0,,0.09090909090909091,,,0.03896103896103896,0,2,0.0018656716417910447,0.0,0.0,0,347,0,0
00-0036309,Darnell Mooney,2025,ATL,WR,,15,0.8193333333333332,,0.16179775280898875,4.8,0.2778080697928026,14.152777777777779,0.4444444444444444,6.152777777777778,2.28125,0.0,0.0,,0.12903225806451613,,,0.04838709677419355,0,1,0.0,,,0,443,0,0
00-0036322,Justin Jefferson,2025,MIN,WR,,17,0.9417647058823531,,0.30128205128205127,8.294117647058824,0.38593666129898013,10.198581560283689,0.5957446808510638,7.432624113475177,5.369047619047619,0.004878048780487805,0.11764705882352941,3.5,0.20652173913043478,0.0,0.0,0.11956521739130435,0,2,0.0,,,0,1048,7,0
00-0036328,Antonio Gibson,2025,NE,RB,,5,0.16599999999999998,,0.020134228187919462,0.6,-0.0056925996204933585,-2.0,0.6666666666666666,2.0,8.0,0.1968503937007874,5.0,4.24,0.0,0.16,0.25,0.0,1,0,0.0,,,0,6,106,0
00-0036331,Devin Duvernay,2025,CHI,WR,,17,0.032105263157894734,,0.009398496240601503,0.29411764705882354,0.016534391534391533,15.0,0.4,5.2,0.0,0.0,0.0,,0.012195121951219513,,,0.012195121951219513,0,0,0.0,,,0,26,0,0
00-0036332,Josiah Deguara,2025,ARI,TE,,7,0.10416666666666667,,0.019011406844106463,0.7142857142857143,0.01186178442496132,4.6,0.6,4.2,1.6666666666666667,0.0,0.0,,0.02127659574468085,,,0.02127659574468085,0,1,0.0,,,0,21,0,0
00-0036355,Justin Herbert,2025,LAC,QB,,16,0.9699999999999999,,0.0,0.0,0.0,,,,,0.18651685393258427,5.1875,6.0,,0.16216216216216217,0.19047619047619047,,2,0,0.9752380952380952,7.279296875,0.09540636042402827,26,0,498,3727
00-0036358,CeeDee Lamb,2025,DAL,WR,,13,0.7285714285714285,,0.2526997840172786,9.0,0.3567251461988304,11.991452991452991,0.6410256410256411,9.205128205128204,4.306666666666667,0.002702702702702703,0.07692307692307693,2.0,0.20987654320987653,0.0,0.0,0.08641975308641975,0,3,0.0,,,0,1077,2,0
00-0036360,Clyde Edwards-Helaire,2025,KC,RB,,2,0.105,,0.027777777777777776,1.0,-0.005256241787122208,-2.0,1.0,4.5,6.5,0.11475409836065574,3.5,1.8571428571428572,0.0,0.0,0.0,0.0,0,0,0.0,,,0,9,13,0
00-0036389,Jalen Hurts,2025,PHI,QB,,16,0.9776470588235294,,0.0,0.0,0.0,,,,,0.2292576419213974,6.5625,4.0095238095238095,,0.3253012048192771,0.3870967741935484,,8,0,0.9934354485776805,7.101321585903084,0.06584362139917696,25,0,421,3224
00-0036407,Jerry Jeudy,2025,CLE,WR,,17,0.8452941176470588,,0.2034548944337812,6.235294117647059,0.3587743732590529,12.150943396226415,0.4716981132075472,5.679245283018868,3.32,0.0023752969121140144,0.058823529411764705,5.0,0.1323529411764706,0.0,0.0,0.04411764705882353,0,2,0.0,,,0,602,5,0
00-0036410,Tee Higgins,2025,CIN,WR,,15,0.8086666666666666,,0.1859582542694497,6.533333333333333,0.33640552995391704,13.408163265306122,0.6020408163265306,8.63265306122449,2.8135593220338984,0.0,0.0,,0.21333333333333335,,,0.10666666666666667,0,11,0.0,,,0,846,0,0
00-0036414,Cam Akers,2025,SEA,RB,,4,0.02,,0.00909090909090909,0.25,-0.008547008547008548,-6.0,0.0,0.0,,0.03875968992248062,1.25,3.8,0.0,0.0,0.0,0.0,0,0,0.008928571428571428,32.0,0.0,1,0,19,32
00-0036415,Van Jefferson,2025,TEN,WR,,14,0.585625,,0.11981566820276497,3.7142857142857144,0.20096774193548386,11.98076923076923,0.5576923076923077,6.730769230769231,2.8620689655172415,0.0,0.0,,0.05454545454545454,,,0.01818181818181818,0,1,0.0,,,0,350,0,0
00-0036422,Adam Trautman,2025,DEN,TE,,13,0.57,,0.05066079295154185,1.7692307692307692,0.030294369819948555,4.608695652173913,0.8695652173913043,8.478260869565217,5.2,0.0,0.0,,0.015151515151515152,,,0.015151515151515152,0,1,0.0,,,0,195,0,0
00-0036423,Albert Okwuegbunam,2025,LV,TE,,1,0.46,,0.16666666666666666,6.0,0.07377049180327869,3.0,0.8333333333333334,6.0,6.8,0.0,0.0,,0.1,,,0.0,0,0,0.0,,,0,36,0,0
00-0036425,DeeJay Dallas,2025,JAX,RB,,5,0.06166666666666667,,0.006622516556291391,0.2,-0.0007627765064836003,-1.0,0.0,0.0,,0.02,0.6,7.0,0.0,0.045454545454545456,0.0,0.0,0,0,0.0,,,0,0,21,0
00-0036427,Tyler Johnson,2025,NYJ,WR,,9,0.41,,0.0782608695652174,2.0,0.1477832512315271,11.666666666666666,0.6666666666666666,10.944444444444445,5.333333333333333,0.0,0.0,,0.08333333333333333,,,0.0,0,1,0.0,,,0,197,0,0
00-0036429,Charlie Woerner,2025,ATL,TE,,7,0.5082352941176471,,0.041666666666666664,1.2857142857142858,0.006557377049180328,1.3333333333333333,0.8888888888888888,5.333333333333333,4.375,0.0,0.0,,0.041666666666666664,,,0.0,0,0,0.0,,,0,48,0,0
00-0036442,Joe Burrow,2025,CIN,QB,,8,0.8775,,0.0,0.0,0.0,,,,,0.06763285024154589,1.75,2.9285714285714284,,0.05,0.07142857142857142,,0,0,0.8720538720538721,6.984555984555985,0.06159420289855073,17,0,41,1809
00-0036463,Chris Blair,2025,ATL,WR,,1,0.05333333333333334,,0.0,0.0,0.0,,,,,0.0,0.0,,,,,,0,0,0.0,,,0,0,0,0
00-0036497,Tim Jones,2025,JAX,WR,,2,0.076,,0.017857142857142856,0.5,0.009195402298850575,4.0,1.0,15.0,11.0,0.0,0.0,,0.0,,,0.0,0,0,0.0,,,0,15,0,0
00-0036527,DJ Turner,2025,LV,WR,,1,0.0,,0.0,0.0,0.0,,,,,0.0,0.0,,,,,,0,0,0.0,,,0,0,0,0
00-0036534,Shane Zylstra,2025,DET,TE,,1,0.39999999999999997,,0.09615384615384616,5.0,0.12052117263843648,7.4,0.6,4.0,0.6666666666666666,0.0,0.0,,0.0625,,,0.0625,0,0,0.0,,,0,20,0,0
00-0036550,Rashod Bateman,2025,BAL,WR,,13,0.693076923076923,,0.11411411411411411,2.923076923076923,0.17567567567567569,12.31578947368421,0.5,5.894736842105263,2.0526315789473686,0.0,0.0,,0.15254237288135594,,,0.06779661016949153,0,2,0.0,,,0,224,0,0
00-0036554,Nico Collins,2025,HOU,WR,,15,0.75875,,0.2464065708418891,8.0,0.37319990236758604,12.741666666666667,0.5916666666666667,9.308333333333334,4.563380281690141,0.004914004914004914,0.13333333333333333,7.5,0.23170731707317074,0.014492753623188406,0.0,0.12195121951219512,1,6,0.0,,,0,1117,15,0
00-0036555,Chuba Hubbard,2025,CAR,RB,,15,0.4675,,0.09027777777777778,2.6,-0.013903371567605145,-1.0256410256410255,0.7692307692307693,5.717948717948718,9.7,0.34271099744245526,8.933333333333334,3.8134328358208953,0.08333333333333333,0.3275862068965517,0.16666666666666666,0.05555555555555555,1,3,0.0,,,0,223,511,0
00-0036567,Elijah Mitchell,2025,KC,RB,,1,0.1,,0.023255813953488372,1.0,0.050955414012738856,16.0,0.0,0.0,,0.0,0.0,,0.0,,,0.0,0,0,0.0,,,0,0,0,0
00-0036569,Gary Brightwell,2025,CIN,RB,,2,0.0,,0.0,0.0,0.0,,,,,0.0,0.0,,,,,,0,0,0.0,,,0,0,0,0
00-0036590,Quintin Morris,2025,JAX,TE,,11,0.22466666666666668,,0.028037383177570093,0.8181818181818182,0.015426808364758314,5.0,0.6666666666666666,6.111111111111111,3.5,0.0,0.0,,0.028169014084507043,,,0.014084507042253521,0,1,0.0,,,0,55,0,0
00-0036613,Jaylen Waddle,2025,MIA,WR,,16,0.77625,,0.228310502283105,6.25,0.4169859514687101,13.06,0.64,9.1,3.5625,0.004914004914004914,0.125,14.0,0.15942028985507245,0.0,0.0,0.07246376811594203,0,6,0.0022026431718061676,8.0,0.0,0,910,28,8
00-0036620,Dee Eskridge,2025,MIA,WR,,11,0.11846153846153847,,0.021212121212121213,0.6363636363636364,0.04343971631205674,14.0,0.5714285714285714,8.857142857142858,2.25,0.0,0.0,,0.0,,,0.0,0,0,0.0,,,0,62,0,0
00-0036626,Dyami Brown,2025,JAX,WR,,11,0.36642857142857144,,0.11598746081504702,3.3636363636363638,0.18036211699164345,14.0,0.5405405405405406,6.135135135135135,1.55,0.019169329073482427,0.5454545454545454,5.0,0.15789473684210525,0.01098901098901099,0.0,0.05263157894736842,0,1,0.0,,,0,227,30,0
00-0036628,John Bates,2025,WAS,TE,,10,0.514,,0.06477732793522267,1.6,0.021611886537595677,3.0,0.6875,6.4375,6.181818181818182,0.0,0.0,,0.046511627906976744,,,0.046511627906976744,0,1,0.0,,,0,103,0,0
00-0036630,Tylan Wallace,2025,BAL,WR,,11,0.2307142857142857,,0.0299625468164794,0.7272727272727273,0.04960593416782568,13.375,0.5,5.625,4.25,0.0,0.0,,0.04,,,0.02,0,1,0.0,,,0,45,0,0
00-0036637,Noah Gray,2025,KC,TE,,14,0.52125,,0.08277404921700224,2.642857142857143,0.06913508822678623,6.45945945945946,0.5675675675675675,4.8108108108108105,5.095238095238095,0.0,0.0,,0.03571428571428571,,,0.023809523809523808,0,0,0.0,,,0,178,0,0
00-0036646,Simi Fehoko,2025,ARI,WR,,7,0.0625,,0.0,0.0,0.0,,,,,0.0,0.0,,,,,,0,0,0.0,,,0,0,0,0
00-0036679,Shane Buechele,2025,KC,QB,,1,0.45,,0.0,0.0,0.0,,,,,0.043478260869565216,1.0,4.0,,0.0,,,0,0,0.45161290322580644,6.285714285714286,0.2631578947368421,0,0,4,88
00-0036727,Adam Prentice,2025,DEN,FB,,13,0.18263157894736842,,0.0175054704595186,0.6153846153846154,0.0027624309392265192,1.125,0.75,6.625,7.166666666666667,0.0273224043715847,0.7692307692307693,4.4,0.02531645569620253,0.03225806451612903,0.07142857142857142,0.02531645569620253,0,0,0.0,,,0,53,44,0
00-0036741,Jack Stoll,2025,NO,TE,,9,0.20866666666666667,,0.03343465045592705,1.2222222222222223,0.01263001485884101,3.090909090909091,0.5454545454545454,4.181818181818182,2.8333333333333335,0.0,0.0,,0.03125,,,0.0,0,1,0.0,,,0,46,0,0
00-0036754,Brock Wright,2025,DET,TE,,8,0.5763636363636363,,0.08943089430894309,2.75,0.01273148148148148,1.0,0.6363636363636364,4.909090909090909,6.142857142857143,0.0,0.0,,0.05714285714285714,,,0.05714285714285714,0,2,0.0,,,0,108,0,0
00-0036755,Jaret Patterson,2025,LAC,RB,,6,0.24000000000000002,,0.022988505747126436,0.6666666666666666,-0.0006666666666666666,-0.25,0.75,2.0,2.6666666666666665,0.21578947368421053,6.833333333333333,3.8780487804878048,0.0,0.2,0.16666666666666666,0.0,1,0,0.0,,,0,8,159,0
00-0036825,Feleipe Franks,2025,ATL,TE,,10,0.012941176470588235,,0.0,0.0,0.0,,,,,0.007352941176470588,0.2,2.0,,0.0,0.0,,0,0,0.0,,,0,0,4,0
00-0036841,Austin Trammell,2025,JAX,WR,,6,0.22666666666666668,,0.06097560975609756,1.6666666666666667,0.08575197889182058,13.0,0.3,4.6,0.6666666666666666,0.0,0.0,,0.03125,,,0.0,0,0,0.0,,,0,46,0,0
00-0036842,Kene Nwangwu,2025,NYJ,RB,,10,0.04416666666666667,,0.00398406374501992,0.1,-0.0035149384885764497,-6.0,0.0,0.0,,0.04905660377358491,1.3,3.769230769230769,0.0,0.09375,0.2857142857142857,0.0,0,0,0.0,,,0,0,49,0
00-0036849,Tutu Atwell,2025,LA,WR,,8,0.27181818181818185,,0.05172413793103448,1.875,0.10475199445022546,20.133333333333333,0.4,12.8,11.166666666666666,0.0,0.0,,0.02,,,0.0,0,1,0.0,,,0,192,0,0
00-0036862,Ben Skowronek,2025,PIT,WR,,16,0.15333333333333332,,0.012396694214876033,0.375,0.02077656675749319,10.166666666666666,0.6666666666666666,11.5,5.75,0.0,0.0,,0.012345679012345678,,,0.0,0,1,0.0,,,0,69,0,0
00-0036875,Rhamondre Stevenson,2025,NE,RB,,14,0.6177777777777778,,0.09438775510204081,2.642857142857143,0.046167247386759584,4.297297297297297,0.8648648648648649,9.324324324324325,8.21875,0.3194103194103194,9.285714285714286,4.638461538461539,0.08823529411764706,0.375,0.5,0.014705882352941176,7,2,0.0,,,0,345,603,0
00-0036876,Kylen Granson,2025,PHI,TE,,12,0.22499999999999998,,0.02786377708978328,0.75,0.02361111111111111,7.555555555555555,0.7777777777777778,4.444444444444445,1.8571428571428572,0.0,0.0,,0.022222222222222223,,,0.0,0,0,0.0,,,0,40,0,0
00-0036887,Luke Farrell,2025,SF,TE,,13,0.35736842105263156,,0.03309692671394799,1.0769230769230769,0.012669962917181705,2.9285714285714284,0.7857142857142857,6.071428571428571,4.7272727272727275,0.0,0.0,,0.046511627906976744,,,0.023255813953488372,0,2,0.0,,,0,85,0,0
00-0036893,Najee Harris,2025,LAC,RB,,3,0.21666666666666667,,0.02830188679245283,1.0,0.010277492291880781,3.3333333333333335,1.0,8.333333333333334,5.0,0.189873417721519,5.0,4.066666666666666,0.0,0.09090909090909091,0.0,0.0,0,0,0.0,,,0,25,61,0
00-0036894,Pat Freiermuth,2025,PIT,TE,,15,0.5133333333333333,,0.11320754716981132,3.6,0.10879083866621758,5.981481481481482,0.7592592592592593,9.0,6.219512195121951,0.0,0.0,,0.1232876712328767,,,0.0547945205479452,0,4,0.0,,,0,486,0,0
00-0036898,Davis Mills,2025,HOU,QB,,6,0.705,,0.0,0.0,0.0,,,,,0.07926829268292683,2.1666666666666665,4.615384615384615,,0.08823529411764706,0.13333333333333333,,1,0,0.726027397260274,5.754716981132075,0.04790419161676647,5,0,60,915
00-0036900,Ja'Marr Chase,2025,CIN,WR,,16,0.94375,,0.3228621291448517,11.5625,0.3715976331360947,8.486486486486486,0.6756756756756757,7.632432432432433,5.12,0.008379888268156424,0.1875,4.666666666666667,0.24175824175824176,0.0,0.0,0.08791208791208792,0,8,0.0,,,0,1412,14,0
00-0036906,Khalil Herbert,2025,NYJ,RB,,5,0.13571428571428573,,0.024844720496894408,0.8,-0.013402061855670102,-3.25,0.25,1.0,9.0,0.13114754098360656,3.2,3.25,0.037037037037037035,0.1875,0.0,0.0,0,0,0.0,,,0,4,52,0
00-0036912,DeVonta Smith,2025,PHI,WR,,17,0.8483333333333333,,0.2435344827586207,6.647058823529412,0.32169990503323836,11.991150442477876,0.6814159292035398,8.920353982300885,3.8051948051948052,0.0,0.0,,0.1875,,,0.0625,0,4,0.0,,,0,1008,0,0
00-0036919,Kenny Gainwell,2025,PIT,RB,,17,0.5,,0.16314779270633398,5.0,-0.005369551484523057,-0.2,0.8588235294117647,5.7176470588235295,7.232876712328767,0.2800982800982801,6.705882352941177,4.7105263157894735,0.19767441860465115,0.2875,0.3103448275862069,0.06976744186046512,5,3,0.0,,,0,486,537,0
00-0036924,Michael Carter,2025,ARI,RB,,13,0.4523076923076923,,0.09,3.4615384615384617,0.02029769959404601,1.6666666666666667,0.7333333333333333,5.933333333333334,7.787878787878788,0.35384615384615387,7.076923076923077,3.619565217391304,0.0707070707070707,0.23529411764705882,0.23076923076923078,0.030303030303030304,1,0,0.0,,,0,267,333,0
00-0036945,Justin Fields,2025,NYJ,QB,,9,0.8977777777777778,,0.004405286343612335,0.1111111111111111,0.003582089552238806,6.0,0.0,0.0,,0.27413127413127414,7.888888888888889,5.394366197183099,0.029411764705882353,0.3333333333333333,0.5555555555555556,0.0,4,0,0.8535564853556485,6.171568627450981,0.11688311688311688,7,0,383,1259
00-0036950,Avery Williams,2025,NYJ,RB,,1,0.0,,0.0,0.0,0.0,,,,,0.0,0.0,,,,,,0,0,0.0,,,0,0,0,0
00-0036959,Michael Bandy,2025,DEN,WR,,4,0.0625,,0.03076923076923077,1.0,0.020253164556962026,6.0,1.0,12.5,6.5,0.0,0.0,,0.05555555555555555,,,0.0,0,1,0.0,,,0,50,0,0
00-0036963,Amon-Ra St. Brown,2025,DET,WR,,17,0.8523529411764706,,0.31272727272727274,10.117647058823529,0.37843724475905255,8.081395348837209,0.6802325581395349,8.145348837209303,4.871794871794871,0.006802721088435374,0.17647058823529413,3.0,0.3465346534653465,0.011111111111111112,0.0,0.2079207920792079,0,11,0.0,,,0,1401,9,0
00-0036970,Kyle Pitts,2025,ATL,TE,,17,0.88,,0.2277992277992278,6.9411764705882355,0.20774563710255797,7.364406779661017,0.7457627118644068,7.864406779661017,4.545454545454546,0.0,0.0,,0.18571428571428572,,,0.1,0,5,0.0,,,0,928,0,0
00-0036971,Trevor Lawrence,2025,JAX,QB,,17,0.9688888888888889,,0.0,0.0,0.0,,,,,0.1680327868852459,4.823529411764706,4.378048780487805,,0.20869565217391303,0.3235294117647059,,9,0,0.9946714031971581,7.1553571428571425,0.06821963394342762,29,0,359,4007
00-0036972,Mac Jones,2025,SF,QB,,11,0.6941666666666667,,0.0,0.0,0.0,,,,,0.12040133779264214,3.272727272727273,1.6666666666666667,,0.034482758620689655,0.05,,0,0,0.762532981530343,7.442906574394463,0.05245901639344262,13,0,60,2151
00-0036973,Travis Etienne,2025,JAX,RB,,17,0.5977777777777777,,0.10358565737051793,3.0588235294117645,-0.016795580110497237,-1.4615384615384615,0.6923076923076923,5.615384615384615,9.416666666666666,0.5327868852459017,15.294117647058824,4.257692307692308,0.10869565217391304,0.46956521739130436,0.35294117647058826,0.06521739130434782,7,6,0.0,,,0,292,1107,0
00-0036980,Elijah Moore,2025,BUF,WR,,9,0.29500000000000004,,0.06439393939393939,1.8888888888888888,0.07171717171717172,8.352941176470589,0.5294117647058824,6.588235294117647,6.444444444444445,0.02197802197802198,0.6666666666666666,4.0,0.0,0.022727272727272728,0.047619047619047616,0.0,1,0,0.0,,,0,112,24,0
00-0036984,Trey Sermon,2025,PIT,RB,,3,0.005,,0.0,0.0,0.0,,,,,0.0,0.0,,,,,,0,0,0.0,,,0,0,0,0
00-0036988,Josh Palmer,2025,BUF,WR,,12,0.48333333333333334,,0.10818713450292397,3.0833333333333335,0.1579143389199255,11.45945945945946,0.5945945945945946,8.18918918918919,2.4545454545454546,0.0,0.0,,0.08823529411764706,,,0.029411764705882353,0,0,0.0,,,0,303,0,0
00-0036997,Javonte Williams,2025,DAL,RB,,16,0.69,,0.08732876712328767,3.1875,-0.014028475711892797,-1.3137254901960784,0.6862745098039216,2.6862745098039214,5.885714285714286,0.5806451612903226,15.75,4.765873015873016,0.11009174311926606,0.6923076923076923,0.7407407407407407,0.045871559633027525,11,2,0.0,,,0,137,1201,0
00-0037004,Hunter Long,2025,JAX,TE,,7,0.39888888888888885,,0.08292682926829269,2.4285714285714284,0.03745743473325766,3.8823529411764706,0.7058823529411765,5.0,2.5833333333333335,0.0,0.0,,0.15384615384615385,,,0.11538461538461539,0,2,0.0,,,0,85,0,0
00-0037005,Tommy Tremble,2025,CAR,TE,,15,0.6127777777777778,,0.08604651162790698,2.466666666666667,0.055385660890248045,4.405405405405405,0.7297297297297297,6.72972972972973,6.074074074074074,0.0,0.0,,0.06578947368421052,,,0.039473684210526314,0,2,0.0,,,0,249,0,0
00-0037012,Trey Lance,2025,LAC,QB,,4,0.3775,,0.0,0.0,0.0,,,,,0.1588785046728972,4.25,5.0,,0.0,0.0,,0,0,0.4596774193548387,3.9649122807017543,0.09523809523809523,0,0,85,226
00-0037013,Zach Wilson,2025,MIA,QB,,4,0.1125,,0.0,0.0,0.0,,,,,0.02608695652173913,0.75,0.3333333333333333,,0.0,0.0,,0,0,0.10576923076923077,2.909090909090909,0.0,0,0,1,32
00-0037015,Sal Cannella,2025,CLE,TE,,2,0.27999999999999997,,0.11363636363636363,2.5,0.14473684210526316,11.0,0.4,2.2,2.5,0.0,0.0,,0.0,,,0.0,0,0,0.0,,,0,11,0,0
00-0037031,Nikola Kalinic,2025,CHI,TE,,2,0.0,,0.0,0.0,0.0,,,,,0.0,0.0,,,,,,0,0,0.0,,,0,0,0,0
00-0037085,Tyler Badie,2025,DEN,RB,,16,0.18166666666666667,,0.05565529622980251,1.9375,-0.01038961038961039,-1.4193548387096775,0.6129032258064516,4.548387096774194,11.052631578947368,0.018604651162790697,0.5,2.875,0.043478260869565216,0.0273972602739726,0.047619047619047616,0.010869565217391304,0,0,0.0,,,0,141,23,0
00-0037086,Grant Calcaterra,2025,PHI,TE,,9,0.394375,,0.053061224489795916,1.4444444444444444,0.03913443830570902,6.538461538461538,0.6923076923076923,5.846153846153846,3.4444444444444446,0.0,0.0,,0.07894736842105263,,,0.02631578947368421,0,1,0.0,,,0,76,0,0
00-0037091,Bo Melton,2025,GB,WR,,13,0.10375000000000001,,0.036931818181818184,1.0,0.07003154574132492,17.076923076923077,0.3076923076923077,8.23076923076923,1.75,0.013736263736263736,0.38461538461538464,7.0,0.0,0.0,0.0,0.0,0,1,0.0,,,0,107,35,0
00-0037093,Dareke Young,2025,SEA,WR,,8,0.09416666666666668,,0.013761467889908258,0.375,0.030497592295345103,19.0,0.6666666666666666,16.0,0.0,0.0,0.0,,0.0,,,0.0,0,0,0.0,,,0,48,0,0
00-0037098,Samori Toure,2025,NO,WR,,1,0.15,,0.08823529411764706,3.0,0.10830324909747292,10.0,0.3333333333333333,1.0,0.0,0.0,0.0,,0.2,,,0.0,0,0,0.0,,,0,3,0,0
00-0037112,Jake Tonges,2025,SF,TE,,10,0.36052631578947364,,0.12994350282485875,4.6,0.08285917496443812,5.065217391304348,0.7391304347826086,6.369565217391305,4.205882352941177,0.0,0.0,,0.11475409836065574,,,0.08196721311475409,0,5,0.0,,,0,293,0,0
00-0037120,Tyler Goodson,2025,IND,RB,,10,0.05,,0.00967741935483871,0.3,-0.001199040767386091,-1.0,0.6666666666666666,2.6666666666666665,5.0,0.036585365853658534,0.9,2.6666666666666665,0.024390243902439025,0.0,0.0,0.024390243902439025,0,0,0.0,,,0,8,24,0
00-0037132,Britain Covey,2025,PHI,WR,,6,0.08857142857142856,,0.023391812865497075,0.6666666666666666,0.005105296745373325,2.0,0.5,5.0,10.0,0.0,0.0,,0.0,,,0.0,0,0,0.0,,,0,20,0,0
00-0037157,Bam Knight,2025,ARI,RB,,12,0.3308333333333333,,0.0670995670995671,2.5833333333333335,0.010985748218527316,1.1935483870967742,0.7096774193548387,5.161290322580645,6.863636363636363,0.3153846153846154,6.833333333333333,3.2804878048780486,0.0625,0.3953488372093023,0.4444444444444444,0.010416666666666666,4,1,0.0,,,0,160,269,0
00-0037197,Isiah Pacheco,2025,KC,RB,,13,0.5169230769230769,,0.06435643564356436,2.0,-0.008979048885932824,-1.0384615384615385,0.7307692307692307,3.8846153846153846,6.368421052631579,0.35542168674698793,9.076923076923077,3.9152542372881354,0.05263157894736842,0.29850746268656714,0.0,0.02631578947368421,1,1,0.0,,,0,101,462,0
00-0037228,Jaylen Warren,2025,PIT,RB,,16,0.5047058823529412,,0.09018036072144289,2.8125,-0.03653410927901714,-2.511111111111111,0.8888888888888888,7.4,10.975,0.5582010582010583,13.1875,4.540284360189573,0.0641025641025641,0.5555555555555556,0.5384615384615384,0.05128205128205128,6,2,0.0,,,0,333,958,0
00-0037231,Kevin Austin Jr.,2025,NO,WR,,5,0.4425,,0.12777777777777777,4.6,0.12050473186119874,8.304347826086957,0.5652173913043478,6.086956521739131,4.3076923076923075,0.0,0.0,,0.1,,,0.05,0,1,0.0,,,0,140,0,0
00-0037238,Drake London,2025,ATL,WR,,12,0.9066666666666666,,0.30434782608695654,9.333333333333334,0.40151266030910887,10.901785714285714,0.6071428571428571,8.205357142857142,3.3676470588235294,0.0,0.0,,0.3333333333333333,,,0.1875,0,7,0.0,,,0,919,0,0
00-0037239,Chris Olave,2025,NO,WR,,16,0.843125,,0.2937853107344633,9.75,0.4183140195410134,11.801282051282051,0.6410256410256411,7.455128205128205,2.89,0.0024449877750611247,0.0625,-3.0,0.2631578947368421,0.0,0.0,0.07017543859649122,0,9,0.0017985611510791368,0.0,0.0,0,1163,-3,0
00-0037240,Jameson Williams,2025,DET,WR,,17,0.9017647058823529,,0.18545454545454546,6.0,0.35093928668663216,12.637254901960784,0.6372549019607843,10.950980392156863,6.7846153846153845,0.013605442176870748,0.35294117647058826,2.0,0.0891089108910891,0.011111111111111112,0.0,0.039603960396039604,0,7,0.0,,,0,1117,12,0
00-0037247,George Pickens,2025,DAL,WR,,17,0.8111764705882354,,0.2257001647446458,8.058823529411764,0.3141116751269036,11.291970802919709,0.6788321167883211,10.430656934306569,5.150537634408602,0.0,0.0,,0.21238938053097345,,,0.09734513274336283,0,9,0.0,,,0,1429,0,0
00-0037248,James Cook,2025,BUF,RB,,17,0.5768421052631579,,0.08350730688935282,2.3529411764705883,0.016036655211912942,1.4,0.825,7.275,8.242424242424242,0.5648994515539305,18.176470588235293,5.2459546925566345,0.03409090909090909,0.5045045045045045,0.37209302325581395,0.011363636363636364,12,2,0.0,,,0,291,1621,0
00-0037252,Greg Dulcich,2025,MIA,TE,,9,0.422,,0.15,3.6666666666666665,0.09220701963117192,4.696969696969697,0.7878787878787878,10.151515151515152,7.653846153846154,0.00392156862745098,0.1111111111111111,-7.0,0.21212121212121213,0.024390243902439025,0.08333333333333333,0.09090909090909091,0,1,0.0,,,0,335,-7,0
00-0037256,Rachaad White,2025,TB,RB,,17,0.5105882352941177,,0.08333333333333333,2.6470588235294117,-0.0235239852398524,-2.2666666666666666,0.8888888888888888,4.844444444444444,8.225,0.2796610169491525,7.764705882352941,4.333333333333333,0.12048192771084337,0.2878787878787879,0.4090909090909091,0.012048192771084338,4,0,0.0,,,0,218,572,0
00-0037258,Dameon Pierce,2025,KC,RB,,5,0.08399999999999999,,0.0058823529411764705,0.2,-0.002890173410404624,-4.0,0.0,0.0,,0.09929078014184398,2.8,2.5714285714285716,0.0,0.058823529411764705,0.0,0.0,0,0,0.0,,,0,0,36,0
00-0037261,Khalil Shakir,2025,BUF,WR,,16,0.6061111111111112,,0.2106430155210643,5.9375,0.10553371635923799,3.6736842105263157,0.7578947368421053,7.568421052631579,7.513888888888889,0.001984126984126984,0.0625,5.0,0.19480519480519481,0.0,0.0,0.07792207792207792,0,4,0.0,,,0,719,5,0
00-0037263,Tyler Allgeier,2025,ATL,RB,,17,0.3023529411764706,,0.03088803088803089,0.9411764705882353,-0.006215634711929237,-1.625,0.875,6.0,8.571428571428571,0.29979035639413,8.411764705882353,3.5944055944055946,0.014285714285714285,0.4444444444444444,0.4166666666666667,0.0,8,0,0.0,,,0,96,514,0
00-0037267,Jerome Ford,2025,CLE,RB,,13,0.3046153846153846,,0.07637231503579953,2.4615384615384617,-0.017019798541160126,-1.53125,0.8125,3.21875,5.923076923076923,0.07384615384615385,1.8461538461538463,3.0416666666666665,0.10909090909090909,0.08163265306122448,0.15,0.0,0,0,0.0,,,0,103,73,0
00-0037276,Ty Chandler,2025,MIN,RB,,3,0.2233333333333333,,0.0625,1.3333333333333333,-0.05434782608695652,-5.0,0.75,2.75,9.0,0.2,5.666666666666667,2.764705882352941,0.15384615384615385,0.07692307692307693,0.25,0.07692307692307693,0,0,0.0,,,0,11,47,0
00-0037277,Teagan Quitoriano,2025,ATL,TE,,2,0.12470588235294118,,0.0,0.0,0.0,,,,,0.0,0.0,,,,,,0,0,0.0,,,0,0,0,0
00-0037282,James Mitchell,2025,CAR,TE,,2,0.145,,0.05084745762711865,1.5,0.016355140186915886,2.3333333333333335,1.0,9.333333333333334,7.0,0.0,0.0,,0.0,,,0.0,0,0,0.0,,,0,28,0,0
00-0037291,Jalen Nailor,2025,MIN,WR,,17,0.6535294117647058,,0.11324786324786325,3.1176470588235294,0.1760601180891036,12.377358490566039,0.5471698113207547,8.377358490566039,3.8620689655172415,0.004878048780487805,0.11764705882352941,6.5,0.14130434782608695,0.0,0.0,0.07608695652173914,0,4,0.0,,,0,444,13,0
00-0037292,Andrew Ogletree,2025,IND,TE,,11,0.23666666666666666,,0.016853932584269662,0.5454545454545454,0.01411764705882353,7.0,0.6666666666666666,4.5,2.25,0.0,0.0,,0.03278688524590164,,,0.01639344262295082,0,1,0.0,,,0,27,0,0
00-0037304,Connor Heyward,2025,PIT,FB,,14,0.08444444444444445,,0.009111617312072893,0.2857142857142857,0.009919877909194963,6.5,0.75,5.25,1.6666666666666667,0.044642857142857144,1.0714285714285714,2.8666666666666667,0.02702702702702703,0.09090909090909091,0.16,0.013513513513513514,2,1,0.0,,,0,21,43,0
00-0037306,John FitzPatrick,2025,GB,TE,,11,0.3606666666666667,,0.05084745762711865,1.3636363636363635,0.008846295613711759,1.6,0.8,4.8,4.75,0.0,0.0,,0.07272727272727272,,,0.05454545454545454,0,1,0.0,,,0,72,0,0
00-0037311,Ko Kieft,2025,TB,TE,,2,0.14,,0.0,0.0,0.0,,,,,0.0,0.0,,,,,,0,0,0.0,,,0,0,0,0
00-0037324,Chris Oladokun,2025,KC,QB,,3,0.7466666666666667,,0.0,0.0,0.0,,,,,0.08771929824561403,1.6666666666666667,3.6,,0.16666666666666666,,,0,0,0.7142857142857143,4.2727272727272725,0.12698412698412698,1,0,18,235
00-0037329,Brittain Brown,2025,CHI,RB,,2,0.06666666666666667,,0.01639344262295082,0.5,0.0074211502782931356,4.0,0.0,0.0,,0.07142857142857142,2.5,7.4,0.0,0.0,0.0,0.0,1,0,0.0,,,0,0,37,0
00-0037340,Zaire Mitchell-Paden,2025,NO,TE,,3,0.22875,,0.04054054054054054,1.0,0.01849217638691323,4.333333333333333,0.6666666666666666,5.666666666666667,2.5,0.0,0.0,,0.1,,,0.1,0,0,0.0,,,0,17,0,0
00-0037348,Tanner Conner,2025,MIA,TE,,8,0.3433333333333333,,0.06072874493927125,1.875,0.07242848447961046,7.933333333333334,0.6,6.066666666666666,4.333333333333333,0.0,0.0,,0.07317073170731707,,,0.024390243902439025,0,0,0.0,,,0,91,0,0
00-0037380,Kaden Davis,2025,CLE,WR,,1,0.01,,0.0,0.0,0.0,,,,,0.0,0.0,,,,,,0,0,0.0,,,0,0,0,0
00-0037475,Stone Smartt,2025,NYJ,TE,,6,0.09866666666666667,,0.057692307692307696,1.5,0.04849884526558892,4.666666666666667,0.7777777777777778,5.777777777777778,3.857142857142857,0.0,0.0,,0.0,,,0.0,0,0,0.0,,,0,52,0,0
00-0037487,Deven Thompkins,2025,ATL,WR,,7,0.047142857142857146,,0.014018691588785047,0.42857142857142855,0.0045992115637319315,2.3333333333333335,1.0,9.0,6.666666666666667,0.004739336492890996,0.14285714285714285,5.0,0.0,0.0,0.0,0.0,0,0,0.0,,,0,27,5,0
00-0037524,Tay Martin,2025,WAS,WR,,2,0.17,,0.0425531914893617,1.0,0.036511156186612576,9.0,1.0,11.5,2.5,0.0,0.0,,0.0,,,0.0,0,0,0.0,,,0,23,0,0
00-0037525,Jordan Mason,2025,MIN,RB,,16,0.4275,,0.03524229074889868,1.0,-0.014168937329700272,-3.25,0.875,3.1875,7.285714285714286,0.4162303664921466,9.9375,4.767295597484277,0.01098901098901099,0.5370370370370371,0.5384615384615384,0.0,6,0,0.0,,,0,51,758,0
00-0037539,Lucas Krull,2025,DEN,TE,,2,0.29,,0.06666666666666667,2.0,0.043478260869565216,5.0,0.5,3.75,2.0,0.0,0.0,,0.0,,,0.0,0,0,0.0,,,0,15,0,0
00-0037545,Rashid Shaheed,2025,SEA,WR,,18,0.5961904761904762,,0.16696914700544466,5.111111111111111,0.25089349535382416,11.445652173913043,0.6413043478260869,7.467391304347826,3.0,0.018255578093306288,0.5,7.666666666666667,0.10843373493975904,0.012345679012345678,0.0,0.024096385542168676,0,2,0.0,,,0,687,69,0
00-0037557,Ronnie Rivers,2025,LA,RB,,6,0.027142857142857142,,0.0,0.0,0.0,,,,,0.05113636363636364,1.5,5.111111111111111,,0.0,0.0,,0,0,0.0,,,0,0,46,0
00-0037563,Malik Davis,2025,DAL,RB,,10,0.207,,0.014084507042253521,0.5,0.005800837898807605,3.6,0.4,3.2,3.0,0.1793103448275862,5.2,4.8076923076923075,0.0,0.1509433962264151,0.1111111111111111,0.0,2,0,0.0,,,0,16,250,0
00-0037594,Julius Chestnut,2025,TEN,RB,,16,0.03882352941176471,,0.004016064257028112,0.125,0.005925127928898465,11.0,0.0,0.0,,0.03125,0.6875,3.6363636363636362,0.0,0.09523809523809523,0.18181818181818182,0.0,0,0,0.0,,,0,0,40,0
00-0037614,John Metchie III,2025,NYJ,WR,,13,0.46125,,0.14076246334310852,3.6923076923076925,0.11697948494107377,5.583333333333333,0.6875,5.708333333333333,4.242424242424242,0.00821917808219178,0.23076923076923078,-1.6666666666666667,0.11904761904761904,0.0,0.0,0.047619047619047616,0,2,0.0,,,0,274,-5,0
00-0037617,Hassan Haskins,2025,LAC,RB,,11,0.0923076923076923,,0.0103359173126615,0.36363636363636365,-0.0009475679090334807,-0.75,1.0,3.25,4.0,0.06204379562043796,1.5454545454545454,2.764705882352941,0.0,0.0425531914893617,0.0,0.0,0,0,0.0,,,0,13,47,0
00-0037654,Tucker Fisk,2025,LAC,TE,,4,0.33545454545454545,,0.028169014084507043,1.0,0.020484171322160148,5.5,0.5,4.75,10.5,0.0,0.0,,0.0,,,0.0,0,0,0.0,,,0,19,0,0
00-0037664,Alec Pierce,2025,IND,WR,,15,0.8593333333333334,,0.17987152034261242,5.6,0.42984349703184027,18.964285714285715,0.5595238095238095,11.94047619047619,3.702127659574468,0.0,0.0,,0.1125,,,0.05,0,6,0.0,,,0,1003,0,0
00-0037666,Jalen Tolbert,2025,DAL,WR,,12,0.5130769230769231,,0.08056872037914692,2.8333333333333335,0.12944162436548223,12.0,0.5294117647058824,5.970588235294118,2.5555555555555554,0.0,0.0,,0.06578947368421052,,,0.02631578947368421,0,1,0.0,,,0,203,0,0
00-0037740,Garrett Wilson,2025,NYJ,WR,,7,0.87,,0.33714285714285713,8.428571428571429,0.485040797824116,9.067796610169491,0.6101694915254238,6.694915254237288,2.7777777777777777,0.0,0.0,,0.19230769230769232,,,0.07692307692307693,0,4,0.0,,,0,395,0,0
00-0037741,Jahan Dotson,2025,PHI,WR,,15,0.5661111111111111,,0.0851063829787234,2.4,0.14620653319283455,15.416666666666666,0.5,7.277777777777778,2.7777777777777777,0.0,0.0,,0.0847457627118644,,,0.0,0,1,0.0,,,0,262,0,0
00-0037742,Treylon Burks,2025,WAS,WR,,8,0.6012500000000001,,0.11956521739130435,2.75,0.17504435245416913,13.454545454545455,0.45454545454545453,5.909090909090909,3.4,0.0,0.0,,0.1111111111111111,,,0.1111111111111111,0,1,0.0,,1.0,0,130,0,0
00-0037744,Trey McBride,2025,ARI,TE,,17,0.9135294117647058,,0.2739059967585089,9.941176470588236,0.25303370786516854,6.662721893491124,0.7455621301775148,7.331360946745562,4.626984126984127,0.0,0.0,,0.2905982905982906,,,0.10256410256410256,0,11,0.0,,,0,1239,0,0
00-0037745,Velus Jones Jr.,2025,SEA,WR,,5,0.036,,0.0,0.0,0.0,,,,,0.02877697841726619,0.8,8.0,,0.0,0.0,,0,0,0.0,,,0,0,32,0
00-0037746,Brian Robinson,2025,SF,RB,,17,0.16894736842105262,,0.02185792349726776,0.7058823529411765,0.0,0.0,0.6666666666666666,2.0833333333333335,4.375,0.19126819126819128,5.411764705882353,4.3478260869565215,0.0392156862745098,0.13131313131313133,0.07692307692307693,0.00980392156862745,2,0,0.0,,,0,25,400,0
00-0037755,Jelani Woods,2025,NYJ,TE,,2,0.22749999999999998,,0.046153846153846156,1.5,0.019933554817275746,2.0,0.3333333333333333,1.3333333333333333,1.0,0.0,0.0,,0.1,,,0.0,0,0,0.0,,,0,4,0,0
00-0037801,KaVontae Turpin,2025,DAL,WR,,15,0.3546666666666667,,0.06972477064220184,2.533333333333333,0.07508305647840531,8.921052631578947,0.6842105263157895,10.421052631578947,8.23076923076923,0.040865384615384616,1.1333333333333333,5.235294117647059,0.05102040816326531,0.0,0.0,0.02040816326530612,0,2,0.0,,,0,396,89,0
00-0037805,Jeremy Ruckert,2025,NYJ,TE,,14,0.4717647058823529,,0.07493540051679587,2.0714285714285716,0.03754140596245859,3.5172413793103448,0.7931034482758621,6.172413793103448,4.304347826086956,0.0,0.0,,0.05454545454545454,,,0.03636363636363636,0,1,0.0,,,0,179,0,0
00-0037809,Chig Okonkwo,2025,TEN,TE,,17,0.6370588235294118,,0.14933837429111532,4.647058823529412,0.09331973482916879,4.632911392405063,0.7088607594936709,7.0886075949367084,6.107142857142857,0.0,0.0,,0.0847457627118644,,,0.05084745762711865,0,2,0.0,,,0,560,0,0
00-0037816,Romeo Doubs,2025,GB,WR,,16,0.7729411764705882,,0.18888888888888888,5.3125,0.2670440561161703,12.764705882352942,0.6470588235294118,8.51764705882353,2.963636363636364,0.0,0.0,,0.23684210526315788,,,0.11842105263157894,0,6,0.0,,,0,724,0,0
00-0037834,Brock Purdy,2025,SF,QB,,9,0.9681818181818183,,0.0,0.0,0.0,,,,,0.12177121771217712,3.6666666666666665,4.454545454545454,,0.1111111111111111,0.125,,3,0,0.9964912280701754,7.630281690140845,0.03728813559322034,20,0,147,2167
00-0037837,Calvin Austin III,2025,PIT,WR,,14,0.5399999999999999,,0.13033175355450238,3.9285714285714284,0.2459349593495935,11.0,0.5636363636363636,6.763636363636364,4.129032258064516,0.0,0.0,,0.056338028169014086,,,0.014084507042253521,0,3,0.0,,,0,372,0,0
00-0037838,Isaiah Likely,2025,BAL,TE,,12,0.5592857142857143,,0.12413793103448276,3.0,0.12114816378218658,7.972222222222222,0.75,8.527777777777779,4.333333333333333,0.0,0.0,,0.1111111111111111,,,0.037037037037037035,0,1,0.0,,,0,307,0,0
00-0037840,Kyren Williams,2025,LA,RB,,17,0.6689999999999999,,0.08605851979345955,2.9411764705882355,0.023165307635285397,2.5,0.72,5.62,4.305555555555555,0.556989247311828,15.235294117647058,4.833976833976834,0.08928571428571429,0.6162790697674418,0.5625,0.026785714285714284,10,3,0.0,,,0,281,1252,0
00-0038040,Zamir White,2025,LV,RB,,5,0.15833333333333333,,0.03821656050955414,1.2,-0.0022488755622188904,-0.5,0.6666666666666666,4.0,6.0,0.09836065573770492,2.4,2.6666666666666665,0.0,0.0,0.0,0.0,0,0,0.0,,,0,24,32,0
00-0038041,Jake Ferguson,2025,DAL,TE,,17,0.6670588235294117,,0.16803953871499178,6.0,0.09644670050761421,4.6568627450980395,0.803921568627451,5.882352941176471,3.7439024390243905,0.0021551724137931034,0.058823529411764705,1.0,0.22123893805309736,0.0,0.0,0.12389380530973451,0,8,0.0,,,0,600,1,0
00-0038046,Charlie Kolar,2025,BAL,TE,,13,0.4035294117647059,,0.04792332268370607,1.1538461538461537,0.04053537284894838,7.066666666666666,0.6666666666666666,9.466666666666667,5.2,0.0,0.0,,0.04838709677419355,,,0.03225806451612903,0,2,0.0,,,0,142,0,0
00-0038090,Skyy Moore,2025,SF,WR,,17,0.10736842105263159,,0.012750455373406194,0.4117647058823529,0.026595744680851064,15.714285714285714,0.7142857142857143,12.428571428571429,5.8,0.004158004158004158,0.11764705882352941,5.5,0.0,0.0,0.0,0.0,0,0,0.0,,,0,87,11,0
00-0038102,Kenny Pickett,2025,LV,QB,,6,0.28500000000000003,,0.0,0.0,0.0,,,,,0.044642857142857144,0.8333333333333334,4.4,,0.0,0.0,,0,0,0.2848101265822785,4.177777777777778,0.1509433962264151,1,0,22,188
00-0038104,Tyquan Thornton,2025,KC,WR,,12,0.39,,0.08872901678657075,3.0833333333333335,0.28051874823794753,26.89189189189189,0.5135135135135135,11.837837837837839,3.1052631578947367,0.0,0.0,,0.05128205128205128,,,0.02564102564102564,0,3,0.0,,,0,438,0,0
00-0038115,Daniel Bellinger,2025,NYG,TE,,13,0.499375,,0.06372549019607843,2.0,0.06783430636641646,9.384615384615385,0.7307692307692307,11.0,6.947368421052632,0.0,0.0,,0.07792207792207792,,,0.012987012987012988,0,2,0.0,,,0,286,0,0
00-0038117,Wan'Dale Robinson,2025,NYG,WR,,16,0.9075,,0.29723991507430997,8.75,0.28733962720890827,8.478571428571428,0.6571428571428571,7.242857142857143,4.195652173913044,0.006276150627615063,0.1875,1.6666666666666667,0.17721518987341772,0.0,0.0,0.0759493670886076,0,4,0.0,,,0,1014,5,0
00-0038120,Breece Hall,2025,NYJ,RB,,16,0.64375,,0.10690423162583519,3.0,0.004455760661998727,0.2916666666666667,0.75,7.291666666666667,8.916666666666666,0.5612009237875288,15.1875,4.382716049382716,0.140625,0.4,0.3333333333333333,0.046875,4,1,0.0021231422505307855,4.0,0.0,1,350,1065,4
00-0038124,Christian Watson,2025,GB,WR,,10,0.6881818181818182,,0.19230769230769232,5.5,0.35800659582264566,17.763636363636362,0.6363636363636364,11.10909090909091,3.3714285714285714,0.0035714285714285713,0.1,3.0,0.125,0.019230769230769232,0.0,0.08333333333333333,0,6,0.0,,,0,611,3,0
00-0038128,Malik Willis,2025,GB,QB,,4,0.4225,,0.0,0.0,0.0,,,,,0.1746031746031746,5.5,5.590909090909091,,0.18518518518518517,0.1,,2,0,0.36082474226804123,12.057142857142857,0.07894736842105263,3,0,123,422
00-0038129,Cade Otton,2025,TB,TE,,15,0.9349999999999999,,0.16910229645093947,5.4,0.11215203426124197,5.172839506172839,0.7283950617283951,7.061728395061729,5.237288135593221,0.0,0.0,,0.1,,,0.04285714285714286,0,1,0.0,,,0,572,0,0
00-0038134,Kenneth Walker III,2025,SEA,RB,,17,0.49350000000000005,,0.07912087912087912,2.1176470588235294,-0.011177753544165758,-1.1388888888888888,0.8611111111111112,7.833333333333333,10.935483870967742,0.4358974358974359,13.0,4.647058823529412,0.0410958904109589,0.3541666666666667,0.2857142857142857,0.0136986301369863,5,0,0.0,,,0,282,1027,0
00-0038359,Xavier Smith,2025,LA,WR,,16,0.2142105263157895,,0.043875685557586835,1.5,0.07870190439176059,16.875,0.75,12.625,5.944444444444445,0.0,0.0,,0.028037383177570093,,,0.0,0,0,0.0,,,0,303,0,0
00-0038393,Dontayvion Wicks,2025,GB,WR,,13,0.44642857142857145,,0.12885154061624648,3.5384615384615383,0.15829761175750154,11.23913043478261,0.6521739130434783,7.217391304347826,2.2333333333333334,0.002631578947368421,0.07692307692307693,6.0,0.06557377049180328,0.0,0.0,0.01639344262295082,0,2,0.0,,,0,332,6,0
00-0038394,Will Mallory,2025,IND,TE,,1,0.135,,0.034482758620689655,1.0,0.07339449541284404,16.0,1.0,16.0,0.0,0.0,0.0,,0.0,,,0.0,0,0,0.0,,,0,16,0,0
00-0038396,Eric Gray,2025,NYG,RB,,1,0.0125,,0.0,0.0,0.0,,,,,0.0,0.0,,,,,,0,0,0.0,,,0,0,0,0
00-0038397,Evan Hull,2025,NO,RB,,6,0.19166666666666665,,0.0051813471502590676,0.16666666666666666,-0.002443494196701283,-4.0,1.0,6.0,10.0,0.12025316455696203,3.1666666666666665,2.526315789473684,0.0,0.14285714285714285,0.0,0.0,0,0,0.0,,,0,6,48,0
00-0038400,Tanner McKee,2025,PHI,QB,,4,0.345,,0.0,0.0,0.0,,,,,0.06015037593984962,2.0,1.0,,0.0,0.0,,0,0,0.39814814814814814,6.372093023255814,0.06521739130434782,1,0,8,274
00-0038409,Lew Nichols III,2025,PIT,RB,,1,0.0,,0.0,0.0,0.0,,,,,0.0,0.0,,,,,,0,0,0.0,,,0,0,0,0
00-0038416,Tyson Bagent,2025,CHI,QB,,2,0.06666666666666667,,0.0,0.0,0.0,,,,,0.03125,1.0,3.5,,0.0,0.0,,0,0,0.05714285714285714,11.75,0.0,0,0,7,47
00-0038440,Zavier Scott,2025,MIN,RB,,11,0.10187500000000001,,0.05128205128205128,1.4545454545454546,0.007592675301473872,1.0625,0.875,6.125,7.5,0.11552346570397112,2.909090909090909,3.5625,0.045454545454545456,0.07142857142857142,0.09090909090909091,0.0,0,1,0.0,,,0,98,114,0
00-0038454,Keaton Mitchell,2025,BAL,RB,,13,0.17461538461538462,,0.039735099337748346,0.9230769230769231,-0.01120896717373899,-2.3333333333333335,0.75,5.25,9.444444444444445,0.14014251781472684,4.538461538461538,5.779661016949152,0.0,0.15217391304347827,0.0,0.0,1,0,0.0,,,0,63,341,0
00-0038456,Travis Vokolek,2025,ARI,TE,,1,0.10800000000000001,,0.0,0.0,0.0,,,,,0.0,0.0,,,,,,0,0,0.0,,,0,0,0,0
00-0038458,Owen Wright,2025,TB,RB,,2,0.03333333333333333,,0.0,0.0,0.0,,,,,0.04411764705882353,1.5,2.0,,0.0,0.0,,0,0,0.0,,,0,0,6,0
00-0038465,Malik Heath,2025,GB,WR,,7,0.3018181818181818,,0.03255813953488372,1.0,0.0384387936132466,9.285714285714286,0.8571428571428571,12.285714285714286,4.833333333333333,0.0,0.0,,0.0,,,0.0,0,0,0.0,,,0,86,0,0
00-0038488,Brady Russell,2025,SEA,RB,,10,0.053000000000000005,,0.0037313432835820895,0.1,0.0,0.0,0.0,0.0,,0.0,0.0,,0.0,,,0.0,0,0,0.0,,,0,0,0,0
00-0038492,Jason Brownlee,2025,KC,WR,,3,0.06833333333333334,,0.009433962264150943,0.3333333333333333,0.011152416356877323,9.0,0.0,0.0,,0.0,0.0,,0.045454545454545456,,,0.045454545454545456,0,0,0.0,,,0,0,0,0
00-0038496,Xavier Gipson,2025,PHI,WR,,6,0.021428571428571432,,0.013333333333333334,0.3333333333333333,-0.006228373702422145,-4.5,1.0,3.0,7.5,0.0,0.0,,0.06666666666666667,,,0.0,0,0,0.0,,,0,6,0,0
00-0038498,E.J. Jenkins,2025,PHI,TE,,1,0.095,,0.0,0.0,0.0,,,,,0.0,0.0,,,,,,0,0,0.0,,,0,0,0,0
00-0038519,Nikko Remigio,2025,KC,WR,,14,0.032857142857142856,,0.002127659574468085,0.07142857142857142,0.004891304347826087,18.0,1.0,21.0,3.0,0.002785515320334262,0.07142857142857142,11.0,0.0,0.0,0.0,0.0,0,0,0.0,,,0,21,11,0
00-0038542,Bijan Robinson,2025,ATL,RB,,17,0.7817647058823529,,0.19884169884169883,6.0588235294117645,0.02414535022710973,0.9805825242718447,0.7669902912621359,7.961165048543689,10.848101265822784,0.6016771488469602,16.88235294117647,5.149825783972125,0.18571428571428572,0.5,0.4583333333333333,0.05714285714285714,7,4,0.0,,,0,820,1478,0
00-0038543,Jaxon Smith-Njigba,2025,SEA,WR,,17,0.7695000000000001,,0.35824175824175825,9.588235294117647,0.49972737186477645,11.245398773006135,0.7300613496932515,11.0,4.436974789915967,0.013806706114398421,0.4117647058823529,5.142857142857143,0.2328767123287671,0.0,0.0,0.0958904109589041,0,10,0.0,,,0,1793,36,0
00-0038544,Quentin Johnston,2025,LAC,WR,,13,0.7686666666666666,,0.20192307692307693,6.461538461538462,0.28994429785986514,11.773809523809524,0.6071428571428571,8.75,4.333333333333333,0.005747126436781609,0.15384615384615385,3.5,0.2112676056338028,0.0,0.0,0.09859154929577464,0,8,0.0,,,0,735,7,0
00-0038547,Luke Schoonmaker,2025,DAL,TE,,14,0.32941176470588235,,0.04483430799220273,1.6428571428571428,0.039417104634495936,7.173913043478261,0.6086956521739131,5.739130434782608,5.857142857142857,0.0,0.0,,0.02197802197802198,,,0.0,0,0,0.0,,,0,132,0,0
00-0038551,Kendre Miller,2025,NO,RB,,7,0.24285714285714285,,0.021834061135371178,0.7142857142857143,-0.0027292576419213972,-1.0,1.0,6.0,7.0,0.2568306010928962,6.714285714285714,4.1063829787234045,0.0,0.19230769230769232,0.0,0.0,1,0,0.0,,,0,30,193,0
00-0038555,Tank Bigsby,2025,PHI,RB,,15,0.12555555555555556,,0.00966183574879227,0.26666666666666666,-0.0015641293013555788,-1.5,0.75,8.0,13.0,0.15,4.2,5.650793650793651,0.015625,0.21428571428571427,0.23076923076923078,0.0,2,0,0.0,,,0,32,356,0
00-0038558,Darnell Washington,2025,PIT,TE,,13,0.5725,,0.10886075949367088,3.3076923076923075,0.10104384133611691,5.627906976744186,0.7209302325581395,8.465116279069768,7.387096774193548,0.0,0.0,,0.125,,,0.06944444444444445,0,1,0.0,,,0,364,0,0
00-0038559,Michael Wilson,2025,ARI,WR,,17,0.8135294117647058,,0.20421393841166938,7.411764705882353,0.33752808988764044,11.920634920634921,0.6190476190476191,7.984126984126984,3.5,0.0,0.0,,0.1452991452991453,,,0.042735042735042736,0,7,0.0,,,0,1006,0,0
00-0038563,Tre Tucker,2025,LV,WR,,17,0.9482352941176471,,0.18661257606490872,5.411764705882353,0.29246168282765095,10.16304347826087,0.6195652173913043,7.565217391304348,5.105263157894737,0.029891304347826088,0.6470588235294118,4.636363636363637,0.14285714285714285,0.02127659574468085,0.0,0.07142857142857142,0,5,0.0,,,0,696,51,0
00-0038564,Cameron Latu,2025,PHI,TE,,10,0.104375,,0.0,0.0,0.0,,,,,0.0,0.0,,,,,,0,0,0.0,,,0,0,0,0
00-0038573,Derius Davis,2025,LAC,WR,,11,0.1075,,0.008571428571428572,0.2727272727272727,0.010714285714285714,11.0,0.6666666666666666,3.3333333333333335,4.0,0.006309148264984227,0.18181818181818182,2.5,0.0,0.0,0.0,0.0,0,0,0.0,,,0,10,5,0
00-0038576,Charlie Jones,2025,CIN,WR,,14,0.02142857142857143,,0.001976284584980237,0.07142857142857142,0.010714285714285714,42.0,0.0,0.0,,0.0,0.0,,0.0,,,0.0,0,0,0.0,,,0,0,0,0
00-0038579,Aidan O'Connell,2025,LV,QB,,1,0.82,,0.0,0.0,0.0,,,,,0.03225806451612903,1.0,7.0,,0.0,0.0,,0,0,0.8461538461538461,4.636363636363637,0.043478260869565216,0,0,7,102
00-0038582,Clayton Tune,2025,GB,QB,,2,0.585,,0.0,0.0,0.0,,,,,0.09615384615384616,2.5,4.6,,0.0,,,0,0,0.4166666666666667,2.8,0.25,0,0,23,42
00-0038589,Josh Whyle,2025,GB,TE,,6,0.3922222222222222,,0.045112781954887216,1.0,0.016690856313497822,3.8333333333333335,0.8333333333333334,6.0,4.2,0.0,0.0,,0.0625,,,0.0625,0,1,0.0,,,0,36,0,0
00-0038590,Justin Shorter,2025,LV,TE,,3,0.012857142857142857,,0.0,0.0,0.0,,,,,0.0,0.0,,,,,,0,0,0.0,,,0,0,0,0
00-0038597,Chase Brown,2025,CIN,RB,,17,0.6658823529411765,,0.14497528830313014,5.176470588235294,0.010085507564130673,0.5227272727272727,0.7840909090909091,4.965909090909091,6.521739130434782,0.6089238845144357,13.647058823529411,4.392241379310345,0.13043478260869565,0.6271186440677966,0.65,0.07608695652173914,6,5,0.0,,,0,437,1019,0
00-0038606,Parker Washington,2025,JAX,WR,,16,0.6194117647058823,,0.20169851380042464,5.9375,0.28315839694656486,12.494736842105263,0.6105263157894737,8.91578947368421,4.568965517241379,0.015350877192982455,0.4375,0.0,0.19047619047619047,0.009259259259259259,0.03125,0.07142857142857142,0,5,0.0,,,0,847,0,0
00-0038608,Kayshon Boutte,2025,NE,WR,,14,0.6755555555555556,,0.11645569620253164,3.2857142857142856,0.2216860630144763,16.97826086956522,0.717391304347826,11.978260869565217,1.1515151515151516,0.0,0.0,,0.057971014492753624,,,0.028985507246376812,0,6,0.0,,,0,551,0,0
00-0038611,Chris Rodriguez Jr.,2025,WAS,RB,,12,0.3123076923076923,,0.013245033112582781,0.3333333333333333,0.006123230003827019,4.0,0.75,7.5,8.666666666666666,0.3209169054441261,9.333333333333334,4.464285714285714,0.0196078431372549,0.4177215189873418,0.3888888888888889,0.0,6,0,0.0,,,0,30,500,0
00-0038618,Xavier Hutchinson,2025,HOU,WR,,16,0.5931578947368421,,0.11198428290766209,3.5625,0.13977979894686454,10.24561403508772,0.6140350877192983,7.508771929824562,4.171428571428572,0.006622516556291391,0.1875,7.333333333333333,0.09210526315789473,0.014285714285714285,0.0,0.05263157894736842,0,3,0.0,,,0,428,22,0
00-0038619,Andrei Iosivas,2025,CIN,WR,,15,0.7617647058823529,,0.1039426523297491,3.8666666666666667,0.14198687910028115,10.448275862068966,0.5689655172413793,7.5,3.121212121212121,0.008902077151335312,0.2,4.666666666666667,0.08045977011494253,0.0,0.0,0.04597701149425287,0,2,0.0,,,0,435,14,0
00-0038621,DeMario Douglas,2025,NE,WR,,16,0.2661904761904762,,0.0989247311827957,2.875,0.102818853974122,9.673913043478262,0.6739130434782609,9.717391304347826,6.903225806451613,0.015053763440860216,0.4375,3.0,0.08974358974358974,0.011904761904761904,0.0,0.05128205128205128,0,3,0.0,,,0,447,21,0
00-0038640,Jalen Brooks,2025,ARI,WR,,5,0.3,,0.03592814371257485,1.2,0.05275407292474787,11.333333333333334,0.5,8.5,6.333333333333333,0.0,0.0,,0.0,,,0.0,0,0,0.0,,,0,51,0,0
00-0038643,Brayden Willis,2025,SF,TE,,6,0.02428571428571429,,0.004329004329004329,0.16666666666666666,0.0011614401858304297,2.0,0.0,0.0,,0.0,0.0,,0.0,,,0.0,0,0,0.0,,,0,0,0,0
00-0038647,Ronnie Bell,2025,NO,WR,,2,0.28500000000000003,,0.06557377049180328,2.0,0.13953488372093023,19.5,0.5,5.75,0.5,0.0,0.0,,0.25,,,0.0,0,1,0.0,,,0,23,0,0
00-0038658,Adrian Martinez,2025,SF,QB,,1,,,0.0,0.0,0.0,,,,,0.02564102564102564,1.0,-1.0,,,,,0,0,0.0,,,0,0,-1,0
00-0038678,Jordan Mims,2025,TEN,RB,,1,0.0,,0.0,0.0,0.0,,,,,0.0,0.0,,,,,,0,0,0.0,,,0,0,0,0
00-0038679,Tyrell Shavers,2025,BUF,WR,,11,0.40388888888888885,,0.076158940397351,2.090909090909091,0.12861458782908933,12.956521739130435,0.6521739130434783,10.652173913043478,4.266666666666667,0.0,0.0,,0.0,,,0.0,0,1,0.0,,,0,245,0,0
00-0038685,Chris Brooks,2025,GB,RB,,17,0.20444444444444446,,0.03695652173913044,1.0,0.0014677103718199608,0.35294117647058826,0.7647058823529411,5.352941176470588,8.153846153846153,0.054878048780487805,1.588235294117647,3.925925925925926,0.03896103896103896,0.031914893617021274,0.0,0.0,0,0,0.0,,,0,91,106,0
00-0038705,Emari Demercado,2025,ARI,RB,,12,0.2323076923076923,,0.04640371229698376,1.6666666666666667,0.0039177277179236044,0.6,0.65,5.05,6.461538461538462,0.16730038022813687,3.6666666666666665,7.090909090909091,0.04819277108433735,0.12195121951219512,0.0,0.03614457831325301,0,1,0.0,,,0,101,312,0
00-0038710,Blake Whiteheart,2025,CLE,TE,,9,0.23705882352941177,,0.022058823529411766,0.6666666666666666,0.02141434262948207,7.166666666666667,0.3333333333333333,0.6666666666666666,0.5,0.0,0.0,,0.0,,,0.0,0,0,0.0,,,0,4,0,0
00-0038720,Julian Hill,2025,MIA,TE,,11,0.55,,0.06779661016949153,1.8181818181818181,0.030726256983240222,3.3,0.75,7.0,7.4,0.0,0.0,,0.07272727272727272,,,0.01818181818181818,0,0,0.0,,,0,140,0,0
00-0038728,Jared Wayne,2025,HOU,WR,,1,0.44,,0.05263157894736842,2.0,0.053125,8.5,1.0,10.0,1.5,0.0,0.0,,0.0,,,0.0,0,0,0.0,,,0,20,0,0
00-0038735,Princeton Fant,2025,DAL,TE,,1,0.0,,0.0,0.0,0.0,,,,,0.0,0.0,,,,,,0,0,0.0,,,0,0,0,0
00-0038738,Hunter Luepke,2025,DAL,RB,,14,0.21058823529411766,,0.030425963488843813,1.0714285714285714,-0.0007345739471106758,-0.2,0.8666666666666667,7.266666666666667,9.153846153846153,0.04040404040404041,1.1428571428571428,4.4375,0.043478260869565216,0.013513513513513514,0.0,0.021739130434782608,0,1,0.0,,,0,109,71,0
00-0038740,Jalen Moreno-Cropper,2025,DAL,WR,,2,0.043333333333333335,,0.0,0.0,0.0,,,,,0.0,0.0,,,,,,0,0,0.0,,,0,0,0,0
00-0038752,Jake Bobo,2025,SEA,WR,,5,0.18071428571428574,,0.014492753623188406,0.4,0.011854360711261643,7.0,1.0,10.0,3.0,0.0,0.0,,0.0,,,0.0,0,0,0.0,,,0,20,0,0
00-0038783,Nate Adkins,2025,DEN,TE,,6,0.3318181818181818,,0.04888888888888889,1.8333333333333333,0.018597236981934114,3.1818181818181817,0.5454545454545454,4.363636363636363,4.333333333333333,0.0,0.0,,0.04878048780487805,,,0.024390243902439025,0,1,0.0,,,0,48,0,0
00-0038794,Jaleel McLaughlin,2025,DEN,RB,,8,0.159,,0.021505376344086023,0.75,-0.0126861555432984,-3.8333333333333335,0.6666666666666666,4.5,9.75,0.17452830188679244,4.625,5.054054054054054,0.0,0.125,0.1,0.0,1,0,0.0,,,0,27,187,0
00-0038797,Emanuel Wilson,2025,GB,RB,,17,0.3038888888888889,,0.03695652173913044,1.0,-0.007827788649706457,-1.8823529411764706,0.8823529411764706,5.823529411764706,8.866666666666667,0.2540650406504065,7.352941176470588,3.968,0.03896103896103896,0.2553191489361702,0.14814814814814814,0.025974025974025976,3,0,0.0,,,0,99,496,0
00-0038809,Ben Sims,2025,MIN,TE,,3,0.12545454545454546,,0.08955223880597014,2.0,0.1806930693069307,12.166666666666666,0.5,5.0,1.6666666666666667,0.0,0.0,,0.07692307692307693,,,0.0,0,0,0.0,,,0,30,0,0
00-0038824,Ryan Miller,2025,TB,WR,,9,0.1453846153846154,,0.013745704467353952,0.4444444444444444,0.029045643153526972,17.5,0.5,8.5,0.0,0.0,0.0,,0.023255813953488372,,,0.0,0,1,0.0,,,0,34,0,0
00-0038839,Mitchell Tinsley,2025,CIN,WR,,8,0.24647058823529414,,0.08540925266903915,3.0,0.15782434239857335,14.75,0.3333333333333333,4.833333333333333,2.0,0.0,0.0,,0.12195121951219512,,,0.024390243902439025,0,2,0.0,,,0,116,0,0
00-0038840,Brycen Tremayne,2025,CAR,WR,,15,0.2435294117647059,,0.04128440366972477,1.2,0.05289757412398922,8.722222222222221,0.7777777777777778,8.88888888888889,4.142857142857143,0.0,0.0,,0.013157894736842105,,,0.0,0,0,0.0,,,0,160,0,0
00-0038891,Shedrick Jackson,2025,LV,WR,,3,0.09,,0.06097560975609756,1.6666666666666667,0.12347560975609756,16.2,0.8,11.2,1.0,0.015873015873015872,0.3333333333333333,3.0,0.0,0.0,0.0,0.0,0,1,0.0,,,0,56,3,0
00-0038896,Jacob Saylors,2025,DET,RB,,11,0.008125,,0.0,0.0,0.0,,,,,0.007194244604316547,0.18181818181818182,5.5,,0.0,0.0,,0,0,0.0,,,0,0,11,0
00-0038911,Malik Cunningham,2025,DET,WR,,1,0.02,,0.0,0.0,0.0,,,,,0.045454545454545456,1.0,1.0,,0.0,0.0,,0,0,0.0,,,0,0,1,0
00-0038933,Dalton Kincaid,2025,BUF,TE,,12,0.3871428571428571,,0.14626865671641792,4.083333333333333,0.1931063122923588,9.489795918367347,0.7959183673469388,11.653061224489797,6.641025641025641,0.0,0.0,,0.1267605633802817,,,0.07042253521126761,0,5,0.0,,,0,571,0,0
00-0038935,Brenton Strange,2025,JAX,TE,,12,0.7584615384615384,,0.16853932584269662,5.0,0.12949640287769784,6.9,0.7666666666666667,9.0,5.369565217391305,0.0,0.0,,0.136986301369863,,,0.0410958904109589,0,3,0.0,,,0,540,0,0
00-0038938,Jalin Hyatt,2025,NYG,WR,,6,0.29375,,0.07179487179487179,2.3333333333333335,0.15963511972633979,20.0,0.35714285714285715,2.5,0.4,0.0,0.0,,0.038461538461538464,,,0.0,0,0,0.0,,,0,35,0,0
00-0038951,Sean Tucker,2025,TB,RB,,17,0.15823529411764706,,0.020370370370370372,0.6470588235294118,-0.0023062730627306273,-0.9090909090909091,0.7272727272727273,3.090909090909091,6.125,0.18220338983050846,5.0588235294117645,3.7209302325581395,0.03614457831325301,0.3181818181818182,0.5,0.012048192771084338,7,1,0.0,,,0,34,320,0
00-0038953,Dylan Drummond,2025,ATL,WR,,6,0.21111111111111114,,0.06470588235294118,1.8333333333333333,0.06756756756756757,7.7272727272727275,0.6363636363636364,3.8181818181818183,2.0,0.0,0.0,,0.13793103448275862,,,0.06896551724137931,0,0,0.0,,,0,42,0,0
00-0038976,Marvin Mims Jr.,2025,DEN,WR,,15,0.4023529411764706,,0.09770114942528736,3.4,0.12856374394835934,9.372549019607844,0.7254901960784313,6.313725490196078,6.243243243243243,0.029556650246305417,0.8,6.5,0.03260869565217391,0.028169014084507043,0.0,0.010869565217391304,1,1,0.0,,,0,322,78,0
00-0038979,Cedric Tillman,2025,CLE,WR,,12,0.6184615384615384,,0.10955056179775281,3.25,0.1849041533546326,11.871794871794872,0.5384615384615384,6.923076923076923,2.9523809523809526,0.0,0.0,,0.11428571428571428,,,0.05714285714285714,0,2,0.0,,,0,270,0,0
00-0038994,Jordan Addison,2025,MIN,WR,,14,0.8514285714285714,,0.19602977667493796,5.642857142857143,0.3417481855474913,13.708860759493671,0.5316455696202531,7.7215189873417724,3.3095238095238093,0.005988023952095809,0.14285714285714285,40.5,0.16883116883116883,0.0,0.0,0.06493506493506493,1,3,0.0,,,0,610,81,0
00-0038996,Tucker Kraft,2025,GB,TE,,8,0.86,,0.18803418803418803,5.5,0.10888407367280607,4.568181818181818,0.7272727272727273,11.113636363636363,10.75,0.0043859649122807015,0.125,3.0,0.27906976744186046,0.0,0.0,0.06976744186046512,0,6,0.0,,,0,489,3,0
00-0038997,Josh Downs,2025,IND,WR,,16,0.586875,,0.17706237424547283,5.5,0.1673013455191673,7.488636363636363,0.6590909090909091,6.431818181818182,2.4827586206896552,0.004784688995215311,0.125,-1.0,0.17857142857142858,0.0,0.0,0.05952380952380952,0,4,0.0,,,0,566,-2,0
00-0039021,Roschon Johnson,2025,CHI,RB,,6,0.008571428571428572,,0.0,0.0,0.0,,,,,0.010638297872340425,0.3333333333333333,8.5,,0.0,0.0,,0,0,0.0,,,0,0,17,0
00-0039032,Tyjae Spears,2025,TEN,RB,,13,0.4592307692307692,,0.1201923076923077,3.8461538461538463,-0.03796632551997359,-2.3,0.9,5.28,8.022222222222222,0.2482758620689655,5.538461538461538,3.9305555555555554,0.14583333333333334,0.3225806451612903,0.3333333333333333,0.0625,2,0,0.0,,,0,264,283,0
00-0039040,De'Von Achane,2025,MIA,RB,,16,0.75375,,0.19406392694063926,5.3125,0.011174968071519796,0.4117647058823529,0.788235294117647,5.741176470588235,8.238805970149254,0.5847665847665847,14.875,5.6722689075630255,0.15942028985507245,0.5245901639344263,0.38461538461538464,0.07246376811594203,8,4,0.0,,,0,488,1350,0
00-0039041,Elijah Higgins,2025,ARI,TE,,17,0.4252941176470588,,0.059967585089141004,2.176470588235294,0.03325842696629214,4.0,0.8108108108108109,8.135135135135135,6.966666666666667,0.0,0.0,,0.042735042735042736,,,0.02564102564102564,0,0,0.0,,,0,301,0,0
00-0039050,Payne Durham,2025,TB,TE,,8,0.31764705882352945,,0.01568627450980392,0.5,0.008175779253960144,4.0,0.25,2.75,11.0,0.0,0.0,,0.02702702702702703,,,0.0,0,0,0.0,,,0,11,0,0
00-0039062,Jonathan Mingo,2025,DAL,WR,,5,0.20666666666666667,,0.028901734104046242,1.0,0.0607008760951189,19.4,0.2,5.0,4.0,0.0,0.0,,0.0,,,0.0,0,0,0.0,,,0,25,0,0
00-0039064,Zay Flowers,2025,BAL,WR,,17,0.8647058823529411,,0.28992628992628994,6.9411764705882355,0.3566350710900474,10.203389830508474,0.7288135593220338,10.26271186440678,5.325581395348837,0.01972386587771203,0.5882352941176471,6.2,0.16901408450704225,0.009433962264150943,0.0,0.08450704225352113,1,5,0.0,,,0,1211,62,0
00-0039065,Sam LaPorta,2025,DET,TE,,9,0.9066666666666667,,0.18631178707224336,5.444444444444445,0.15819531696173614,5.653061224489796,0.8163265306122449,9.979591836734693,6.85,0.0,0.0,,0.1276595744680851,,,0.06382978723404255,0,3,0.0,,,0,489,0,0
00-0039066,Michael Mayer,2025,LV,TE,,13,0.6176923076923077,,0.12919896640826872,3.8461538461538463,0.09482418016594231,4.8,0.7,6.56,5.6,0.0,0.0,,0.13333333333333333,,,0.06666666666666667,0,1,0.0,,,0,328,0,0
00-0039067,Rashee Rice,2025,KC,WR,,8,0.74875,,0.2867647058823529,9.75,0.15225225225225225,4.333333333333333,0.6794871794871795,7.32051282051282,7.811320754716981,0.0228310502283105,0.625,4.0,0.37254901960784315,0.057692307692307696,0.14285714285714285,0.29411764705882354,1,5,0.0,,,0,571,20,0
00-0039074,Davis Allen,2025,LA,TE,,15,0.48599999999999993,,0.0637065637065637,2.2,0.027225130890052355,3.9393939393939394,0.7272727272727273,6.303030303030303,5.708333333333333,0.0,0.0,,0.07,,,0.04,0,3,0.0,,,0,208,0,0
00-0039075,Puka Nacua,2025,LA,WR,,16,0.7052631578947368,,0.3029197080291971,10.375,0.31114643353864496,9.433734939759036,0.7771084337349398,10.331325301204819,5.162790697674419,0.022935779816513763,0.625,10.5,0.1650485436893204,0.012345679012345678,0.0,0.0970873786407767,1,10,0.0,,,0,1715,105,0
00-0039139,Jahmyr Gibbs,2025,DET,RB,,17,0.67,,0.1709090909090909,5.529411764705882,0.014701878573373264,0.574468085106383,0.8191489361702128,6.553191489361702,7.987012987012987,0.5510204081632653,14.294117647058824,5.032921810699588,0.1485148514851485,0.5777777777777777,0.37037037037037035,0.039603960396039604,13,5,0.0,,,0,616,1223,0
00-0039144,Luke Musgrave,2025,GB,TE,,13,0.4227777777777778,,0.08333333333333333,2.3846153846153846,0.07524752475247524,8.580645161290322,0.7741935483870968,8.129032258064516,2.875,0.0,0.0,,0.014705882352941176,,,0.0,0,0,0.0,,,0,252,0,0
00-0039146,Jayden Reed,2025,GB,WR,,5,0.445,,0.16923076923076924,4.4,0.1286843997124371,8.136363636363637,0.8636363636363636,9.409090909090908,4.473684210526316,0.022727272727272728,0.6,9.333333333333334,0.16,0.0,0.0,0.0,0,1,0.0,,,0,207,28,0
00-0039150,Bryce Young,2025,CAR,QB,,16,0.9694117647058824,,0.0,0.0,0.0,,,,,0.12471131639722864,3.375,4.0,,0.13846153846153847,0.15384615384615385,,2,0,0.9735234215885947,6.299163179916318,0.053465346534653464,23,0,216,3011
00-0039163,C.J. Stroud,2025,HOU,QB,,14,0.923125,,0.0,0.0,0.0,,,,,0.1188118811881188,3.4285714285714284,4.354166666666667,,0.1016949152542373,0.1111111111111111,,1,0,0.907725321888412,7.1891252955082745,0.0515695067264574,19,0,209,3041
00-0039164,Anthony Richardson,2025,IND,QB,,2,0.11499999999999999,,0.01818181818181818,0.5,0.004662004662004662,2.0,1.0,9.0,7.0,0.07547169811320754,2.0,-0.25,0.0,0.0,0.0,0.0,0,0,0.03508771929824561,4.5,0.0,0,9,-1,9
00-0039165,Zach Charbonnet,2025,SEA,RB,,16,0.4641176470588235,,0.05517241379310345,1.5,0.011454753722794959,1.6666666666666667,0.8333333333333334,6.0,6.15,0.3881856540084388,11.5,3.967391304347826,0.04477611940298507,0.5652173913043478,0.7307692307692307,0.014925373134328358,12,0,0.0,,,0,144,730,0
00-0039266,Kendall Milton,2025,CIN,RB,,1,0.06,,0.0,0.0,0.0,,,,,0.09090909090909091,2.0,1.0,,0.0,0.0,,0,0,0.0,,,0,0,2,0
00-0039299,George Holani,2025,SEA,RB,,10,0.09846153846153846,,0.007662835249042145,0.2,-0.0004175365344467641,-0.5,1.0,7.5,8.0,0.07166123778501629,2.2,3.3181818181818183,0.0,0.08064516129032258,0.0,0.0,1,0,0.0,,,0,15,73,0
00-0039305,Jack Westover,2025,NE,TE,,4,0.2357142857142857,,0.01818181818181818,0.5,0.0016233766233766235,1.0,0.5,0.0,0.0,0.0,0.0,,0.0,,,0.0,0,0,0.0,,,0,0,0,0
00-0039337,Malik Nabers,2025,NYG,WR,,4,0.795,,0.28688524590163933,8.75,0.5143651529193698,15.857142857142858,0.5142857142857142,7.742857142857143,2.888888888888889,0.0,0.0,,0.16,,,0.12,0,2,0.0,,,0,271,0,0
00-0039338,Brock Bowers,2025,LV,TE,,12,0.8591666666666667,,0.23626373626373626,7.166666666666667,0.22969647251845776,6.511627906976744,0.7441860465116279,7.906976744186046,4.765625,0.008032128514056224,0.16666666666666666,1.0,0.3673469387755102,0.0,0.0,0.20408163265306123,0,7,0.0,,,0,680,2,0
00-0039342,Xavier Legette,2025,CAR,WR,,15,0.66125,,0.1509433962264151,4.266666666666667,0.21508664627930682,9.890625,0.546875,5.671875,2.142857142857143,0.0024813895781637717,0.06666666666666667,0.0,0.16901408450704225,0.0,0.0,0.04225352112676056,0,3,0.0,,,0,363,0,0
00-0039355,Luke McCaffrey,2025,WAS,WR,,9,0.31666666666666665,,0.0625,1.6666666666666667,0.1111111111111111,14.533333333333333,0.7333333333333333,13.533333333333333,6.2727272727272725,0.0,0.0,,0.10344827586206896,,,0.06896551724137931,0,3,0.0,,,0,203,0,0
00-0039356,Ja'Tavion Sanders,2025,CAR,TE,,12,0.48307692307692307,,0.09742120343839542,2.8333333333333335,0.0673511293634497,4.823529411764706,0.8529411764705882,5.588235294117647,2.9655172413793105,0.0,0.0,,0.16129032258064516,,,0.03225806451612903,0,1,0.0,,,0,190,0,0
00-0039359,Cade Stover,2025,HOU,TE,,6,0.4690909090909091,,0.09142857142857143,2.6666666666666665,0.02329075882794891,1.9375,0.75,4.75,4.333333333333333,0.02247191011235955,0.6666666666666666,0.75,0.09375,0.08571428571428572,0.0,0.0625,0,0,0.0,,,0,76,3,0
00-0039361,Bucky Irving,2025,TB,RB,,10,0.616,,0.11290322580645161,3.5,-0.021866458414681766,-1.6,0.8571428571428571,7.914285714285715,12.0,0.5924657534246576,17.3,3.398843930635838,0.08695652173913043,0.5,0.0,0.021739130434782608,1,3,0.0,,,0,277,588,0
00-0039363,Isaac Guerendo,2025,SF,RB,,7,0.0,,0.0,0.0,0.0,,,,,0.0,0.0,,,,,,0,0,0.0,,,0,0,0,0
00-0039364,Sione Vaki,2025,DET,RB,,8,0.0009090909090909091,,0.0,0.0,0.0,,,,,0.004545454545454545,0.125,4.0,,0.0,0.0,,0,0,0.0,,,0,0,4,0
00-0039373,Audric Estimé,2025,NO,RB,,5,0.39285714285714285,,0.08176100628930817,2.6,-0.0014326647564469914,-0.15384615384615385,0.9230769230769231,7.923076923076923,9.0,0.3511450381679389,9.2,4.304347826086956,0.0,0.3,0.5,0.0,1,0,0.0,,,0,103,198,0
00-0039376,Spencer Rattler,2025,NO,QB,,9,0.8166666666666667,,0.0064516129032258064,0.2222222222222222,0.001589825119236884,2.0,0.5,0.0,0.0,0.13901345291479822,3.4444444444444446,5.387096774193548,0.02631578947368421,0.15625,0.25,0.02631578947368421,0,0,0.7956656346749226,6.171206225680934,0.06545454545454546,8,0,167,1586
00-0039379,Jamari Thrash,2025,CLE,WR,,8,0.35111111111111115,,0.05338078291814947,1.875,0.05818596691386195,6.8,0.6666666666666666,7.133333333333334,3.9,0.0,0.0,,0.023255813953488372,,,0.0,0,0,0.0,,,0,107,0,0
00-0039384,Tyrone Tracy Jr.,2025,NYG,RB,,15,0.5446666666666666,,0.10810810810810811,3.2,0.004919730709476955,0.3958333333333333,0.75,6.0,8.722222222222221,0.4009111617312073,11.733333333333333,4.204545454545454,0.06666666666666667,0.25,0.08,0.013333333333333334,2,2,0.0,,,0,288,740,0
00-0039391,Kimani Vidal,2025,LAC,RB,,13,0.5721428571428572,,0.05472636815920398,1.6923076923076923,-0.004433185560481318,-0.6363636363636364,0.7272727272727273,6.181818181818182,10.625,0.4246575342465753,11.923076923076923,4.148387096774194,0.09230769230769231,0.4406779661016949,0.4666666666666667,0.046153846153846156,3,1,0.0,,,0,136,643,0
00-0039394,Casey Washington,2025,ATL,WR,,5,0.37,,0.08484848484848485,2.8,0.18515901060070672,18.714285714285715,0.42857142857142855,6.714285714285714,2.0,0.0,0.0,,0.0,,,0.0,0,0,0.0,,,0,94,0,0
00-0039398,Joe Milton III,2025,DAL,QB,,4,0.21,,0.0,0.0,0.0,,,,,0.04807692307692308,1.25,10.0,,0.05263157894736842,0.125,,0,0,0.17647058823529413,7.625,0.0,1,0,50,183
00-0039405,Jawhar Jordan,2025,HOU,RB,,4,0.3,,0.06140350877192982,1.75,-0.007317073170731708,-0.8571428571428571,1.0,4.857142857142857,5.714285714285714,0.344,10.75,4.488372093023256,0.0,0.3125,0.16666666666666666,0.0,0,0,0.0,,,0,34,193,0
00-0039407,Dylan Laube,2025,LV,RB,,17,0.02882352941176471,,0.008113590263691683,0.23529411764705882,-0.001876759461995621,-1.5,0.75,4.5,8.0,0.019021739130434784,0.4117647058823529,1.2857142857142858,0.0,0.0,0.0,0.0,0,0,0.0,,,0,18,9,0
00-0039410,Ryan Flournoy,2025,DAL,WR,,15,0.4475,,0.10408921933085502,3.7333333333333334,0.11074144486692016,8.321428571428571,0.7142857142857143,8.482142857142858,5.1,0.010050251256281407,0.26666666666666666,6.25,0.06481481481481481,0.0,0.0,0.046296296296296294,0,4,0.0,,,0,475,25,0
00-0039424,Devaughn Vele,2025,NO,WR,,9,0.5015384615384616,,0.12580645161290321,4.333333333333333,0.17777777777777778,11.076923076923077,0.6410256410256411,7.512820512820513,1.36,0.0,0.0,,0.15151515151515152,,,0.12121212121212122,0,2,0.0,,,0,293,0,0
00-0039451,Isaiah Williams,2025,NYJ,WR,,15,0.36133333333333334,,0.08866995073891626,2.4,0.04431529240828187,3.388888888888889,0.7222222222222222,5.361111111111111,4.576923076923077,0.007594936708860759,0.2,11.333333333333334,0.018867924528301886,0.0,0.0,0.0,0,0,0.002352941176470588,0.0,0.0,0,193,34,0
00-0039458,Brenden Bates,2025,CLE,TE,,5,0.27,,0.03759398496240601,1.0,0.04020618556701031,7.8,0.8,9.6,2.5,0.0,0.0,,0.047619047619047616,,,0.047619047619047616,0,0,0.0,,,0,48,0,0
00-0039489,Hayden Rucci,2025,MIA,TE,,1,0.16999999999999998,,0.0,0.0,0.0,,,,,0.0,0.0,,,,,,0,0,0.0,,,0,0,0,0
00-0039491,Jalen Coker,2025,CAR,WR,,11,0.7091666666666666,,0.14878892733564014,3.909090909090909,0.22114895780376206,10.116279069767442,0.7674418604651163,9.162790697674419,3.090909090909091,0.0,0.0,,0.10869565217391304,,,0.08695652173913043,0,3,0.0,,,0,394,0,0
00-0039521,Xavier Weaver,2025,ARI,WR,,7,0.41,,0.04693140794223827,1.8571428571428572,0.09751142712036567,14.76923076923077,0.5384615384615384,5.153846153846154,2.857142857142857,0.0,0.0,,0.06976744186046512,,,0.0,0,0,0.0,,,0,67,0,0
00-0039530,Brevyn Spann-Ford,2025,DAL,TE,,16,0.24882352941176467,,0.022847100175746926,0.8125,0.02327098738581992,8.23076923076923,0.6923076923076923,6.923076923076923,3.6666666666666665,0.0,0.0,,0.018518518518518517,,,0.018518518518518517,0,1,0.0,,,0,90,0,0
00-0039577,Kedon Slovis,2025,ARI,QB,,2,0.03,,0.0,0.0,0.0,,,,,0.0,0.0,,,,,,0,0,0.021052631578947368,-1.0,0.0,0,0,0,-2
00-0039589,Kameron Johnson,2025,TB,WR,,17,0.09705882352941175,,0.012962962962962963,0.4117647058823529,0.02029520295202952,12.571428571428571,0.5714285714285714,9.142857142857142,5.0,0.00423728813559322,0.11764705882352941,6.5,0.0,0.0,0.0,0.0,0,1,0.0,,,0,64,13,0
00-0039603,British Brooks,2025,HOU,RB,,8,0.06058823529411765,,0.0,0.0,0.0,,,,,0.06938775510204082,2.125,4.588235294117647,,0.041666666666666664,0.11764705882352941,,0,0,0.0,,,0,0,78,0
00-0039623,Mason Tipton,2025,NO,WR,,8,0.30214285714285716,,0.06028368794326241,2.125,0.06242144951822371,8.764705882352942,0.6470588235294118,4.470588235294118,3.3636363636363638,0.020833333333333332,0.5,4.5,0.1,0.0,0.0,0.0,0,0,0.0,,,0,76,18,0
00-0039631,Cam Grandy,2025,CIN,TE,,2,0.092,,0.03508771929824561,1.0,-0.018292682926829267,-3.0,1.0,3.5,6.5,0.0,0.0,,0.0,,,0.0,0,0,0.0,,,0,7,0,0
00-0039648,David Martin-Robinson,2025,TEN,TE,,11,0.12705882352941178,,0.017964071856287425,0.5454545454545454,0.009137862534763607,3.8333333333333335,0.6666666666666666,5.0,4.0,0.0,0.0,,0.024390243902439025,,,0.024390243902439025,0,1,0.0,,,0,30,0,0
00-0039650,Bryce Oliver,2025,TEN,WR,,2,0.17333333333333334,,0.017857142857142856,0.5,0.012024048096192385,6.0,1.0,8.0,2.0,0.0,0.0,,0.0,,,0.0,0,0,0.0,,,0,8,0,0
00-0039686,Colson Yankoff,2025,WAS,TE,,10,0.12642857142857142,,0.011583011583011582,0.3,0.007305194805194805,6.0,0.6666666666666666,6.0,2.0,0.0,0.0,,0.0,,,0.0,0,0,0.0,,,0,18,0,0
00-0039710,Jeshaun Jones,2025,MIN,WR,,1,0.0,,0.0,0.0,0.0,,,,,0.0,0.0,,,,,,0,0,0.0,,,0,0,0,0
00-0039732,Bo Nix,2025,DEN,QB,,17,0.9966666666666667,,0.0017152658662092624,0.058823529411764705,0.00045672527974423386,2.0,0.0,0.0,,0.18201754385964913,4.882352941176471,4.289156626506024,0.010416666666666666,0.1891891891891892,0.047619047619047616,0.0,5,0,0.99836867862969,6.423202614379085,0.03470031545741325,25,0,356,3931
00-0039737,Tip Reiman,2025,ARI,TE,,3,0.37,,0.053763440860215055,1.6666666666666667,0.046263345195729534,5.2,0.6,3.6,2.3333333333333335,0.0,0.0,,0.0,,,0.0,0,0,0.0,,,0,18,0,0
00-0039738,Blake Corum,2025,LA,RB,,17,0.3035,,0.024096385542168676,0.8235294117647058,0.004633061527057079,1.7857142857142858,0.5714285714285714,2.5714285714285716,4.625,0.3118279569892473,8.529411764705882,5.144827586206897,0.008928571428571428,0.313953488372093,0.40625,0.0,6,0,0.0,,,0,36,746,0
00-0039739,Roman Wilson,2025,PIT,WR,,9,0.33076923076923076,,0.07806691449814127,2.3333333333333335,0.16151603498542275,13.19047619047619,0.5714285714285714,7.904761904761905,5.5,0.0,0.0,,0.023255813953488372,,,0.023255813953488372,0,2,0.0,,,0,166,0,0
00-0039746,Will Shipley,2025,PHI,RB,,14,0.11937500000000001,,0.031088082901554404,0.8571428571428571,-0.0029036004645760743,-0.8333333333333334,0.75,4.666666666666667,7.0,0.03723404255319149,1.0,3.5,0.019230769230769232,0.0,0.0,0.0,0,0,0.0,,,0,56,49,0
00-0039751,Jordan Whittington,2025,LA,WR,,15,0.3994736842105263,,0.04844961240310078,1.6666666666666667,0.035789033068229385,6.84,0.72,6.84,4.888888888888889,0.007653061224489796,0.2,4.0,0.010416666666666666,0.0136986301369863,0.0,0.0,0,0,0.0,,,0,171,12,0
00-0039754,Devin Culp,2025,TB,TE,,4,0.06461538461538462,,0.008403361344537815,0.25,0.005376344086021506,6.0,1.0,6.0,0.0,0.0,0.0,,0.05555555555555555,,,0.05555555555555555,0,1,0.0,,,0,6,0,0
00-0039757,Terrell Jennings,2025,NE,RB,,6,0.08285714285714287,,0.005988023952095809,0.16666666666666666,0.001229256299938537,2.0,1.0,9.0,7.0,0.12041884816753927,3.8333333333333335,3.1739130434782608,0.0,0.11764705882352941,0.16666666666666666,0.0,1,0,0.0,,,0,9,73,0
00-0039792,Devontez Walker,2025,BAL,WR,,8,0.24666666666666667,,0.04145077720207254,1.0,0.10864745011086474,24.5,0.75,17.0,3.8333333333333335,0.0,0.0,,0.041666666666666664,,,0.041666666666666664,0,3,0.0,,,0,136,0,0
00-0039793,AJ Barner,2025,SEA,TE,,17,0.7895,,0.14945054945054945,4.0,0.08097055616139585,4.367647058823529,0.7647058823529411,7.632352941176471,5.211538461538462,0.01972386587771203,0.5882352941176471,1.4,0.1780821917808219,0.03125,0.03571428571428571,0.0821917808219178,1,6,0.0,,,0,519,14,0
00-0039794,Braelon Allen,2025,NYJ,RB,,4,0.2325,,0.028846153846153848,0.75,0.011869436201780416,2.6666666666666665,0.6666666666666666,5.666666666666667,4.5,0.16216216216216217,4.5,4.222222222222222,0.16666666666666666,0.4117647058823529,0.2,0.16666666666666666,1,0,0.0,,,0,17,76,0
00-0039796,Rasheen Ali,2025,BAL,RB,,15,0.13,,0.03064066852367688,0.7333333333333333,-0.000328515111695138,-0.09090909090909091,0.8181818181818182,6.181818181818182,9.222222222222221,0.016018306636155607,0.4666666666666667,3.4285714285714284,0.017241379310344827,0.023809523809523808,0.0,0.0,0,1,0.0,,,0,68,24,0
00-0039798,Isaiah Davis,2025,NYJ,RB,,16,0.28,,0.062360801781737196,1.75,0.010184595798854232,1.1428571428571428,0.75,6.642857142857143,9.0,0.09930715935334873,2.6875,5.488372093023256,0.03125,0.15,0.0,0.015625,1,0,0.0,,,0,186,236,0
00-0039816,Anthony Gould,2025,IND,WR,,11,0.08727272727272727,,0.006042296072507553,0.18181818181818182,-0.0007555723460521345,-1.0,1.0,3.0,4.0,0.0,0.0,,0.0,,,0.0,0,0,0.0,,,0,6,0,0
00-0039824,Jared Wiley,2025,KC,TE,,2,0.098,,0.016129032258064516,0.5,-0.00936768149882904,-4.0,1.0,4.0,8.0,0.0,0.0,,0.0,,,0.0,0,0,0.0,,,0,4,0,0
00-0039847,Theo Johnson,2025,NYG,TE,,15,0.8673333333333333,,0.167420814479638,4.933333333333334,0.1544246678365505,8.324324324324325,0.6081081081081081,7.135135135135135,4.155555555555556,0.0,0.0,,0.2,,,0.08571428571428572,0,5,0.0,,,0,528,0,0
00-0039849,Marvin Harrison Jr.,2025,ARI,WR,,12,0.7125,,0.18024691358024691,6.083333333333333,0.32542139662882696,12.95890410958904,0.5616438356164384,8.32876712328767,2.902439024390244,0.0,0.0,,0.13924050632911392,,,0.0759493670886076,0,4,0.0,,,0,608,0,0
00-0039851,Drake Maye,2025,NE,QB,,17,0.9657142857142857,,0.002074688796680498,0.058823529411764705,-0.001787709497206704,-8.0,1.0,2.0,10.0,0.20850202429149797,6.0588235294117645,4.368932038834951,0.0,0.1978021978021978,0.13793103448275862,0.0,4,0,0.9800796812749004,8.93089430894309,0.08719851576994433,31,2,450,4394
00-0039855,Jalen McMillan,2025,TB,WR,,4,0.515,,0.12195121951219512,3.75,0.17497556207233628,11.933333333333334,0.8,11.866666666666667,4.916666666666667,0.008849557522123894,0.25,1.0,0.05,0.05263157894736842,0.0,0.0,0,0,0.0,,,0,178,1,0
00-0039868,Troy Franklin,2025,DEN,WR,,17,0.5727777777777778,,0.1783876500857633,6.117647058823529,0.30166704727106647,12.701923076923077,0.625,6.8173076923076925,4.338461538461538,0.010964912280701754,0.29411764705882354,2.4,0.21875,0.0,0.0,0.11458333333333333,0,6,0.0,,,0,709,12,0
00-0039874,Jaylen Wright,2025,MIA,RB,,9,0.215,,0.04285714285714286,1.0,-0.0225613802256138,-3.7777777777777777,0.5555555555555556,4.888888888888889,12.0,0.25735294117647056,7.777777777777778,4.114285714285714,0.0,0.2608695652173913,0.3333333333333333,0.0,2,0,0.0,,,0,44,288,0
00-0039875,Ray Davis,2025,BUF,RB,,17,0.1631578947368421,,0.027139874739039668,0.7647058823529411,0.000286368843069874,0.07692307692307693,0.7692307692307693,6.615384615384615,9.9,0.10603290676416818,3.411764705882353,4.741379310344827,0.056818181818181816,0.06306306306306306,0.046511627906976744,0.03409090909090909,0,2,0.0,,,0,86,275,0
00-0039880,Malik Washington,2025,MIA,WR,,17,0.57,,0.1406926406926407,3.823529411764706,0.10212121212121213,5.184615384615385,0.7076923076923077,4.876923076923077,5.5,0.03935185185185185,1.0,6.470588235294118,0.1506849315068493,0.04285714285714286,0.0,0.0958904109589041,1,3,0.0,,,0,317,110,0
00-0039884,Tahj Washington,2025,MIA,WR,,2,0.11285714285714286,,0.08196721311475409,2.5,0.2799097065462754,24.8,0.6,7.4,2.6666666666666665,0.0,0.0,,0.14285714285714285,,,0.0,0,0,0.0,,,0,37,0,0
00-0039890,Adonai Mitchell,2025,NYJ,WR,,16,0.50625,,0.15040650406504066,4.625,0.28497543315231444,14.891891891891891,0.44594594594594594,6.121621621621622,2.4242424242424243,0.002457002457002457,0.0625,-4.0,0.10810810810810811,0.0,0.0,0.02702702702702703,0,2,0.0,,,0,453,-4,0
00-0039893,Brian Thomas Jr.,2025,JAX,WR,,14,0.776,,0.21311475409836064,6.5,0.33597342871742464,14.45054945054945,0.5274725274725275,7.769230769230769,3.3125,0.007772020725388601,0.21428571428571427,7.0,0.09210526315789473,0.011627906976744186,0.0,0.06578947368421052,1,2,0.0,,,0,707,21,0
00-0039894,Xavier Worthy,2025,KC,WR,,14,0.7057142857142857,,0.16043956043956045,5.214285714285714,0.27291124602486266,12.931506849315069,0.5753424657534246,7.287671232876712,4.595238095238095,0.031161473087818695,0.7857142857142857,7.909090909090909,0.06593406593406594,0.0,0.0,0.02197802197802198,0,1,0.0,,,0,532,87,0
00-0039901,Keon Coleman,2025,BUF,WR,,12,0.624,,0.17352941176470588,4.916666666666667,0.2758476349937212,11.169491525423728,0.6440677966101694,6.8474576271186445,2.3157894736842106,0.0,0.0,,0.17391304347826086,,,0.13043478260869565,0,4,0.0,,,0,404,0,0
00-0039910,Jayden Daniels,2025,WAS,QB,,7,0.9028571428571429,,0.0,0.0,0.0,,,,,0.29441624365482233,8.285714285714286,4.793103448275862,,0.23333333333333334,0.42857142857142855,,2,0,0.9306930693069307,6.712765957446808,0.08737864077669903,8,0,278,1262
00-0039912,Ben Sinnott,2025,WAS,TE,,9,0.360625,,0.06132075471698113,1.4444444444444444,0.060090702947845805,8.153846153846153,0.8461538461538461,8.76923076923077,5.7272727272727275,0.0,0.0,,0.03225806451612903,,,0.03225806451612903,0,1,0.0,,,0,114,0,0
00-0039915,Ladd McConkey,2025,LAC,WR,,16,0.7811764705882352,,0.21157684630738524,6.625,0.25955334987593054,9.867924528301886,0.6226415094339622,7.443396226415095,4.696969696969697,0.0,0.0,,0.16853932584269662,,,0.06741573033707865,0,6,0.0,,,0,789,0,0
00-0039916,Ricky Pearsall,2025,SF,WR,,9,0.773,,0.1840277777777778,5.888888888888889,0.3456561922365989,14.11320754716981,0.6792452830188679,9.962264150943396,2.0555555555555554,0.0072992700729927005,0.2222222222222222,-1.0,0.07017543859649122,0.0,0.0,0.03508771929824561,0,0,0.0,,,0,528,-2,0
00-0039917,Michael Penix Jr.,2025,ATL,QB,,9,0.9322222222222223,,0.0,0.0,0.0,,,,,0.08333333333333333,2.3333333333333335,3.3333333333333335,,0.07142857142857142,0.15384615384615385,,1,0,0.9292929292929293,7.181159420289855,0.04498269896193772,9,0,70,1982
00-0039918,Caleb Williams,2025,CHI,QB,,17,0.991578947368421,,0.0037593984962406013,0.11764705882352941,-0.0006613756613756613,-1.5,1.0,11.0,12.5,0.15247524752475247,4.529411764705882,5.038961038961039,0.012195121951219513,0.17346938775510204,0.07142857142857142,0.012195121951219513,3,1,0.9895470383275261,6.940140845070423,0.04054054054054054,27,22,388,3942
00-0039919,Rome Odunze,2025,CHI,WR,,12,0.8592857142857142,,0.23684210526315788,7.5,0.38182372674595916,13.911111111111111,0.4888888888888889,7.344444444444444,4.863636363636363,0.0,0.0,,0.23636363636363636,,,0.10909090909090909,0,6,0.0,,,0,661,0,0
00-0039920,Malachi Corley,2025,CLE,WR,,12,0.24923076923076926,,0.04361370716510903,1.1666666666666667,-0.0032095369096744614,-0.5,0.7857142857142857,5.642857142857143,6.181818181818182,0.041666666666666664,1.0833333333333333,9.76923076923077,0.025,0.045454545454545456,0.07142857142857142,0.025,0,0,0.0,,,0,79,127,0
00-0039921,Trey Benson,2025,ARI,RB,,4,0.48250000000000004,,0.125,4.0,-0.030136986301369864,-1.375,0.8125,4.0,5.615384615384615,0.30851063829787234,7.25,5.517241379310345,0.10526315789473684,0.25,0.2,0.0,0,0,0.0,,,0,64,160,0
00-0039923,J.J. McCarthy,2025,MIN,QB,,10,0.916,,0.0,0.0,0.0,,,,,0.1434108527131783,3.7,4.891891891891892,,0.16216216216216217,0.14285714285714285,,4,0,0.9346153846153846,6.716049382716049,0.1,11,0,181,1632
00-0040009,Savion Williams,2025,GB,WR,,12,0.11499999999999999,,0.02967359050445104,0.8333333333333334,0.006188569348380051,1.7,1.0,7.8,6.1,0.03021978021978022,0.9166666666666666,3.3636363636363638,0.06666666666666667,0.012987012987012988,0.0,0.016666666666666666,0,1,0.0,,,0,78,37,0
00-0040021,Phil Mafah,2025,DAL,RB,,1,0.18,,0.08695652173913043,2.0,-0.0738255033557047,-5.5,1.0,5.5,11.0,0.16666666666666666,5.0,3.6,0.0,0.125,0.3333333333333333,0.0,1,0,0.0,,,0,11,18,0
00-0040024,Darius Cooper,2025,PHI,WR,,6,0.26071428571428573,,0.06285714285714286,1.8333333333333333,0.06257175660160735,9.909090909090908,0.8181818181818182,8.363636363636363,2.4444444444444446,0.0,0.0,,0.0,,,0.0,0,0,0.0,,,0,92,0,0
00-0040039,Amar Johnson,2025,LAC,RB,,1,0.04,,0.041666666666666664,1.0,-0.010471204188481676,-2.0,0.0,0.0,,0.125,2.0,4.0,0.0,,,0.0,0,0,0.0,,,0,0,8,0
00-0040058,Nick Kallerup,2025,SEA,TE,,4,0.21181818181818182,,0.00909090909090909,0.25,0.010498687664041995,8.0,0.0,0.0,,0.0,0.0,,0.07142857142857142,,,0.07142857142857142,0,0,0.0,,,0,0,0,0
00-0040067,Jacardia Wright,2025,SEA,RB,,1,0.09,,0.0,0.0,0.0,,,,,0.15151515151515152,5.0,4.0,,0.0,0.0,,0,0,0.0,,,0,0,20,0
00-0040075,LaJohntay Wester,2025,BAL,WR,,14,0.061764705882352944,,0.0,0.0,0.0,,,,,0.0,0.0,,,,,,0,0,0.0,,,0,0,0,0
00-0040078,Brashard Smith,2025,KC,RB,,17,0.16705882352941176,,0.06375227686703097,2.0588235294117645,-0.013029315960912053,-1.6,0.7142857142857143,4.914285714285715,9.28,0.10232558139534884,2.588235294117647,3.4318181818181817,0.06930693069306931,0.11363636363636363,0.047619047619047616,0.0297029702970297,0,1,0.0,,,0,172,151,0
00-0040122,Ashton Jeanty,2025,LV,RB,,17,0.7788235294117647,,0.14807302231237324,4.294117647058823,-0.03253049734125743,-1.4246575342465753,0.7534246575342466,4.739726027397261,8.218181818181819,0.7228260869565217,15.647058823529411,3.6654135338345863,0.14285714285714285,0.7446808510638298,0.8461538461538461,0.04285714285714286,5,5,0.0,,,0,346,975,0
00-0040124,Tetairoa McMillan,2025,CAR,WR,,17,0.8733333333333334,,0.25416666666666665,7.176470588235294,0.4326480515495551,11.557377049180328,0.5737704918032787,8.311475409836065,3.842857142857143,0.0,0.0,,0.18518518518518517,,,0.07407407407407407,0,7,0.0,,,0,1014,0,0
00-0040126,Colston Loveland,2025,CHI,TE,,16,0.6544444444444444,,0.16532258064516128,5.125,0.17280518878851053,9.097560975609756,0.7073170731707317,8.695121951219512,4.310344827586207,0.0020876826722338203,0.0625,-2.0,0.2054794520547945,0.011235955056179775,0.0,0.0958904109589041,0,6,0.0,,,0,713,-2,0
00-0040128,Tyler Warren,2025,IND,TE,,17,0.8382352941176471,,0.21172022684310018,6.588235294117647,0.1408846243856775,5.375,0.6785714285714286,7.294642857142857,6.2368421052631575,0.013605442176870748,0.35294117647058826,1.3333333333333333,0.25274725274725274,0.038834951456310676,0.08333333333333333,0.14285714285714285,1,4,0.0018315018315018315,0.0,0.0,0,817,8,0
00-0040129,Emeka Egbuka,2025,TB,WR,,17,0.776470588235294,,0.2351851851851852,7.470588235294118,0.3625461254612546,12.377952755905511,0.49606299212598426,7.3858267716535435,5.317460317460317,0.00423728813559322,0.11764705882352941,4.5,0.18072289156626506,0.015151515151515152,0.045454545454545456,0.060240963855421686,0,6,0.0,,,0,938,9,0
00-0040130,Jayden Higgins,2025,HOU,WR,,17,0.5826315789473684,,0.12296564195298372,4.0,0.1825897714907508,12.338235294117647,0.6029411764705882,7.720588235294118,3.0,0.0,0.0,,0.1,,,0.044444444444444446,0,6,0.0,,,0,525,0,0
00-0040131,Kyle Williams,2025,NE,WR,,14,0.3038095238095238,,0.051470588235294115,1.5,0.10384215991692627,19.047619047619047,0.47619047619047616,9.952380952380953,7.9,0.004901960784313725,0.14285714285714285,1.5,0.0,0.0,0.0,0.0,0,3,0.0,,,0,209,3,0
00-0040134,Pat Bryant,2025,DEN,WR,,13,0.43235294117647055,,0.10792951541850221,3.769230769230769,0.12076583210603829,8.36734693877551,0.6326530612244898,7.714285714285714,4.741935483870968,0.0,0.0,,0.10126582278481013,,,0.05063291139240506,0,1,0.0,,,0,378,0,0
00-0040138,Jaylin Noel,2025,HOU,WR,,17,0.24157894736842103,,0.06329113924050633,2.0588235294117645,0.07116430903155604,9.342857142857143,0.7428571428571429,8.342857142857143,3.8076923076923075,0.01263157894736842,0.35294117647058826,2.0,0.05555555555555555,0.02631578947368421,0.0,0.03333333333333333,0,2,0.0,,,0,292,12,0
00-0040142,Kaleb Johnson,2025,PIT,RB,,10,0.091,,0.007017543859649123,0.2,-0.005198180636777128,-4.0,0.5,4.5,14.0,0.1206896551724138,2.8,2.4642857142857144,0.0,0.0851063829787234,0.0,0.0,0,0,0.0,,,0,9,69,0
00-0040154,Tai Felton,2025,MIN,WR,,12,0.04411764705882353,,0.008875739644970414,0.25,0.004230769230769231,3.6666666666666665,1.0,8.333333333333334,4.666666666666667,0.0,0.0,,0.0,,,0.0,0,0,0.0,,,0,25,0,0
00-0040162,Dylan Sampson,2025,CLE,RB,,15,0.26466666666666666,,0.08639308855291576,2.6666666666666665,-0.019024240564590365,-1.55,0.825,6.775,9.636363636363637,0.17379679144385027,4.333333333333333,2.6923076923076925,0.10526315789473684,0.1320754716981132,0.0,0.03508771929824561,0,2,0.0,,,0,271,175,0
00-0040164,Jaylin Lane,2025,WAS,WR,,15,0.362,,0.08163265306122448,2.1333333333333333,0.12277170787809086,13.34375,0.5,7.03125,2.4375,0.00234192037470726,0.06666666666666667,7.0,0.034482758620689655,0.0,0.0,0.0,0,0,0.0,,,0,225,7,0
00-0040170,Elic Ayomanor,2025,TEN,WR,,16,0.805625,,0.18126272912423624,5.5625,0.3020386266094421,12.651685393258427,0.4606741573033708,5.786516853932584,2.8048780487804876,0.0,0.0,,0.1509433962264151,,,0.11320754716981132,0,4,0.0,,,0,515,0,0
00-0040172,Jordan Watkins,2025,SF,WR,,2,0.1025,,0.05555555555555555,1.5,0.09227467811158799,14.333333333333334,0.6666666666666666,8.666666666666666,0.5,0.0,0.0,,0.0,,,0.0,0,0,0.0,,,0,26,0,0
00-0040179,DJ Giddens,2025,IND,RB,,5,0.12000000000000001,,0.013333333333333334,0.4,-0.00473186119873817,-3.0,0.0,0.0,,0.16993464052287582,5.2,3.6923076923076925,0.030303030303030304,0.10869565217391304,0.05555555555555555,0.030303030303030304,0,0,0.0,,,0,0,96,0
00-0040184,KeAndre Lambert-Smith,2025,LAC,WR,,10,0.188,,0.0380952380952381,1.2,0.08206923376118241,17.583333333333332,0.4166666666666667,4.25,4.2,0.0,0.0,,0.041666666666666664,,,0.0,0,1,0.0,,,0,51,0,0
00-0040187,Mitchell Evans,2025,CAR,TE,,14,0.3788888888888889,,0.06188118811881188,1.7857142857142858,0.033542204201990417,3.64,0.76,6.84,5.684210526315789,0.0026666666666666666,0.07142857142857142,1.0,0.058823529411764705,0.0,0.0,0.04411764705882353,0,2,0.0,,,0,171,1,0
00-0040189,Oronde Gadsden II,2025,LAC,TE,,15,0.615,,0.14435146443514643,4.6,0.16352201257861634,9.043478260869565,0.7101449275362319,9.623188405797102,4.510204081632653,0.0,0.0,,0.1744186046511628,,,0.05813953488372093,0,3,0.0,,,0,664,0,0
00-0040194,Jackson Hawes,2025,BUF,TE,,13,0.4278947368421053,,0.05277777777777778,1.4615384615384615,0.05855096882898062,7.315789473684211,0.8421052631578947,9.842105263157896,5.6875,0.0,0.0,,0.0410958904109589,,,0.0273972602739726,0,3,0.0,,,0,187,0,0
00-0040198,Ollie Gordon II,2025,MIA,RB,,17,0.22411764705882353,,0.01948051948051948,0.5294117647058824,-0.007575757575757576,-2.7777777777777777,0.7777777777777778,3.5555555555555554,8.142857142857142,0.16203703703703703,4.117647058823529,2.842857142857143,0.0273972602739726,0.2714285714285714,0.375,0.0,3,1,0.0,,,0,32,199,0
00-0040202,Devin Neal,2025,NO,RB,,9,0.4,,0.06333333333333334,2.111111111111111,-0.01499605367008682,-2.0,0.8947368421052632,5.473684210526316,8.117647058823529,0.2626728110599078,6.333333333333333,3.6140350877192984,0.037037037037037035,0.14705882352941177,0.2,0.0,2,0,0.0,,,0,104,206,0
00-0040205,Kalel Mullings,2025,TEN,RB,,4,0.021111111111111115,,0.0,0.0,0.0,,,,,0.02727272727272727,0.75,2.3333333333333335,,0.0,0.0,,0,0,0.0,,,0,0,7,0
00-0040206,Riley Leonard,2025,IND,QB,,5,0.394,,0.0,0.0,0.0,,,,,0.05263157894736842,1.2,4.5,,0.08333333333333333,0.125,,2,0,0.39880952380952384,6.1940298507462686,0.028985507246376812,2,-3,27,415
00-0040208,Tahj Brooks,2025,CIN,RB,,12,0.045,,0.004889975550122249,0.16666666666666666,-0.0016265452179570592,-2.5,0.5,4.5,11.0,0.058823529411764705,1.3333333333333333,2.8125,0.0,0.0,0.0,0.0,0,0,0.0,,,0,9,45,0
00-0040218,Jimmy Horn Jr.,2025,CAR,WR,,10,0.1985714285714286,,0.06,1.5,0.051194539249146756,6.0,0.7333333333333333,7.2,6.454545454545454,0.02952029520295203,0.8,8.625,0.075,0.0,0.0,0.0,0,0,0.0,,,0,108,69,0
00-0040225,Thomas Fidone II,2025,NYG,TE,,1,0.032857142857142856,,0.0,0.0,0.0,,,,,0.0,0.0,,,,,,0,0,0.0,,,0,0,0,0
00-0040234,Quinn Ewers,2025,MIA,QB,,4,0.79,,0.009523809523809525,0.25,-0.007202881152460984,-6.0,1.0,-6.0,0.0,0.0761904761904762,2.0,2.375,0.08333333333333333,0.0,0.0,0.08333333333333333,0,0,0.7685185185185185,7.493975903614458,0.08791208791208792,3,-6,19,622
00-0040236,Kyle Monangai,2025,CHI,RB,,17,0.4094736842105263,,0.05639097744360902,1.7647058823529411,0.0004409171075837742,0.06666666666666667,0.6,5.466666666666667,9.0,0.3346534653465347,9.941176470588236,4.633136094674557,0.036585365853658534,0.3877551020408163,0.42857142857142855,0.012195121951219513,5,0,0.0,,,0,164,783,0
00-0040237,Tez Johnson,2025,TB,WR,,15,0.470625,,0.09243697478991597,2.933333333333333,0.13399117112438327,11.727272727272727,0.6363636363636364,7.318181818181818,3.9285714285714284,0.017369727047146403,0.4666666666666667,3.142857142857143,0.0945945945945946,0.03389830508474576,0.0,0.013513513513513514,0,5,0.0,,,0,322,22,0
00-0040238,LeQuint Allen Jr.,2025,JAX,RB,,16,0.22444444444444445,,0.02335456475583864,0.6875,-0.003551977267345489,-1.3636363636363635,0.9090909090909091,4.909090909090909,6.1,0.04956896551724138,1.4375,4.086956521739131,0.022727272727272728,0.03636363636363636,0.03125,0.0,0,0,0.0,,,0,54,94,0
00-0040241,Dominic Lovett,2025,DET,WR,,2,0.018333333333333333,,0.0,0.0,0.0,,,,,0.0,0.0,,,,,,0,0,0.0,,,0,0,0,0
00-0040242,Jacory Croskey-Merritt,2025,WAS,RB,,17,0.3947058823529412,,0.03009259259259259,0.7647058823529411,-0.005066666666666666,-1.4615384615384615,0.6923076923076923,5.230769230769231,8.555555555555555,0.3615702479338843,10.294117647058824,4.6,0.015625,0.3404255319148936,0.35135135135135137,0.0,8,0,0.0,,,0,68,805,0
00-0040244,Moliki Matavao,2025,NO,TE,,1,0.21333333333333335,,0.07407407407407407,2.0,0.01773049645390071,2.5,1.0,5.0,2.5,0.0,0.0,,0.0,,,0.0,0,0,0.0,,,0,10,0,0
00-0040259,Gage Larvadain,2025,CLE,WR,,13,0.2361538461538462,,0.03763440860215054,1.0769230769230769,0.05016051364365971,8.928571428571429,0.5,5.071428571428571,4.0,0.00303951367781155,0.07692307692307693,3.0,0.0196078431372549,0.0,0.0,0.0196078431372549,0,0,0.0,,,0,71,3,0
00-0040277,Jahdae Walker,2025,CHI,WR,,6,0.15111111111111108,,0.04950495049504951,1.6666666666666667,0.08317338451695458,13.0,0.6,8.7,1.3333333333333333,0.0,0.0,,0.05555555555555555,,,0.05555555555555555,0,2,0.0,,,0,87,0,0
00-0040311,Theo Wease Jr.,2025,MIA,WR,,3,0.3233333333333333,,0.13333333333333333,3.3333333333333335,0.22607260726072606,13.7,0.6,13.9,10.5,0.0,0.0,,0.09090909090909091,,,0.0,0,1,0.0,,,0,139,0,0
00-0040317,Jacoby Jones,2025,WAS,WR,,1,0.16,,0.034482758620689655,1.0,0.0136986301369863,3.0,1.0,25.0,22.0,0.0,0.0,,0.0,,,0.0,0,0,0.0,,,0,25,0,0
00-0040352,Coleman Owen,2025,IND,WR,,2,0.01,,0.016129032258064516,0.5,0.004219409282700422,2.0,0.0,0.0,,0.0,0.0,,0.0,,,0.0,0,0,0.0,,,0,0,0,0
00-0040363,Keleki Latu,2025,BUF,TE,,3,0.23399999999999999,,0.04395604395604396,1.3333333333333333,0.015463917525773196,3.0,1.0,8.75,5.75,0.0,0.0,,0.0,,,0.0,0,0,0.0,,,0,35,0,0
00-0040388,Jakobie Keeney-James,2025,GB,WR,,1,0.94,,0.2,2.0,0.6,7.5,1.0,7.5,0.0,0.0,0.0,,0.0,,,0.0,0,0,0.0,,,0,15,0,0
00-0040398,Brady Cook,2025,NYJ,QB,,5,0.9800000000000001,,0.0,0.0,0.0,,,,,0.10833333333333334,2.6,3.769230769230769,,0.0,0.0,,0,0,0.9745222929936306,4.830065359477124,0.11046511627906977,2,0,49,739
00-0040406,Quentin Skinner,2025,NYJ,WR,,1,0.33,,0.045454545454545456,1.0,0.0547945205479452,4.0,1.0,10.0,6.0,0.0,0.0,,0.5,,,0.5,0,0,0.0,,,0,10,0,0
00-0040429,Josh Williams,2025,TB,RB,,2,0.043333333333333335,,0.0,0.0,0.0,,,,,0.07547169811320754,2.0,2.75,,0.0,0.0,,0,0,0.0,,,0,0,11,0
00-0040431,Dalen Cambre,2025,NYG,WR,,3,0.032857142857142856,,0.0,0.0,0.0,,,,,0.0,0.0,,,,,,0,0,0.0,,,0,0,0,0
00-0040432,Beaux Collins,2025,NYG,WR,,4,0.13777777777777778,,0.04477611940298507,1.5,0.05148095909732017,12.166666666666666,0.3333333333333333,4.166666666666667,3.0,0.0,0.0,,0.043478260869565216,,,0.043478260869565216,0,0,0.0,,,0,25,0,0
00-0040466,Raheim Sanders,2025,CLE,RB,,4,0.2575,,0.035398230088495575,1.0,0.020833333333333332,3.5,0.75,5.25,4.666666666666667,0.25961538461538464,6.75,3.4074074074074074,0.0,0.3888888888888889,0.5,0.0,1,0,0.0,,,0,21,92,0
00-0040476,Ulysses Bentley IV,2025,IND,RB,,1,0.03,,0.0,0.0,0.0,,,,,0.025,1.0,0.0,,0.0,0.0,,0,0,0.0,,,0,0,0,0
00-0040488,Carter Runyon,2025,LV,TE,,3,0.062307692307692314,,0.01282051282051282,0.3333333333333333,-0.006493506493506494,-3.0,1.0,3.0,6.0,0.0,0.0,,0.0,,,0.0,0,0,0.0,,,0,3,0,0
00-0040494,Max Brosmer,2025,MIN,QB,,7,0.4542857142857143,,0.0,0.0,0.0,,,,,0.04093567251461988,1.0,1.5714285714285714,,0.0,0.0,,0,0,0.3736842105263158,4.619718309859155,0.16470588235294117,0,0,11,328
00-0040506,Myles Price,2025,MIN,WR,,16,0.018125000000000002,,0.0,0.0,0.0,,,,,0.0,0.0,,,,,,0,0,0.0,,,0,0,0,0
00-0040509,Ben Yurosek,2025,MIN,TE,,6,0.16583333333333333,,0.01775147928994083,0.5,0.007570543702684102,3.6666666666666665,0.6666666666666666,4.666666666666667,4.5,0.0,0.0,,0.0,,,0.0,0,0,0.0,,,0,14,0,0
00-0040522,Xavier Restrepo,2025,TEN,WR,,2,0.22,,0.0958904109589041,3.5,0.17906976744186046,11.0,0.42857142857142855,5.857142857142857,3.0,0.0,0.0,,0.125,,,0.0,0,0,0.0,,,0,41,0,0
00-0040534,Ke'Shawn Williams,2025,CIN,WR,,11,0.035454545454545454,,0.0029498525073746312,0.09090909090909091,0.002326663564448581,5.0,1.0,5.0,0.0,0.007326007326007326,0.18181818181818182,5.0,0.0,0.0,0.0,0.0,0,0,0.0,,,0,5,10,0
00-0040547,Nate Carter,2025,ATL,RB,,2,,,0.0,0.0,0.0,,,,,0.225,4.5,6.666666666666667,,0.0,,,0,0,0.0,,,0,0,60,0
00-0040556,Corey Kiner,2025,ARI,RB,,4,0.1325,,0.023076923076923078,0.75,0.011011011011011011,3.6666666666666665,0.6666666666666666,5.0,3.0,0.16666666666666666,3.0,4.833333333333333,0.05,0.6666666666666666,0.0,0.0,0,0,0.0,,,0,15,58,0
00-0040563,Efton Chism III,2025,NE,WR,,8,0.199,,0.014084507042253521,0.375,0.016233766233766232,11.666666666666666,1.0,25.0,13.333333333333334,0.0,0.0,,0.025,,,0.025,0,1,0.0,,,0,75,0,0
00-0040581,Dont'e Thornton Jr.,2025,LV,WR,,11,0.4533333333333333,,0.09404388714733543,2.727272727272727,0.22529465095194923,16.566666666666666,0.3333333333333333,4.5,3.8,0.0,0.0,,0.05,,,0.0,0,0,0.0,,,0,135,0,0
00-0040582,Arian Smith,2025,NYJ,WR,,13,0.3825,,0.04507042253521127,1.2307692307692308,0.09498680738786279,13.5,0.4375,3.25,4.714285714285714,0.011267605633802818,0.3076923076923077,3.25,0.0,0.0,0.0,0.0,0,0,0.0,,,0,52,13,0
00-0040583,Woody Marks,2025,HOU,RB,,16,0.535,,0.06936416184971098,2.25,0.017911142126075832,2.138888888888889,0.6666666666666666,5.777777777777778,9.291666666666666,0.4365256124721604,12.25,3.586734693877551,0.0898876404494382,0.4342105263157895,0.36,0.033707865168539325,2,3,0.0,,,0,208,703,0
00-0040584,Gunnar Helm,2025,TEN,TE,,16,0.525625,,0.11088709677419355,3.4375,0.07984189723320158,5.509090909090909,0.8,6.490909090909091,3.6136363636363638,0.0,0.0,,0.13793103448275862,,,0.05172413793103448,0,2,0.0,,,0,357,0,0
00-0040586,Jaydon Blue,2025,DAL,RB,,5,0.256,,0.006666666666666667,0.2,-0.00484027105517909,-5.0,1.0,5.0,10.0,0.2714285714285714,7.6,3.3947368421052633,0.0,0.25,0.1,0.0,1,0,0.0,,,0,5,129,0
00-0040590,Konata Mumpfield,2025,LA,WR,,10,0.315,,0.06686046511627906,2.3,0.08934500452761847,12.869565217391305,0.43478260869565216,4.0,2.5,0.0,0.0,,0.06060606060606061,,,0.015151515151515152,0,1,0.0,,,0,92,0,0
00-0040628,Drake Dabney,2025,GB,TE,,1,0.515,,0.2,2.0,0.4,5.0,0.5,1.5,0.0,0.0,0.0,,1.0,,,1.0,0,0,0.0,,,0,3,0,0
00-0040629,Dalevon Campbell,2025,CAR,WR,,1,0.065,,0.0,0.0,0.0,,,,,0.0,0.0,,,,,,0,0,0.0,,,0,0,0,0
00-0040644,Trevor Etienne,2025,CAR,RB,,17,0.055,,0.00625,0.17647058823529413,0.000613685179502915,0.6666666666666666,1.0,4.333333333333333,3.6666666666666665,0.04338394793926247,1.1764705882352942,4.7,0.0,0.058823529411764705,0.07142857142857142,0.0,0,0,0.0,,,0,13,94,0
00-0040646,Jalen Royals,2025,KC,WR,,2,0.19,,0.046153846153846156,1.5,0.047516198704103674,7.333333333333333,0.6666666666666666,1.3333333333333333,2.0,0.0,0.0,,0.0,,,0.0,0,0,0.0,,,0,4,0,0
00-0040648,Tory Horton,2025,SEA,WR,,8,0.48125,,0.10628019323671498,2.75,0.17371134020618556,15.318181818181818,0.5909090909090909,7.318181818181818,2.5384615384615383,0.0,0.0,,0.14814814814814814,,,0.1111111111111111,0,5,0.0,,,0,161,0,0
00-0040649,Robbie Ouzts,2025,SEA,RB,,4,0.2676923076923077,,0.0,0.0,0.0,,,,,0.0,0.0,,,,,,0,0,0.0,,,0,0,0,0
00-0040663,Harold Fannin Jr.,2025,CLE,TE,,16,0.759375,,0.214,6.6875,0.19005589879376286,6.037383177570093,0.6728971962616822,6.831775700934579,4.888888888888889,0.017632241813602016,0.4375,1.8571428571428572,0.16666666666666666,0.03333333333333333,0.041666666666666664,0.06060606060606061,1,6,0.0,,,0,731,13,0
00-0040666,Omarion Hampton,2025,LAC,RB,,9,0.5740000000000001,,0.125,3.888888888888889,-0.02324580284115368,-1.542857142857143,0.9142857142857143,5.485714285714286,7.65625,0.5145228215767634,13.777777777777779,4.395161290322581,0.047619047619047616,0.7222222222222222,0.7272727272727273,0.023809523809523808,4,1,0.0,,,0,192,545,0
00-0040667,Matthew Golden,2025,GB,WR,,14,0.5293333333333333,,0.11671087533156499,3.142857142857143,0.16834400731930466,12.545454545454545,0.6590909090909091,8.204545454545455,3.4827586206896552,0.02544529262086514,0.7142857142857143,4.9,0.029411764705882353,0.024390243902439025,0.0,0.0,0,0,0.0,,,0,361,49,0
00-0040668,Shedeur Sanders,2025,CLE,QB,,8,0.91625,,0.0,0.0,0.0,,,,,0.10552763819095477,2.625,8.047619047619047,,0.07692307692307693,0.1,,1,0,0.9506726457399103,6.60377358490566,0.09787234042553192,7,0,169,1400
00-0040669,Isaac TeSlaa,2025,DET,WR,,14,0.39647058823529413,,0.05844155844155844,1.9285714285714286,0.11713810316139767,13.037037037037036,0.5925925925925926,8.851851851851851,3.4375,0.0,0.0,,0.12359550561797752,,,0.033707865168539325,0,6,0.0,,,0,239,0,0
00-0040673,Jalen Milroe,2025,SEA,QB,,3,0.02,,0.0,0.0,0.0,,,,,0.0379746835443038,1.0,1.3333333333333333,,0.0,0.0,,0,0,0.0,,,0,0,4,0
00-0040676,Cam Ward,2025,TEN,QB,,17,0.9464705882352941,,0.0,0.0,0.0,,,,,0.10317460317460317,2.2941176470588234,4.076923076923077,,0.16666666666666666,0.09090909090909091,,2,0,0.9473684210526315,5.868518518518519,0.09243697478991597,15,0,159,3169
00-0040691,Jaxson Dart,2025,NYG,QB,,14,0.8364285714285714,,0.0,0.0,0.0,,,,,0.2097560975609756,6.142857142857143,5.662790697674419,,0.2857142857142857,0.3181818181818182,,9,0,0.8014184397163121,6.702064896755163,0.09358288770053476,15,0,487,2272
00-0040704,Dillon Gabriel,2025,CLE,QB,,10,0.562,,0.0,0.0,0.0,,,,,0.05263157894736842,1.4,6.142857142857143,,0.05128205128205128,0.0,,0,0,0.5538922155688623,5.064864864864865,0.09313725490196079,7,0,86,937
00-0040705,Chimere Dike,2025,TEN,WR,,17,0.5929411764705882,,0.13988657844990549,4.352941176470588,0.15272819989801123,8.094594594594595,0.6486486486486487,5.716216216216216,4.583333333333333,0.0291005291005291,0.6470588235294118,1.6363636363636365,0.23728813559322035,0.047619047619047616,0.18181818181818182,0.0847457627118644,0,4,0.0,,,0,423,18,0
00-0040715,Cam Skattebo,2025,NYG,RB,,8,0.5225,,0.1322314049586777,4.0,-0.0022482014388489208,-0.15625,0.75,6.46875,8.708333333333334,0.43162393162393164,12.625,4.0594059405940595,0.09090909090909091,0.5333333333333333,0.7142857142857143,0.022727272727272728,5,2,0.0,,,0,207,410,0
00-0040719,Bhayshul Tuten,2025,JAX,RB,,15,0.21625,,0.03255813953488372,0.9333333333333333,0.002052334530528476,0.5714285714285714,0.7142857142857143,5.642857142857143,8.0,0.19212962962962962,5.533333333333333,3.6987951807228914,0.025,0.24074074074074073,0.26666666666666666,0.0125,5,2,0.0,,,0,79,307,0
00-0040727,Tre Harris,2025,LAC,WR,,16,0.49,,0.08481262327416174,2.6875,0.09309941520467836,9.255813953488373,0.6976744186046512,7.534883720930233,4.633333333333334,0.004555808656036446,0.125,5.0,0.056818181818181816,0.014492753623188406,0.0,0.011363636363636364,0,1,0.0,,,0,324,10,0
00-0040729,Jack Bech,2025,LV,WR,,14,0.3975,,0.07631578947368421,2.0714285714285716,0.10062893081761007,8.275862068965518,0.6896551724137931,7.724137931034483,3.4,0.0,0.0,,0.07142857142857142,,,0.017857142857142856,0,0,0.0,,,0,224,0,0
00-0040730,RJ Harvey,2025,DEN,RB,,17,0.43736842105263163,,0.09948542024013722,3.411764705882353,0.0063941539164192734,0.4827586206896552,0.8103448275862069,6.137931034482759,7.659574468085107,0.3201754385964912,8.588235294117647,3.6986301369863015,0.11458333333333333,0.3918918918918919,0.47619047619047616,0.0625,7,5,0.0016313213703099511,0.0,0.0,0,356,540,0
00-0040734,TreVeyon Henderson,2025,NE,RB,,17,0.43047619047619046,,0.08713692946058091,2.4705882352941178,-0.000223463687150838,-0.023809523809523808,0.8333333333333334,5.261904761904762,6.9714285714285715,0.3643724696356275,10.588235294117647,5.061111111111111,0.04819277108433735,0.3956043956043956,0.27586206896551724,0.03614457831325301,9,1,0.0,,,0,221,911,0
00-0040735,Luther Burden III,2025,CHI,WR,,15,0.4182352941176471,,0.1279317697228145,4.0,0.11520160280490858,7.666666666666667,0.7833333333333333,10.866666666666667,7.1063829787234045,0.013574660633484163,0.4,6.166666666666667,0.05714285714285714,0.0,0.0,0.0,0,2,0.0,,,0,652,37,0
00-0040736,Mason Taylor,2025,NYJ,TE,,13,0.8107692307692307,,0.1846590909090909,5.0,0.14247720364741642,5.769230769230769,0.676923076923077,5.676923076923077,3.022727272727273,0.0,0.0,,0.17647058823529413,,,0.0784313725490196,0,1,0.0,,,0,369,0,0
00-0040737,Terrance Ferguson,2025,LA,TE,,11,0.37625,,0.06510416666666667,2.272727272727273,0.12151238591916558,18.64,0.44,9.24,3.6363636363636362,0.003278688524590164,0.09090909090909091,0.0,0.038461538461538464,0.017543859649122806,0.0,0.02564102564102564,0,3,0.0,,,0,231,0,0
00-0040739,Elijah Arroyo,2025,SEA,TE,,13,0.38571428571428573,,0.07669616519174041,2.0,0.07409902324014819,8.461538461538462,0.5769230769230769,6.884615384615385,5.2,0.0,0.0,,0.09803921568627451,,,0.058823529411764705,0,1,0.0,,,0,179,0,0
00-0040743,Tyler Shough,2025,NO,QB,,11,0.8345454545454545,,0.0,0.0,0.0,,,,,0.16129032258064516,4.090909090909091,4.133333333333334,,0.28205128205128205,0.38461538461538464,,3,0,0.8320610687022901,7.290519877675841,0.08659217877094973,10,0,186,2384
00-0040782,Isaiah Bond,2025,CLE,WR,,15,0.48062499999999997,,0.09341825902335456,2.933333333333333,0.22730024213075062,17.068181818181817,0.4090909090909091,7.681818181818182,4.388888888888889,0.014044943820224719,0.3333333333333333,5.8,0.06349206349206349,0.0,0.0,0.047619047619047616,0,0,0.0,,,0,338,29,0
00-0040784,Quinshon Judkins,2025,CLE,RB,,14,0.505,,0.08275862068965517,2.5714285714285716,-0.005053908355795148,-0.4166666666666667,0.7222222222222222,4.75,7.461538461538462,0.6609195402298851,16.428571428571427,3.5956521739130434,0.016666666666666666,0.6470588235294118,0.6,0.0,7,0,0.0,,,0,171,827,0
